Name,AddressLine1,TownCity,Postcode,AskingPrice
5 Bedroom House Colchester,28 Church Road,Colchester,CO6 7AB,1230000
4 Bedroom Bungalow London,296 Mill Lane,London,E2 4AB,885000
2 Bedroom Bungalow Colchester,183 Mill Lane,Colchester,CO7 2AB,155000
3 Bedroom Apartment Cambridge,102 Queen Street,Cambridge,CB6 7AB,1075000
3 Bedroom Apartment Norwich,117 Church Road,Norwich,NR3 6AB,1085000
5 Bedroom Apartment London,60 Station Road,London,E2 1AB,190000
3 Bedroom Cottage Cambridge,291 London Road,Cambridge,CB7 2AB,270000
1 Bedroom Bungalow Cambridge,298 Church Road,Cambridge,CB5 2AB,485000
4 Bedroom House Norwich,131 Church Road,Norwich,NR5 9AB,1045000
4 Bedroom Cottage Cambridge,230 Park Road,Cambridge,CB8 9AB,455000
6 Bedroom House Ipswich,189 King Street,Ipswich,IP2 8AB,285000
1 Bedroom Cottage Norwich,100 Springfield Road,Norwich,NR8 8AB,575000
2 Bedroom Apartment Chelmsford,62 High Street,Chelmsford,CM4 1AB,690000
3 Bedroom Bungalow London,29 Springfield Road,London,E5 4AB,195000
6 Bedroom Apartment Chelmsford,237 Mill Lane,Chelmsford,CM1 4AB,1180000
4 Bedroom Bungalow Norwich,62 Church Road,Norwich,NR1 8AB,1350000
6 Bedroom Apartment London,247 Mill Lane,London,E9 9AB,845000
3 Bedroom Apartment Cambridge,46 Park Road,Cambridge,CB7 4AB,250000
1 Bedroom Cottage Ipswich,29 London Road,Ipswich,IP2 7AB,295000
5 Bedroom House Colchester,125 Queen Street,Colchester,CO2 7AB,575000
6 Bedroom Cottage London,281 Victoria Road,London,E9 5AB,895000
1 Bedroom Bungalow Norwich,152 Station Road,Norwich,NR5 8AB,490000
5 Bedroom House Ipswich,240 Queen Street,Ipswich,IP4 6AB,205000
5 Bedroom Bungalow Norwich,194 Station Road,Norwich,NR3 6AB,1085000
5 Bedroom Cottage Norwich,173 Church Road,Norwich,NR2 1AB,925000
6 Bedroom Apartment Colchester,273 King Street,Colchester,CO8 7AB,445000
2 Bedroom Bungalow Colchester,44 Church Road,Colchester,CO9 2AB,560000
5 Bedroom House Ipswich,282 High Street,Ipswich,IP8 2AB,975000
1 Bedroom House Ipswich,213 Mill Lane,Ipswich,IP3 1AB,1395000
1 Bedroom Apartment Cambridge,239 London Road,Cambridge,CB5 5AB,470000
5 Bedroom Cottage Ipswich,81 High Street,Ipswich,IP2 7AB,175000
1 Bedroom House Colchester,35 Mill Lane,Colchester,CO3 4AB,1090000
3 Bedroom Apartment Chelmsford,65 London Road,Chelmsford,CM5 7AB,370000
2 Bedroom Apartment Cambridge,259 High Street,Cambridge,CB2 8AB,725000
2 Bedroom Bungalow Chelmsford,51 Mill Lane,Chelmsford,CM3 6AB,785000
5 Bedroom Bungalow Chelmsford,58 Church Road,Chelmsford,CM3 1AB,1265000
2 Bedroom House Cambridge,18 King Street,Cambridge,CB9 7AB,275000
2 Bedroom Bungalow Cambridge,107 Church Road,Cambridge,CB1 6AB,1035000
1 Bedroom Cottage Chelmsford,134 Mill Lane,Chelmsford,CM5 2AB,385000
4 Bedroom Apartment Colchester,45 Park Road,Colchester,CO1 6AB,705000
6 Bedroom House London,79 Queen Street,London,E2 3AB,210000
3 Bedroom Bungalow Cambridge,231 Church Road,Cambridge,CB1 4AB,305000
4 Bedroom Bungalow London,123 Springfield Road,London,E3 1AB,1370000
2 Bedroom Apartment London,107 Victoria Road,London,E2 4AB,1155000
5 Bedroom Bungalow London,24 Mill Lane,London,E4 7AB,1130000
5 Bedroom Cottage Colchester,49 Church Road,Colchester,CO3 2AB,330000
3 Bedroom Apartment London,175 London Road,London,E7 4AB,1000000
2 Bedroom House Colchester,290 High Street,Colchester,CO7 7AB,430000
3 Bedroom House Colchester,108 Mill Lane,Colchester,CO6 2AB,1095000
4 Bedroom Bungalow Cambridge,26 Station Road,Cambridge,CB2 6AB,1435000
4 Bedroom House Colchester,149 Victoria Road,Colchester,CO7 9AB,995000
5 Bedroom House Ipswich,173 Springfield Road,Ipswich,IP1 5AB,1425000
4 Bedroom Cottage London,212 Springfield Road,London,E2 6AB,1160000
2 Bedroom House Cambridge,33 Victoria Road,Cambridge,CB8 2AB,1390000
3 Bedroom Bungalow Ipswich,215 High Street,Ipswich,IP7 4AB,610000
6 Bedroom Cottage Colchester,172 Queen Street,Colchester,CO2 4AB,1460000
5 Bedroom Bungalow Colchester,109 Springfield Road,Colchester,CO7 2AB,175000
3 Bedroom House Chelmsford,160 Church Road,Chelmsford,CM3 2AB,1210000
6 Bedroom Apartment Ipswich,57 Victoria Road,Ipswich,IP9 5AB,855000
6 Bedroom Cottage Norwich,60 King Street,Norwich,NR4 2AB,615000
3 Bedroom Cottage Colchester,71 King Street,Colchester,CO6 4AB,975000
4 Bedroom Apartment London,89 Springfield Road,London,E7 3AB,1300000
6 Bedroom House Cambridge,54 High Street,Cambridge,CB6 6AB,590000
5 Bedroom House Cambridge,86 Station Road,Cambridge,CB5 4AB,180000
1 Bedroom Apartment London,235 King Street,London,E4 2AB,1275000
4 Bedroom Apartment London,118 Mill Lane,London,E3 3AB,640000
2 Bedroom Bungalow London,28 High Street,London,E2 9AB,445000
1 Bedroom Cottage Chelmsford,84 Springfield Road,Chelmsford,CM3 4AB,285000
1 Bedroom House Colchester,89 Queen Street,Colchester,CO2 4AB,845000
1 Bedroom House London,206 Victoria Road,London,E2 7AB,920000
4 Bedroom Cottage Chelmsford,272 Queen Street,Chelmsford,CM7 2AB,215000
1 Bedroom Bungalow Norwich,107 Mill Lane,Norwich,NR5 8AB,1435000
1 Bedroom Cottage Ipswich,105 High Street,Ipswich,IP1 4AB,1470000
2 Bedroom House Colchester,134 Springfield Road,Colchester,CO6 2AB,335000
6 Bedroom Apartment Cambridge,134 King Street,Cambridge,CB6 1AB,1350000
3 Bedroom Apartment Chelmsford,5 London Road,Chelmsford,CM2 3AB,1495000
4 Bedroom Cottage Chelmsford,85 Church Road,Chelmsford,CM8 3AB,230000
6 Bedroom Apartment Ipswich,7 Springfield Road,Ipswich,IP8 4AB,790000
2 Bedroom Apartment Norwich,158 Queen Street,Norwich,NR2 9AB,600000
2 Bedroom Cottage Ipswich,9 Church Road,Ipswich,IP1 9AB,1320000
4 Bedroom House London,141 Victoria Road,London,E9 5AB,345000
5 Bedroom Apartment London,294 High Street,London,E3 1AB,715000
6 Bedroom Bungalow Ipswich,89 King Street,Ipswich,IP7 9AB,430000
5 Bedroom Bungalow Colchester,14 Church Road,Colchester,CO2 5AB,840000
1 Bedroom Apartment Ipswich,79 King Street,Ipswich,IP8 5AB,555000
2 Bedroom Apartment Chelmsford,12 London Road,Chelmsford,CM2 7AB,645000
6 Bedroom House Colchester,26 High Street,Colchester,CO4 1AB,225000
1 Bedroom Cottage Colchester,252 King Street,Colchester,CO6 7AB,1030000
2 Bedroom House Ipswich,171 Queen Street,Ipswich,IP9 9AB,1290000
3 Bedroom Apartment Colchester,100 London Road,Colchester,CO2 8AB,155000
3 Bedroom Apartment Chelmsford,171 Victoria Road,Chelmsford,CM5 1AB,1035000
1 Bedroom Apartment Chelmsford,101 King Street,Chelmsford,CM2 2AB,1000000
3 Bedroom Bungalow Norwich,51 London Road,Norwich,NR8 1AB,300000
5 Bedroom Bungalow Chelmsford,49 King Street,Chelmsford,CM3 1AB,565000
6 Bedroom House London,127 King Street,London,E2 8AB,1365000
4 Bedroom Apartment Ipswich,137 London Road,Ipswich,IP1 4AB,1315000
4 Bedroom Cottage Ipswich,88 Church Road,Ipswich,IP7 1AB,400000
6 Bedroom Cottage Cambridge,2 Springfield Road,Cambridge,CB3 4AB,405000
2 Bedroom House Norwich,129 Springfield Road,Norwich,NR5 8AB,825000
6 Bedroom Cottage Ipswich,198 Victoria Road,Ipswich,IP5 6AB,675000
5 Bedroom Cottage Norwich,54 King Street,Norwich,NR8 3AB,1140000
6 Bedroom Apartment Ipswich,6 Park Road,Ipswich,IP7 1AB,360000
5 Bedroom Apartment Norwich,150 High Street,Norwich,NR1 5AB,505000
4 Bedroom House Cambridge,86 Springfield Road,Cambridge,CB4 1AB,785000
5 Bedroom Bungalow Ipswich,80 Station Road,Ipswich,IP4 6AB,380000
4 Bedroom Apartment London,204 Queen Street,London,E3 5AB,235000
1 Bedroom House London,293 Queen Street,London,E2 2AB,185000
5 Bedroom Bungalow Cambridge,184 London Road,Cambridge,CB7 8AB,1150000
5 Bedroom Apartment Norwich,169 Springfield Road,Norwich,NR6 5AB,580000
6 Bedroom House Norwich,287 Church Road,Norwich,NR3 1AB,220000
2 Bedroom House London,294 Park Road,London,E1 6AB,405000
6 Bedroom Bungalow Cambridge,170 Mill Lane,Cambridge,CB3 8AB,400000
6 Bedroom Apartment Chelmsford,235 London Road,Chelmsford,CM6 4AB,1035000
1 Bedroom Bungalow Norwich,90 Mill Lane,Norwich,NR8 2AB,505000
5 Bedroom Cottage London,3 Springfield Road,London,E5 3AB,755000
6 Bedroom House Norwich,103 Victoria Road,Norwich,NR3 6AB,1440000
4 Bedroom House London,42 Springfield Road,London,E4 7AB,535000
3 Bedroom Cottage London,270 Church Road,London,E2 2AB,475000
6 Bedroom Bungalow Norwich,160 Park Road,Norwich,NR5 6AB,915000
2 Bedroom Cottage Chelmsford,258 London Road,Chelmsford,CM8 9AB,910000
6 Bedroom House Chelmsford,96 London Road,Chelmsford,CM4 3AB,590000
2 Bedroom Bungalow London,35 London Road,London,E8 8AB,1235000
4 Bedroom Bungalow Cambridge,183 Station Road,Cambridge,CB2 4AB,720000
2 Bedroom Bungalow London,91 Church Road,London,E7 1AB,1325000
4 Bedroom Cottage London,25 King Street,London,E8 3AB,405000
6 Bedroom House Ipswich,259 Park Road,Ipswich,IP2 5AB,605000
6 Bedroom House Chelmsford,77 Queen Street,Chelmsford,CM5 3AB,305000
2 Bedroom Cottage London,227 Queen Street,London,E9 6AB,630000
5 Bedroom Apartment London,168 Church Road,London,E3 9AB,445000
1 Bedroom Apartment Ipswich,194 Park Road,Ipswich,IP7 3AB,895000
1 Bedroom Apartment Norwich,293 Mill Lane,Norwich,NR8 7AB,275000
6 Bedroom Bungalow Norwich,289 Victoria Road,Norwich,NR3 8AB,1345000
1 Bedroom Cottage Colchester,160 London Road,Colchester,CO6 2AB,1315000
1 Bedroom House Cambridge,78 Queen Street,Cambridge,CB5 3AB,1020000
2 Bedroom Apartment Colchester,190 Church Road,Colchester,CO5 1AB,1160000
3 Bedroom Apartment Norwich,106 Victoria Road,Norwich,NR2 9AB,830000
5 Bedroom Bungalow Chelmsford,139 King Street,Chelmsford,CM1 7AB,250000
2 Bedroom Cottage London,232 Springfield Road,London,E9 9AB,580000
2 Bedroom Bungalow Colchester,39 Victoria Road,Colchester,CO1 5AB,1215000
1 Bedroom Bungalow London,110 Victoria Road,London,E4 9AB,825000
5 Bedroom Cottage London,238 High Street,London,E3 7AB,285000
1 Bedroom Bungalow Cambridge,48 High Street,Cambridge,CB3 7AB,1445000
6 Bedroom House Norwich,9 Victoria Road,Norwich,NR1 2AB,1470000
4 Bedroom Apartment Chelmsford,157 Mill Lane,Chelmsford,CM1 5AB,225000
1 Bedroom Bungalow Norwich,169 Church Road,Norwich,NR6 6AB,380000
3 Bedroom House Chelmsford,161 London Road,Chelmsford,CM6 6AB,1210000
6 Bedroom Cottage Ipswich,236 Queen Street,Ipswich,IP2 3AB,1230000
5 Bedroom Cottage Colchester,190 London Road,Colchester,CO9 2AB,1050000
3 Bedroom Apartment Colchester,172 High Street,Colchester,CO1 7AB,985000
3 Bedroom House Ipswich,217 High Street,Ipswich,IP7 2AB,1250000
1 Bedroom Apartment Ipswich,149 London Road,Ipswich,IP3 3AB,195000
3 Bedroom Cottage Cambridge,99 Queen Street,Cambridge,CB1 4AB,390000
5 Bedroom Bungalow Colchester,159 Queen Street,Colchester,CO8 9AB,1180000
4 Bedroom Apartment Ipswich,108 Church Road,Ipswich,IP1 5AB,670000
6 Bedroom Apartment Chelmsford,251 Springfield Road,Chelmsford,CM6 9AB,1475000
6 Bedroom Apartment Cambridge,6 Springfield Road,Cambridge,CB1 5AB,585000
5 Bedroom Bungalow Norwich,59 Station Road,Norwich,NR7 8AB,970000
4 Bedroom Bungalow Cambridge,28 Park Road,Cambridge,CB3 5AB,1130000
3 Bedroom Apartment London,209 Victoria Road,London,E4 6AB,840000
2 Bedroom Apartment Colchester,227 Springfield Road,Colchester,CO9 3AB,1080000
3 Bedroom Apartment Cambridge,282 High Street,Cambridge,CB6 6AB,330000
2 Bedroom Apartment Cambridge,268 King Street,Cambridge,CB2 3AB,1055000
5 Bedroom Apartment Ipswich,218 Church Road,Ipswich,IP8 8AB,1080000
3 Bedroom Bungalow Cambridge,72 Mill Lane,Cambridge,CB4 1AB,1390000
1 Bedroom Apartment Colchester,108 King Street,Colchester,CO4 2AB,1265000
6 Bedroom House Ipswich,195 London Road,Ipswich,IP7 5AB,1370000
2 Bedroom Apartment Ipswich,168 Mill Lane,Ipswich,IP9 1AB,795000
1 Bedroom House Norwich,26 High Street,Norwich,NR2 3AB,515000
1 Bedroom Bungalow London,225 King Street,London,E7 7AB,950000
6 Bedroom Cottage Chelmsford,194 High Street,Chelmsford,CM3 7AB,835000
6 Bedroom House London,102 Queen Street,London,E8 1AB,1215000
6 Bedroom Cottage Colchester,43 High Street,Colchester,CO7 9AB,1175000
2 Bedroom Cottage London,153 Mill Lane,London,E5 2AB,305000
3 Bedroom Cottage Cambridge,291 Queen Street,Cambridge,CB8 8AB,200000
6 Bedroom Apartment Ipswich,132 King Street,Ipswich,IP2 1AB,195000
6 Bedroom Apartment Ipswich,202 Park Road,Ipswich,IP3 5AB,545000
3 Bedroom Bungalow Cambridge,175 London Road,Cambridge,CB7 3AB,1330000
6 Bedroom Bungalow Norwich,29 Church Road,Norwich,NR1 6AB,1410000
4 Bedroom Bungalow Cambridge,264 Mill Lane,Cambridge,CB6 1AB,415000
5 Bedroom Apartment Ipswich,194 Queen Street,Ipswich,IP6 1AB,225000
3 Bedroom Cottage Ipswich,27 King Street,Ipswich,IP6 3AB,1230000
6 Bedroom Bungalow London,46 Springfield Road,London,E3 7AB,1395000
6 Bedroom Cottage Colchester,62 Mill Lane,Colchester,CO6 1AB,1375000
5 Bedroom House Norwich,94 Mill Lane,Norwich,NR7 5AB,305000
2 Bedroom House Cambridge,293 Victoria Road,Cambridge,CB6 3AB,1190000
1 Bedroom Bungalow Colchester,212 Church Road,Colchester,CO2 6AB,900000
2 Bedroom Cottage London,294 Park Road,London,E2 6AB,845000
4 Bedroom Cottage Norwich,41 Station Road,Norwich,NR7 4AB,550000
2 Bedroom Bungalow Colchester,27 High Street,Colchester,CO8 6AB,655000
2 Bedroom Cottage Chelmsford,108 High Street,Chelmsford,CM9 3AB,630000
1 Bedroom Cottage Ipswich,136 Station Road,Ipswich,IP3 1AB,1405000
1 Bedroom Apartment Norwich,129 Queen Street,Norwich,NR5 7AB,355000
6 Bedroom Apartment Cambridge,296 Springfield Road,Cambridge,CB6 1AB,555000
3 Bedroom Apartment Colchester,84 Victoria Road,Colchester,CO8 3AB,1160000
4 Bedroom House Cambridge,84 Park Road,Cambridge,CB1 5AB,1185000
4 Bedroom Apartment Chelmsford,221 Victoria Road,Chelmsford,CM1 4AB,1130000
5 Bedroom Apartment Cambridge,238 Springfield Road,Cambridge,CB6 6AB,1055000
5 Bedroom Apartment Norwich,232 London Road,Norwich,NR4 6AB,520000
6 Bedroom Bungalow Colchester,81 Victoria Road,Colchester,CO2 1AB,680000
1 Bedroom Cottage Norwich,266 King Street,Norwich,NR6 4AB,685000
3 Bedroom House Cambridge,79 Springfield Road,Cambridge,CB5 8AB,730000
6 Bedroom Apartment Ipswich,18 London Road,Ipswich,IP6 4AB,800000
4 Bedroom Apartment Norwich,34 King Street,Norwich,NR6 5AB,770000
2 Bedroom House Cambridge,247 Park Road,Cambridge,CB8 6AB,750000
2 Bedroom Cottage Ipswich,147 Station Road,Ipswich,IP7 3AB,530000
4 Bedroom Cottage London,218 Station Road,London,E3 2AB,715000
1 Bedroom Apartment Norwich,121 Springfield Road,Norwich,NR2 5AB,1275000
2 Bedroom House Colchester,112 King Street,Colchester,CO3 6AB,930000
3 Bedroom Bungalow Chelmsford,254 Springfield Road,Chelmsford,CM4 8AB,160000
2 Bedroom Cottage Ipswich,32 London Road,Ipswich,IP1 5AB,1055000
1 Bedroom Apartment Norwich,194 Mill Lane,Norwich,NR9 4AB,750000
6 Bedroom Bungalow Ipswich,240 Victoria Road,Ipswich,IP2 2AB,320000
1 Bedroom House London,269 Victoria Road,London,E2 8AB,735000
3 Bedroom Cottage Cambridge,253 King Street,Cambridge,CB8 4AB,275000
4 Bedroom House London,162 Park Road,London,E9 4AB,845000
4 Bedroom Bungalow Colchester,167 Station Road,Colchester,CO8 4AB,475000
4 Bedroom Apartment Norwich,83 Park Road,Norwich,NR8 3AB,1135000
5 Bedroom House Ipswich,271 Station Road,Ipswich,IP4 3AB,1020000
5 Bedroom Bungalow Colchester,63 Mill Lane,Colchester,CO9 6AB,1260000
4 Bedroom Bungalow Norwich,181 Station Road,Norwich,NR2 2AB,695000
2 Bedroom Apartment Ipswich,11 Queen Street,Ipswich,IP6 9AB,1335000
6 Bedroom Bungalow Cambridge,271 Church Road,Cambridge,CB9 2AB,245000
3 Bedroom Cottage London,164 High Street,London,E4 9AB,990000
1 Bedroom Bungalow Norwich,200 London Road,Norwich,NR5 7AB,670000
6 Bedroom Bungalow London,87 Mill Lane,London,E5 2AB,1235000
3 Bedroom Apartment Chelmsford,109 London Road,Chelmsford,CM9 3AB,925000
1 Bedroom Bungalow Norwich,252 Mill Lane,Norwich,NR8 6AB,660000
4 Bedroom Bungalow Cambridge,176 Victoria Road,Cambridge,CB9 6AB,1200000
4 Bedroom Apartment Ipswich,125 Mill Lane,Ipswich,IP9 2AB,430000
1 Bedroom Cottage Norwich,64 Victoria Road,Norwich,NR3 2AB,605000
5 Bedroom House Colchester,87 Victoria Road,Colchester,CO4 6AB,1110000
6 Bedroom House London,4 Victoria Road,London,E2 2AB,1465000
3 Bedroom Apartment London,203 Park Road,London,E2 5AB,720000
1 Bedroom House Cambridge,44 Park Road,Cambridge,CB7 4AB,550000
3 Bedroom House Colchester,289 Queen Street,Colchester,CO9 1AB,1475000
3 Bedroom Bungalow London,264 Queen Street,London,E2 5AB,440000
6 Bedroom Bungalow Cambridge,169 Church Road,Cambridge,CB6 3AB,560000
6 Bedroom Bungalow Ipswich,201 Church Road,Ipswich,IP8 1AB,1080000
6 Bedroom Cottage Colchester,177 Mill Lane,Colchester,CO6 6AB,1045000
4 Bedroom Cottage Ipswich,27 London Road,Ipswich,IP1 1AB,1035000
2 Bedroom House Colchester,131 Church Road,Colchester,CO7 8AB,1315000
4 Bedroom Cottage London,150 Station Road,London,E9 3AB,1475000
2 Bedroom Bungalow London,138 Church Road,London,E2 1AB,245000
1 Bedroom Cottage Norwich,117 High Street,Norwich,NR2 3AB,780000
6 Bedroom Bungalow Colchester,298 Queen Street,Colchester,CO1 3AB,1485000
6 Bedroom Apartment Norwich,90 Victoria Road,Norwich,NR3 5AB,420000
6 Bedroom Bungalow Ipswich,260 High Street,Ipswich,IP1 1AB,370000
4 Bedroom House Cambridge,259 Park Road,Cambridge,CB5 7AB,1420000
3 Bedroom House London,235 Queen Street,London,E7 3AB,445000
2 Bedroom Apartment Ipswich,209 Park Road,Ipswich,IP3 9AB,1315000
3 Bedroom Bungalow London,219 Park Road,London,E2 2AB,240000
2 Bedroom House Cambridge,30 Church Road,Cambridge,CB3 2AB,1340000
4 Bedroom House Chelmsford,158 Queen Street,Chelmsford,CM2 2AB,980000
4 Bedroom Cottage Cambridge,226 Park Road,Cambridge,CB4 4AB,285000
6 Bedroom Bungalow Cambridge,206 Queen Street,Cambridge,CB8 3AB,1200000
1 Bedroom Cottage Colchester,9 King Street,Colchester,CO4 2AB,185000
1 Bedroom House Chelmsford,250 King Street,Chelmsford,CM9 3AB,910000
2 Bedroom Cottage Chelmsford,125 High Street,Chelmsford,CM2 1AB,430000
5 Bedroom House Chelmsford,24 Park Road,Chelmsford,CM1 8AB,335000
4 Bedroom Cottage Norwich,25 Queen Street,Norwich,NR4 5AB,635000
1 Bedroom House Colchester,91 Station Road,Colchester,CO8 8AB,1210000
6 Bedroom Apartment London,49 Victoria Road,London,E2 6AB,840000
4 Bedroom House Cambridge,45 Park Road,Cambridge,CB9 6AB,1320000
3 Bedroom Apartment Ipswich,116 Queen Street,Ipswich,IP4 7AB,1330000
3 Bedroom Apartment Chelmsford,39 Church Road,Chelmsford,CM9 4AB,655000
4 Bedroom Bungalow London,47 Park Road,London,E9 7AB,1140000
2 Bedroom Apartment Cambridge,138 Park Road,Cambridge,CB9 9AB,170000
3 Bedroom Apartment Colchester,84 Mill Lane,Colchester,CO4 1AB,300000
5 Bedroom Apartment Colchester,208 Station Road,Colchester,CO3 8AB,280000
5 Bedroom Cottage Cambridge,111 Mill Lane,Cambridge,CB1 5AB,1325000
4 Bedroom Apartment Norwich,80 Mill Lane,Norwich,NR2 8AB,285000
1 Bedroom Cottage Norwich,3 London Road,Norwich,NR9 4AB,970000
1 Bedroom House Cambridge,169 Springfield Road,Cambridge,CB4 8AB,1275000
2 Bedroom House Cambridge,125 London Road,Cambridge,CB1 3AB,440000
2 Bedroom Bungalow London,129 Church Road,London,E6 2AB,1280000
4 Bedroom Cottage Cambridge,224 Victoria Road,Cambridge,CB2 5AB,1030000
3 Bedroom Cottage Chelmsford,76 Victoria Road,Chelmsford,CM8 2AB,515000
4 Bedroom Cottage London,172 Church Road,London,E1 3AB,620000
4 Bedroom Bungalow London,39 Station Road,London,E7 2AB,255000
5 Bedroom Bungalow Colchester,232 Mill Lane,Colchester,CO4 6AB,270000
4 Bedroom House Ipswich,240 Queen Street,Ipswich,IP8 3AB,1485000
5 Bedroom Bungalow London,237 Park Road,London,E3 1AB,605000
1 Bedroom Apartment London,265 Park Road,London,E2 2AB,675000
6 Bedroom Bungalow Colchester,246 Church Road,Colchester,CO4 1AB,1265000
3 Bedroom Apartment Colchester,67 Church Road,Colchester,CO8 6AB,1375000
2 Bedroom House Cambridge,162 Victoria Road,Cambridge,CB4 9AB,870000
5 Bedroom Cottage London,56 Church Road,London,E3 9AB,215000
1 Bedroom Cottage London,23 King Street,London,E4 7AB,1495000
4 Bedroom Bungalow Cambridge,212 London Road,Cambridge,CB4 8AB,1285000
3 Bedroom Bungalow Cambridge,247 London Road,Cambridge,CB8 4AB,1035000
4 Bedroom Cottage London,260 Church Road,London,E7 5AB,585000
3 Bedroom Apartment Colchester,35 Springfield Road,Colchester,CO8 5AB,210000
6 Bedroom House Ipswich,285 King Street,Ipswich,IP1 2AB,1070000
1 Bedroom Cottage London,270 Springfield Road,London,E3 2AB,585000
6 Bedroom Cottage Norwich,134 Park Road,Norwich,NR5 2AB,1410000
1 Bedroom House London,220 High Street,London,E7 9AB,415000
3 Bedroom Bungalow Colchester,172 High Street,Colchester,CO2 6AB,1005000
5 Bedroom Apartment Chelmsford,89 London Road,Chelmsford,CM7 1AB,900000
1 Bedroom Bungalow London,11 Victoria Road,London,E6 8AB,700000
5 Bedroom Apartment Norwich,90 Park Road,Norwich,NR3 3AB,1465000
3 Bedroom Bungalow Colchester,168 London Road,Colchester,CO2 9AB,570000
4 Bedroom House Ipswich,130 London Road,Ipswich,IP2 8AB,440000
6 Bedroom Apartment Ipswich,174 Springfield Road,Ipswich,IP4 2AB,470000
6 Bedroom House Chelmsford,190 Victoria Road,Chelmsford,CM4 8AB,205000
5 Bedroom Bungalow London,178 Springfield Road,London,E8 1AB,1085000
5 Bedroom Cottage Chelmsford,94 Park Road,Chelmsford,CM7 9AB,410000
3 Bedroom Cottage Ipswich,14 High Street,Ipswich,IP5 9AB,580000
2 Bedroom House Ipswich,5 Station Road,Ipswich,IP2 1AB,895000
4 Bedroom Bungalow London,95 London Road,London,E3 5AB,405000
1 Bedroom House Norwich,158 King Street,Norwich,NR7 1AB,245000
1 Bedroom Bungalow Ipswich,38 Victoria Road,Ipswich,IP6 5AB,535000
4 Bedroom Apartment Ipswich,184 King Street,Ipswich,IP9 9AB,675000
4 Bedroom Cottage Norwich,129 Church Road,Norwich,NR5 6AB,580000
2 Bedroom House Ipswich,281 Queen Street,Ipswich,IP9 9AB,1025000
1 Bedroom Apartment London,191 Victoria Road,London,E1 3AB,1265000
1 Bedroom Cottage Cambridge,55 Mill Lane,Cambridge,CB1 9AB,230000
5 Bedroom Bungalow Ipswich,140 High Street,Ipswich,IP3 6AB,725000
6 Bedroom Bungalow Norwich,78 Park Road,Norwich,NR4 6AB,1390000
3 Bedroom Cottage Chelmsford,17 High Street,Chelmsford,CM9 7AB,1065000
4 Bedroom Cottage Norwich,256 King Street,Norwich,NR8 2AB,360000
5 Bedroom House London,75 King Street,London,E1 5AB,1110000
1 Bedroom Bungalow Ipswich,100 King Street,Ipswich,IP5 3AB,1345000
3 Bedroom Bungalow Norwich,271 Queen Street,Norwich,NR3 3AB,205000
2 Bedroom Bungalow Norwich,115 Mill Lane,Norwich,NR9 1AB,965000
1 Bedroom Apartment Colchester,211 Queen Street,Colchester,CO7 5AB,860000
4 Bedroom House London,115 King Street,London,E5 8AB,1385000
6 Bedroom Apartment Colchester,277 Church Road,Colchester,CO4 4AB,650000
1 Bedroom House Ipswich,51 London Road,Ipswich,IP1 1AB,835000
2 Bedroom Apartment Chelmsford,224 London Road,Chelmsford,CM6 6AB,1405000
4 Bedroom Apartment Chelmsford,124 High Street,Chelmsford,CM6 2AB,1105000
1 Bedroom Cottage Cambridge,91 Park Road,Cambridge,CB8 9AB,1165000
3 Bedroom Cottage Ipswich,47 London Road,Ipswich,IP4 9AB,1240000
4 Bedroom Cottage Ipswich,78 King Street,Ipswich,IP4 7AB,200000
2 Bedroom House Chelmsford,199 Station Road,Chelmsford,CM9 9AB,225000
3 Bedroom Bungalow Colchester,230 Park Road,Colchester,CO1 5AB,895000
6 Bedroom House Colchester,166 Mill Lane,Colchester,CO8 3AB,885000
4 Bedroom Bungalow Colchester,268 London Road,Colchester,CO5 7AB,810000
4 Bedroom Cottage Chelmsford,57 King Street,Chelmsford,CM7 9AB,1160000
1 Bedroom House Norwich,232 Springfield Road,Norwich,NR9 3AB,755000
6 Bedroom Cottage London,226 King Street,London,E2 4AB,725000
1 Bedroom Cottage Cambridge,133 High Street,Cambridge,CB6 5AB,1220000
6 Bedroom Cottage Colchester,49 Queen Street,Colchester,CO5 5AB,1390000
5 Bedroom Apartment London,164 Springfield Road,London,E3 8AB,520000
2 Bedroom Bungalow Chelmsford,23 Station Road,Chelmsford,CM8 5AB,515000
2 Bedroom Apartment Ipswich,196 Queen Street,Ipswich,IP3 5AB,795000
3 Bedroom Cottage Cambridge,111 Mill Lane,Cambridge,CB6 2AB,620000
5 Bedroom Bungalow Norwich,169 Church Road,Norwich,NR5 5AB,1290000
3 Bedroom Bungalow Colchester,135 Victoria Road,Colchester,CO7 1AB,1190000
4 Bedroom Apartment Colchester,68 King Street,Colchester,CO9 5AB,845000
1 Bedroom Bungalow Colchester,215 Springfield Road,Colchester,CO1 9AB,350000
4 Bedroom Apartment Chelmsford,282 Springfield Road,Chelmsford,CM5 8AB,1335000
1 Bedroom Bungalow Colchester,247 London Road,Colchester,CO4 2AB,350000
5 Bedroom Bungalow Colchester,156 Park Road,Colchester,CO8 7AB,515000
5 Bedroom Apartment Chelmsford,159 King Street,Chelmsford,CM8 8AB,1405000
2 Bedroom Cottage Norwich,203 Victoria Road,Norwich,NR5 8AB,700000
5 Bedroom Apartment Chelmsford,175 Church Road,Chelmsford,CM5 4AB,985000
2 Bedroom Bungalow London,114 King Street,London,E7 1AB,1170000
5 Bedroom Cottage Cambridge,17 Mill Lane,Cambridge,CB8 3AB,180000
3 Bedroom Apartment Colchester,253 High Street,Colchester,CO1 9AB,195000
1 Bedroom Bungalow Colchester,230 High Street,Colchester,CO6 8AB,425000
1 Bedroom House Ipswich,43 London Road,Ipswich,IP3 9AB,910000
3 Bedroom Bungalow Chelmsford,3 London Road,Chelmsford,CM7 1AB,570000
3 Bedroom Apartment Cambridge,166 High Street,Cambridge,CB8 7AB,1010000
2 Bedroom Apartment London,100 Station Road,London,E4 7AB,710000
2 Bedroom Bungalow London,37 King Street,London,E2 4AB,910000
4 Bedroom Bungalow Chelmsford,149 Mill Lane,Chelmsford,CM8 6AB,600000
6 Bedroom Apartment Norwich,221 Church Road,Norwich,NR8 2AB,1095000
1 Bedroom Bungalow Colchester,110 High Street,Colchester,CO8 4AB,1220000
3 Bedroom Apartment Ipswich,39 Park Road,Ipswich,IP2 3AB,1105000
4 Bedroom Apartment Cambridge,165 Queen Street,Cambridge,CB2 1AB,840000
5 Bedroom Apartment Norwich,267 High Street,Norwich,NR9 3AB,1440000
2 Bedroom Cottage London,197 Victoria Road,London,E5 3AB,445000
5 Bedroom Bungalow London,275 King Street,London,E2 8AB,1180000
2 Bedroom House Colchester,273 Queen Street,Colchester,CO1 2AB,460000
5 Bedroom Bungalow London,87 Park Road,London,E5 1AB,315000
2 Bedroom Apartment Colchester,109 Victoria Road,Colchester,CO5 9AB,1370000
4 Bedroom Cottage Norwich,173 London Road,Norwich,NR8 2AB,330000
6 Bedroom Apartment Colchester,160 King Street,Colchester,CO6 8AB,1215000
4 Bedroom Cottage Chelmsford,260 Park Road,Chelmsford,CM3 6AB,335000
1 Bedroom Bungalow Chelmsford,119 King Street,Chelmsford,CM4 8AB,650000
3 Bedroom Apartment Colchester,38 Victoria Road,Colchester,CO7 9AB,530000
4 Bedroom Cottage Cambridge,254 London Road,Cambridge,CB9 7AB,1140000
1 Bedroom Cottage Ipswich,143 Church Road,Ipswich,IP7 8AB,305000
6 Bedroom House Colchester,291 Queen Street,Colchester,CO9 9AB,1255000
2 Bedroom House Colchester,121 Victoria Road,Colchester,CO6 2AB,370000
3 Bedroom Cottage Cambridge,184 Park Road,Cambridge,CB4 4AB,1125000
6 Bedroom Apartment Chelmsford,141 Station Road,Chelmsford,CM5 2AB,1130000
1 Bedroom Apartment Ipswich,211 Mill Lane,Ipswich,IP9 1AB,395000
6 Bedroom Apartment Colchester,99 King Street,Colchester,CO8 1AB,690000
6 Bedroom Bungalow Colchester,158 Victoria Road,Colchester,CO1 4AB,1315000
3 Bedroom Cottage London,283 Church Road,London,E2 8AB,1085000
6 Bedroom Bungalow Cambridge,56 King Street,Cambridge,CB3 6AB,165000
3 Bedroom Bungalow Chelmsford,294 Park Road,Chelmsford,CM1 7AB,1415000
2 Bedroom Cottage Chelmsford,228 Victoria Road,Chelmsford,CM7 9AB,970000
1 Bedroom Cottage Ipswich,55 Park Road,Ipswich,IP3 5AB,1395000
3 Bedroom Apartment Norwich,98 King Street,Norwich,NR1 8AB,520000
2 Bedroom Cottage Colchester,174 Station Road,Colchester,CO5 1AB,870000
4 Bedroom Bungalow London,115 Springfield Road,London,E8 3AB,745000
1 Bedroom House Norwich,170 Victoria Road,Norwich,NR3 3AB,1395000
3 Bedroom Cottage Norwich,111 King Street,Norwich,NR4 7AB,510000
2 Bedroom Cottage Chelmsford,201 King Street,Chelmsford,CM2 3AB,480000
4 Bedroom Apartment Chelmsford,260 King Street,Chelmsford,CM7 3AB,1075000
1 Bedroom Bungalow London,191 London Road,London,E6 4AB,870000
6 Bedroom Bungalow Ipswich,61 Queen Street,Ipswich,IP6 5AB,275000
6 Bedroom Cottage Cambridge,104 Station Road,Cambridge,CB4 6AB,680000
2 Bedroom Apartment Ipswich,160 Station Road,Ipswich,IP7 6AB,1115000
1 Bedroom Cottage Colchester,186 King Street,Colchester,CO6 8AB,1065000
6 Bedroom Apartment London,253 Mill Lane,London,E9 5AB,490000
6 Bedroom Cottage Cambridge,297 Station Road,Cambridge,CB9 7AB,1375000
5 Bedroom Bungalow Cambridge,149 Station Road,Cambridge,CB4 8AB,1405000
6 Bedroom Bungalow Colchester,142 Springfield Road,Colchester,CO3 2AB,260000
6 Bedroom Apartment Ipswich,263 Park Road,Ipswich,IP8 6AB,380000
1 Bedroom Apartment Norwich,219 King Street,Norwich,NR7 2AB,1350000
2 Bedroom Cottage Norwich,119 King Street,Norwich,NR6 2AB,695000
6 Bedroom Cottage Ipswich,168 King Street,Ipswich,IP9 8AB,785000
3 Bedroom Bungalow Norwich,265 Springfield Road,Norwich,NR6 7AB,1420000
1 Bedroom Bungalow Cambridge,59 Station Road,Cambridge,CB9 8AB,980000
6 Bedroom Bungalow Norwich,159 King Street,Norwich,NR2 2AB,190000
5 Bedroom Apartment Norwich,38 Victoria Road,Norwich,NR2 4AB,905000
6 Bedroom Apartment Cambridge,25 Victoria Road,Cambridge,CB3 9AB,1260000
4 Bedroom Cottage Norwich,251 King Street,Norwich,NR2 3AB,290000
5 Bedroom Bungalow London,249 High Street,London,E4 5AB,505000
4 Bedroom Cottage London,6 Mill Lane,London,E5 7AB,505000
1 Bedroom Bungalow Colchester,193 King Street,Colchester,CO3 3AB,445000
2 Bedroom House Norwich,281 Springfield Road,Norwich,NR1 1AB,795000
1 Bedroom Apartment Cambridge,184 London Road,Cambridge,CB5 3AB,540000
4 Bedroom Bungalow Colchester,41 Victoria Road,Colchester,CO3 5AB,1200000
2 Bedroom Bungalow Norwich,35 High Street,Norwich,NR1 9AB,1455000
3 Bedroom Cottage Chelmsford,121 Park Road,Chelmsford,CM2 1AB,1315000
1 Bedroom House Ipswich,158 Church Road,Ipswich,IP5 2AB,150000
5 Bedroom House London,76 Park Road,London,E9 4AB,735000
1 Bedroom House Chelmsford,30 Park Road,Chelmsford,CM5 2AB,890000
4 Bedroom Cottage Cambridge,76 London Road,Cambridge,CB7 3AB,485000
2 Bedroom Apartment Colchester,108 Queen Street,Colchester,CO9 3AB,1030000
5 Bedroom House Norwich,174 King Street,Norwich,NR4 1AB,340000
6 Bedroom Cottage Norwich,155 Queen Street,Norwich,NR4 3AB,1285000
3 Bedroom Apartment Cambridge,79 Church Road,Cambridge,CB3 8AB,260000
3 Bedroom Apartment Chelmsford,101 Springfield Road,Chelmsford,CM6 6AB,185000
2 Bedroom Bungalow Ipswich,24 Victoria Road,Ipswich,IP4 7AB,1045000
6 Bedroom Cottage Chelmsford,222 Station Road,Chelmsford,CM8 9AB,465000
5 Bedroom Apartment Ipswich,112 Park Road,Ipswich,IP3 6AB,820000
4 Bedroom Bungalow Cambridge,73 Victoria Road,Cambridge,CB4 9AB,1010000
1 Bedroom Bungalow Norwich,236 Mill Lane,Norwich,NR7 1AB,295000
5 Bedroom Cottage Colchester,54 King Street,Colchester,CO9 4AB,370000
2 Bedroom Apartment Colchester,154 Park Road,Colchester,CO2 7AB,1380000
6 Bedroom Bungalow London,125 Park Road,London,E5 6AB,665000
6 Bedroom Bungalow Colchester,234 Station Road,Colchester,CO6 1AB,500000
1 Bedroom House Cambridge,162 High Street,Cambridge,CB1 9AB,815000
4 Bedroom House Chelmsford,234 Queen Street,Chelmsford,CM4 7AB,565000
3 Bedroom Apartment Chelmsford,58 Station Road,Chelmsford,CM4 7AB,1490000
4 Bedroom House Chelmsford,59 High Street,Chelmsford,CM3 2AB,930000
6 Bedroom House Cambridge,270 Station Road,Cambridge,CB8 3AB,1490000
3 Bedroom Bungalow London,254 Queen Street,London,E8 6AB,450000
1 Bedroom Apartment Chelmsford,174 Church Road,Chelmsford,CM3 3AB,400000
6 Bedroom Apartment London,265 Mill Lane,London,E5 8AB,420000
2 Bedroom Cottage London,223 King Street,London,E6 1AB,285000
1 Bedroom House London,276 Victoria Road,London,E5 3AB,1150000
1 Bedroom House Colchester,76 London Road,Colchester,CO2 1AB,420000
1 Bedroom Apartment Norwich,215 London Road,Norwich,NR8 6AB,1025000
3 Bedroom Bungalow Ipswich,41 High Street,Ipswich,IP8 2AB,345000
4 Bedroom Cottage Ipswich,72 Queen Street,Ipswich,IP2 9AB,360000
1 Bedroom House Norwich,89 King Street,Norwich,NR7 9AB,1385000
5 Bedroom Cottage Ipswich,288 Mill Lane,Ipswich,IP8 3AB,1050000
5 Bedroom Bungalow Chelmsford,136 King Street,Chelmsford,CM3 3AB,1345000
6 Bedroom Bungalow Colchester,96 Victoria Road,Colchester,CO7 1AB,1215000
1 Bedroom House Cambridge,57 Church Road,Cambridge,CB7 9AB,240000
4 Bedroom Bungalow Norwich,48 Church Road,Norwich,NR1 6AB,935000
4 Bedroom Bungalow Norwich,135 King Street,Norwich,NR3 7AB,1295000
6 Bedroom Apartment London,18 Queen Street,London,E8 5AB,1190000
5 Bedroom Cottage Ipswich,85 London Road,Ipswich,IP2 9AB,785000
6 Bedroom House Cambridge,282 Queen Street,Cambridge,CB6 3AB,1060000
1 Bedroom Apartment Norwich,141 London Road,Norwich,NR3 7AB,635000
5 Bedroom Apartment Cambridge,194 London Road,Cambridge,CB8 5AB,740000
1 Bedroom Bungalow Colchester,54 High Street,Colchester,CO8 2AB,1185000
4 Bedroom Bungalow Chelmsford,252 Mill Lane,Chelmsford,CM4 3AB,680000
2 Bedroom Cottage Norwich,250 Queen Street,Norwich,NR2 7AB,1295000
3 Bedroom Cottage London,239 London Road,London,E8 3AB,510000
1 Bedroom Apartment Chelmsford,296 Station Road,Chelmsford,CM1 8AB,900000
5 Bedroom Bungalow Ipswich,141 High Street,Ipswich,IP7 5AB,1090000
2 Bedroom House Cambridge,140 High Street,Cambridge,CB1 9AB,580000
1 Bedroom House Chelmsford,200 Park Road,Chelmsford,CM2 8AB,760000
1 Bedroom House Ipswich,294 Queen Street,Ipswich,IP7 8AB,1130000
3 Bedroom House London,75 Church Road,London,E1 7AB,760000
5 Bedroom Cottage Ipswich,106 Mill Lane,Ipswich,IP5 5AB,1090000
2 Bedroom Bungalow London,220 Victoria Road,London,E2 3AB,395000
6 Bedroom House London,174 Mill Lane,London,E1 8AB,1480000
4 Bedroom House Norwich,195 High Street,Norwich,NR9 1AB,440000
3 Bedroom Cottage London,211 Springfield Road,London,E3 9AB,680000
1 Bedroom House Cambridge,81 Victoria Road,Cambridge,CB4 7AB,1150000
3 Bedroom House London,28 Springfield Road,London,E8 2AB,725000
2 Bedroom House Colchester,35 Queen Street,Colchester,CO8 4AB,865000
6 Bedroom Apartment Colchester,131 Victoria Road,Colchester,CO9 9AB,665000
6 Bedroom Cottage Cambridge,296 Queen Street,Cambridge,CB9 2AB,405000
4 Bedroom Apartment Chelmsford,112 King Street,Chelmsford,CM8 8AB,315000
6 Bedroom Bungalow Norwich,280 Park Road,Norwich,NR2 5AB,605000
3 Bedroom Apartment Chelmsford,26 King Street,Chelmsford,CM9 1AB,1240000
2 Bedroom House Chelmsford,254 High Street,Chelmsford,CM4 6AB,625000
3 Bedroom Bungalow Norwich,189 Springfield Road,Norwich,NR2 2AB,695000
1 Bedroom Apartment Colchester,124 High Street,Colchester,CO6 7AB,380000
1 Bedroom House Ipswich,296 Mill Lane,Ipswich,IP7 2AB,175000
2 Bedroom House Ipswich,55 High Street,Ipswich,IP7 6AB,930000
5 Bedroom Bungalow Chelmsford,141 Mill Lane,Chelmsford,CM9 9AB,275000
6 Bedroom Cottage Cambridge,87 London Road,Cambridge,CB6 3AB,1185000
4 Bedroom Cottage Norwich,4 London Road,Norwich,NR7 1AB,260000
2 Bedroom Cottage Ipswich,298 Queen Street,Ipswich,IP1 2AB,370000
5 Bedroom Apartment Colchester,259 Park Road,Colchester,CO4 9AB,900000
1 Bedroom Bungalow Chelmsford,108 Church Road,Chelmsford,CM1 5AB,1215000
4 Bedroom Apartment Chelmsford,134 High Street,Chelmsford,CM6 9AB,290000
6 Bedroom House Chelmsford,217 London Road,Chelmsford,CM3 1AB,950000
1 Bedroom Apartment Colchester,289 High Street,Colchester,CO5 8AB,1455000
3 Bedroom Apartment Norwich,4 Springfield Road,Norwich,NR7 6AB,625000
1 Bedroom Apartment London,272 Springfield Road,London,E5 6AB,180000
2 Bedroom Apartment Ipswich,181 Park Road,Ipswich,IP3 7AB,560000
6 Bedroom Cottage London,43 Station Road,London,E8 6AB,505000
4 Bedroom Bungalow Norwich,258 London Road,Norwich,NR7 5AB,1210000
5 Bedroom Bungalow London,165 Church Road,London,E5 1AB,690000
5 Bedroom Bungalow Ipswich,293 Park Road,Ipswich,IP5 7AB,585000
4 Bedroom Bungalow Chelmsford,140 Springfield Road,Chelmsford,CM5 2AB,1190000
1 Bedroom Cottage Cambridge,213 London Road,Cambridge,CB3 7AB,720000
6 Bedroom Apartment London,226 Victoria Road,London,E3 1AB,1370000
2 Bedroom Cottage Norwich,287 Station Road,Norwich,NR4 6AB,1465000
4 Bedroom Cottage Norwich,51 Mill Lane,Norwich,NR2 1AB,1480000
5 Bedroom Apartment Chelmsford,33 Victoria Road,Chelmsford,CM1 1AB,1045000
2 Bedroom Cottage Ipswich,131 Church Road,Ipswich,IP5 9AB,990000
5 Bedroom Bungalow London,286 Springfield Road,London,E6 6AB,1205000
1 Bedroom House Norwich,221 Park Road,Norwich,NR5 8AB,1135000
2 Bedroom Cottage Norwich,133 Queen Street,Norwich,NR3 9AB,985000
2 Bedroom Cottage Cambridge,193 Springfield Road,Cambridge,CB5 7AB,1145000
2 Bedroom Bungalow Chelmsford,62 King Street,Chelmsford,CM4 2AB,1370000
6 Bedroom Cottage Chelmsford,78 Mill Lane,Chelmsford,CM8 4AB,400000
5 Bedroom Bungalow London,225 King Street,London,E2 8AB,1475000
3 Bedroom Cottage Chelmsford,132 London Road,Chelmsford,CM5 8AB,645000
1 Bedroom Bungalow Ipswich,179 Mill Lane,Ipswich,IP9 3AB,355000
4 Bedroom Apartment London,90 King Street,London,E8 7AB,860000
6 Bedroom Bungalow Colchester,288 London Road,Colchester,CO7 6AB,220000
6 Bedroom Apartment Cambridge,241 Station Road,Cambridge,CB2 7AB,1105000
6 Bedroom Cottage Colchester,228 Park Road,Colchester,CO9 5AB,300000
4 Bedroom Bungalow Colchester,128 Victoria Road,Colchester,CO2 5AB,1170000
1 Bedroom Apartment Chelmsford,80 Church Road,Chelmsford,CM4 1AB,1070000
3 Bedroom Cottage Cambridge,36 Victoria Road,Cambridge,CB2 2AB,875000
6 Bedroom Bungalow Colchester,272 Park Road,Colchester,CO9 3AB,675000
3 Bedroom Apartment Chelmsford,19 Mill Lane,Chelmsford,CM9 3AB,600000
6 Bedroom Cottage Ipswich,9 Station Road,Ipswich,IP8 5AB,1380000
6 Bedroom Cottage Colchester,12 Victoria Road,Colchester,CO6 9AB,1175000
5 Bedroom House Ipswich,290 High Street,Ipswich,IP3 9AB,210000
1 Bedroom Apartment Norwich,257 London Road,Norwich,NR7 5AB,1250000
4 Bedroom Cottage Ipswich,147 Park Road,Ipswich,IP2 2AB,360000
5 Bedroom House Chelmsford,15 Park Road,Chelmsford,CM5 9AB,515000
3 Bedroom House Cambridge,39 Park Road,Cambridge,CB9 9AB,1025000
4 Bedroom Bungalow Colchester,250 Station Road,Colchester,CO3 9AB,1410000
2 Bedroom Bungalow Norwich,77 High Street,Norwich,NR3 2AB,515000
2 Bedroom Cottage Cambridge,67 Queen Street,Cambridge,CB1 9AB,1275000
6 Bedroom Cottage London,184 Springfield Road,London,E9 4AB,1445000
3 Bedroom Cottage Colchester,158 Mill Lane,Colchester,CO5 1AB,1010000
1 Bedroom Cottage London,285 Mill Lane,London,E2 8AB,755000
1 Bedroom Bungalow London,244 Park Road,London,E5 9AB,1405000
6 Bedroom Cottage London,109 Church Road,London,E8 2AB,1020000
5 Bedroom Bungalow Colchester,265 Queen Street,Colchester,CO3 2AB,1035000
6 Bedroom Apartment Chelmsford,281 Mill Lane,Chelmsford,CM8 3AB,820000
3 Bedroom Cottage Ipswich,8 Church Road,Ipswich,IP8 6AB,785000
4 Bedroom Cottage London,182 Victoria Road,London,E7 7AB,665000
5 Bedroom Apartment Ipswich,32 London Road,Ipswich,IP8 3AB,1015000
1 Bedroom Bungalow Cambridge,45 Victoria Road,Cambridge,CB9 6AB,780000
1 Bedroom Bungalow Ipswich,118 High Street,Ipswich,IP8 1AB,730000
1 Bedroom Apartment Colchester,271 Park Road,Colchester,CO5 3AB,240000
4 Bedroom Apartment Colchester,193 Queen Street,Colchester,CO5 8AB,205000
6 Bedroom Bungalow Ipswich,236 High Street,Ipswich,IP4 5AB,190000
5 Bedroom Bungalow Norwich,234 London Road,Norwich,NR5 3AB,530000
2 Bedroom House Norwich,258 Park Road,Norwich,NR5 2AB,395000
1 Bedroom Apartment Norwich,11 King Street,Norwich,NR4 8AB,450000
5 Bedroom Bungalow London,264 Park Road,London,E6 4AB,1050000
6 Bedroom Bungalow Norwich,143 Church Road,Norwich,NR6 2AB,1445000
4 Bedroom Apartment Ipswich,64 Springfield Road,Ipswich,IP8 3AB,1335000
5 Bedroom Apartment Colchester,163 Queen Street,Colchester,CO1 8AB,1495000
6 Bedroom Bungalow Ipswich,112 Church Road,Ipswich,IP9 1AB,495000
6 Bedroom Bungalow London,246 Queen Street,London,E3 8AB,650000
4 Bedroom Cottage Cambridge,97 Church Road,Cambridge,CB5 3AB,305000
3 Bedroom Bungalow Norwich,137 London Road,Norwich,NR5 1AB,740000
3 Bedroom Apartment Colchester,212 Station Road,Colchester,CO3 6AB,445000
6 Bedroom House Chelmsford,2 Mill Lane,Chelmsford,CM1 2AB,640000
5 Bedroom House Cambridge,239 Springfield Road,Cambridge,CB2 3AB,955000
5 Bedroom Cottage Cambridge,240 High Street,Cambridge,CB6 8AB,230000
6 Bedroom Bungalow London,265 Church Road,London,E9 2AB,170000
5 Bedroom Apartment Cambridge,205 Park Road,Cambridge,CB3 9AB,340000
2 Bedroom House Cambridge,58 Church Road,Cambridge,CB2 1AB,865000
5 Bedroom Bungalow Norwich,271 High Street,Norwich,NR1 3AB,1180000
1 Bedroom Cottage Ipswich,196 Church Road,Ipswich,IP1 4AB,910000
6 Bedroom Apartment Chelmsford,161 Park Road,Chelmsford,CM3 4AB,1015000
1 Bedroom Apartment Ipswich,44 Queen Street,Ipswich,IP9 5AB,625000
5 Bedroom Cottage Ipswich,245 Queen Street,Ipswich,IP8 1AB,775000
6 Bedroom House Chelmsford,104 Springfield Road,Chelmsford,CM6 2AB,1185000
5 Bedroom House Colchester,30 Church Road,Colchester,CO5 2AB,290000
4 Bedroom Apartment Colchester,283 Church Road,Colchester,CO9 1AB,740000
5 Bedroom Cottage Ipswich,288 High Street,Ipswich,IP2 1AB,355000
5 Bedroom Bungalow London,59 Mill Lane,London,E1 5AB,1070000
5 Bedroom Bungalow Ipswich,297 Springfield Road,Ipswich,IP3 9AB,895000
6 Bedroom House Cambridge,201 Park Road,Cambridge,CB9 9AB,1495000
5 Bedroom Bungalow Cambridge,23 Park Road,Cambridge,CB5 4AB,310000
1 Bedroom Apartment Norwich,143 Mill Lane,Norwich,NR4 6AB,1055000
1 Bedroom Cottage Chelmsford,254 Mill Lane,Chelmsford,CM8 3AB,725000
6 Bedroom House Ipswich,269 Church Road,Ipswich,IP1 7AB,1005000
6 Bedroom Cottage Colchester,237 King Street,Colchester,CO6 9AB,545000
2 Bedroom Bungalow Colchester,72 High Street,Colchester,CO1 2AB,1010000
6 Bedroom Bungalow Norwich,216 Church Road,Norwich,NR6 6AB,985000
6 Bedroom Bungalow Colchester,267 High Street,Colchester,CO2 8AB,1075000
6 Bedroom Apartment Chelmsford,232 Victoria Road,Chelmsford,CM7 7AB,195000
1 Bedroom Bungalow Colchester,242 Park Road,Colchester,CO8 8AB,290000
6 Bedroom Bungalow Ipswich,156 High Street,Ipswich,IP8 6AB,1100000
4 Bedroom Cottage Colchester,229 Springfield Road,Colchester,CO3 1AB,550000
2 Bedroom Cottage Colchester,127 Church Road,Colchester,CO5 8AB,320000
5 Bedroom Cottage Cambridge,223 Victoria Road,Cambridge,CB9 4AB,480000
6 Bedroom Bungalow Colchester,42 Queen Street,Colchester,CO7 6AB,1465000
3 Bedroom Bungalow London,29 High Street,London,E1 7AB,975000
4 Bedroom House Norwich,46 High Street,Norwich,NR3 7AB,1435000
4 Bedroom Bungalow Cambridge,35 Queen Street,Cambridge,CB9 9AB,490000
1 Bedroom Cottage London,272 Victoria Road,London,E5 2AB,470000
2 Bedroom Bungalow Norwich,200 Springfield Road,Norwich,NR6 3AB,1150000
4 Bedroom House Chelmsford,143 London Road,Chelmsford,CM3 2AB,800000
3 Bedroom Apartment Ipswich,48 Park Road,Ipswich,IP6 2AB,255000
2 Bedroom Apartment Ipswich,170 Park Road,Ipswich,IP5 4AB,1400000
6 Bedroom Apartment Cambridge,232 Church Road,Cambridge,CB2 1AB,595000
2 Bedroom House Chelmsford,55 London Road,Chelmsford,CM8 2AB,700000
3 Bedroom Apartment Norwich,266 London Road,Norwich,NR9 9AB,800000
4 Bedroom Cottage Norwich,235 King Street,Norwich,NR6 7AB,805000
2 Bedroom Bungalow Chelmsford,271 Victoria Road,Chelmsford,CM7 7AB,380000
4 Bedroom Bungalow Cambridge,176 Queen Street,Cambridge,CB6 1AB,1260000
1 Bedroom Apartment Colchester,172 London Road,Colchester,CO3 2AB,495000
1 Bedroom Cottage London,198 King Street,London,E1 9AB,1430000
3 Bedroom Apartment Chelmsford,53 Victoria Road,Chelmsford,CM1 3AB,375000
6 Bedroom House Colchester,25 Station Road,Colchester,CO4 7AB,665000
3 Bedroom Bungalow London,54 Park Road,London,E3 7AB,1015000
4 Bedroom House London,225 Mill Lane,London,E4 9AB,1450000
6 Bedroom Bungalow Norwich,104 Church Road,Norwich,NR3 6AB,870000
2 Bedroom Cottage Colchester,17 Queen Street,Colchester,CO3 2AB,920000
3 Bedroom Apartment Ipswich,27 King Street,Ipswich,IP3 5AB,1435000
1 Bedroom Bungalow Norwich,202 High Street,Norwich,NR7 2AB,795000
6 Bedroom Bungalow Ipswich,151 Station Road,Ipswich,IP7 8AB,585000
5 Bedroom Cottage London,212 Church Road,London,E6 6AB,710000
1 Bedroom Cottage Ipswich,282 Park Road,Ipswich,IP1 1AB,1300000
5 Bedroom Cottage Ipswich,147 King Street,Ipswich,IP4 4AB,900000
6 Bedroom House Norwich,45 London Road,Norwich,NR1 1AB,290000
2 Bedroom Cottage Chelmsford,24 High Street,Chelmsford,CM4 1AB,920000
1 Bedroom House London,203 Springfield Road,London,E2 1AB,415000
3 Bedroom House London,165 King Street,London,E9 4AB,1495000
5 Bedroom Cottage Cambridge,288 Park Road,Cambridge,CB9 9AB,210000
1 Bedroom Bungalow Cambridge,8 Springfield Road,Cambridge,CB1 3AB,165000
1 Bedroom Apartment Chelmsford,294 High Street,Chelmsford,CM3 8AB,895000
5 Bedroom Apartment London,285 Queen Street,London,E1 2AB,545000
2 Bedroom Cottage Cambridge,148 Mill Lane,Cambridge,CB7 3AB,165000
5 Bedroom Bungalow Norwich,191 Station Road,Norwich,NR7 3AB,920000
4 Bedroom Bungalow Norwich,50 Church Road,Norwich,NR4 8AB,965000
1 Bedroom House Ipswich,182 London Road,Ipswich,IP7 6AB,1105000
3 Bedroom House Norwich,41 Victoria Road,Norwich,NR6 6AB,985000
2 Bedroom Apartment Cambridge,226 King Street,Cambridge,CB3 9AB,915000
4 Bedroom Bungalow London,256 London Road,London,E4 2AB,1180000
2 Bedroom Apartment Colchester,140 Mill Lane,Colchester,CO3 3AB,750000
3 Bedroom Apartment Chelmsford,105 Victoria Road,Chelmsford,CM1 3AB,970000
5 Bedroom Apartment Norwich,134 Park Road,Norwich,NR3 8AB,1090000
5 Bedroom Apartment Cambridge,23 High Street,Cambridge,CB9 3AB,650000
5 Bedroom Cottage Cambridge,20 Mill Lane,Cambridge,CB5 3AB,220000
6 Bedroom House Chelmsford,120 Mill Lane,Chelmsford,CM6 8AB,1465000
4 Bedroom Cottage London,259 High Street,London,E5 7AB,1190000
4 Bedroom Cottage London,74 Church Road,London,E6 3AB,595000
1 Bedroom Bungalow Cambridge,250 Park Road,Cambridge,CB2 7AB,510000
2 Bedroom Apartment Ipswich,162 King Street,Ipswich,IP7 4AB,1055000
4 Bedroom Cottage Chelmsford,52 Mill Lane,Chelmsford,CM8 9AB,360000
2 Bedroom Apartment Cambridge,220 Station Road,Cambridge,CB7 6AB,1210000
4 Bedroom House Cambridge,275 Victoria Road,Cambridge,CB5 1AB,720000
3 Bedroom House Ipswich,260 Queen Street,Ipswich,IP6 4AB,1115000
5 Bedroom House London,30 Station Road,London,E1 2AB,360000
4 Bedroom Cottage Norwich,209 High Street,Norwich,NR5 7AB,830000
4 Bedroom Bungalow Chelmsford,111 Mill Lane,Chelmsford,CM9 8AB,980000
4 Bedroom Cottage Colchester,231 Mill Lane,Colchester,CO3 3AB,1000000
3 Bedroom Apartment Ipswich,39 Victoria Road,Ipswich,IP5 2AB,455000
2 Bedroom Apartment Chelmsford,253 King Street,Chelmsford,CM1 4AB,660000
2 Bedroom House Chelmsford,133 Mill Lane,Chelmsford,CM1 7AB,950000
6 Bedroom Apartment Chelmsford,189 Victoria Road,Chelmsford,CM3 8AB,385000
2 Bedroom House Norwich,224 Church Road,Norwich,NR8 6AB,1200000
4 Bedroom Apartment Colchester,188 Park Road,Colchester,CO2 1AB,1310000
4 Bedroom Apartment Colchester,51 Victoria Road,Colchester,CO5 2AB,465000
1 Bedroom Cottage Cambridge,235 Queen Street,Cambridge,CB6 6AB,695000
1 Bedroom Apartment London,105 Mill Lane,London,E8 6AB,1325000
3 Bedroom Bungalow Cambridge,3 London Road,Cambridge,CB4 3AB,1350000
6 Bedroom House Colchester,105 Springfield Road,Colchester,CO7 7AB,660000
2 Bedroom House Colchester,202 Victoria Road,Colchester,CO1 1AB,1045000
3 Bedroom Cottage Colchester,290 Victoria Road,Colchester,CO3 8AB,1005000
4 Bedroom Apartment Colchester,107 High Street,Colchester,CO6 4AB,675000
1 Bedroom House Ipswich,34 High Street,Ipswich,IP8 8AB,480000
4 Bedroom House Norwich,116 High Street,Norwich,NR9 5AB,1190000
1 Bedroom House Cambridge,141 Queen Street,Cambridge,CB5 5AB,890000
4 Bedroom House Colchester,267 London Road,Colchester,CO2 5AB,430000
5 Bedroom House Ipswich,162 High Street,Ipswich,IP7 8AB,840000
2 Bedroom Apartment Colchester,237 Mill Lane,Colchester,CO1 4AB,790000
3 Bedroom House Norwich,168 High Street,Norwich,NR5 5AB,160000
3 Bedroom Bungalow Cambridge,122 Victoria Road,Cambridge,CB8 4AB,335000
5 Bedroom Apartment Norwich,10 High Street,Norwich,NR5 6AB,355000
6 Bedroom Bungalow Cambridge,83 Springfield Road,Cambridge,CB9 2AB,660000
6 Bedroom House Colchester,296 Park Road,Colchester,CO3 2AB,680000
5 Bedroom Apartment London,243 King Street,London,E2 1AB,1235000
6 Bedroom Bungalow London,108 London Road,London,E3 8AB,200000
1 Bedroom Apartment Ipswich,210 Mill Lane,Ipswich,IP1 2AB,1495000
1 Bedroom House Norwich,233 Victoria Road,Norwich,NR9 2AB,325000
3 Bedroom Apartment Cambridge,176 Mill Lane,Cambridge,CB8 7AB,660000
6 Bedroom Cottage Cambridge,220 London Road,Cambridge,CB8 1AB,1380000
3 Bedroom House Chelmsford,279 Queen Street,Chelmsford,CM6 4AB,305000
2 Bedroom House Cambridge,72 Victoria Road,Cambridge,CB1 6AB,1105000
3 Bedroom Cottage Colchester,80 King Street,Colchester,CO4 1AB,615000
3 Bedroom House Colchester,199 Queen Street,Colchester,CO3 6AB,1230000
6 Bedroom Cottage London,133 London Road,London,E2 3AB,970000
3 Bedroom Apartment London,78 Victoria Road,London,E7 7AB,430000
1 Bedroom House Colchester,16 Station Road,Colchester,CO7 6AB,1220000
5 Bedroom House Chelmsford,65 Church Road,Chelmsford,CM8 7AB,565000
4 Bedroom Bungalow Colchester,252 Victoria Road,Colchester,CO8 3AB,1485000
3 Bedroom House Colchester,286 Station Road,Colchester,CO6 1AB,460000
5 Bedroom Apartment Norwich,121 Queen Street,Norwich,NR6 4AB,560000
6 Bedroom House Ipswich,38 Springfield Road,Ipswich,IP4 8AB,1320000
3 Bedroom House Norwich,64 Station Road,Norwich,NR4 4AB,1140000
4 Bedroom Apartment London,196 Queen Street,London,E7 7AB,355000
2 Bedroom Apartment Colchester,63 Park Road,Colchester,CO1 5AB,375000
2 Bedroom Apartment Norwich,280 High Street,Norwich,NR4 6AB,1380000
1 Bedroom House Colchester,203 High Street,Colchester,CO5 9AB,1065000
1 Bedroom Apartment Chelmsford,154 Queen Street,Chelmsford,CM2 3AB,1020000
2 Bedroom Cottage Ipswich,253 Queen Street,Ipswich,IP2 9AB,825000
4 Bedroom Bungalow Ipswich,32 Church Road,Ipswich,IP9 8AB,170000
4 Bedroom Bungalow Ipswich,74 Mill Lane,Ipswich,IP3 4AB,1290000
4 Bedroom House Norwich,235 Church Road,Norwich,NR7 2AB,395000
1 Bedroom House Chelmsford,141 Queen Street,Chelmsford,CM9 4AB,1035000
2 Bedroom House Chelmsford,139 London Road,Chelmsford,CM3 3AB,830000
3 Bedroom Cottage Chelmsford,157 High Street,Chelmsford,CM2 2AB,530000
5 Bedroom Bungalow Ipswich,128 Victoria Road,Ipswich,IP6 8AB,210000
5 Bedroom Apartment Norwich,277 Springfield Road,Norwich,NR9 4AB,855000
3 Bedroom Bungalow Cambridge,198 High Street,Cambridge,CB5 1AB,1435000
5 Bedroom House Norwich,225 Mill Lane,Norwich,NR9 7AB,295000
6 Bedroom Cottage Colchester,94 Park Road,Colchester,CO8 5AB,1080000
2 Bedroom Cottage Cambridge,288 King Street,Cambridge,CB7 3AB,1075000
4 Bedroom Cottage London,230 Park Road,London,E2 9AB,380000
4 Bedroom Bungalow Ipswich,253 Queen Street,Ipswich,IP5 3AB,1485000
4 Bedroom Apartment Norwich,270 London Road,Norwich,NR4 6AB,1120000
4 Bedroom Apartment Norwich,292 Queen Street,Norwich,NR2 2AB,1225000
6 Bedroom House Chelmsford,119 Victoria Road,Chelmsford,CM6 7AB,600000
3 Bedroom Apartment Colchester,256 High Street,Colchester,CO4 3AB,940000
3 Bedroom Apartment Ipswich,21 Springfield Road,Ipswich,IP7 6AB,175000
2 Bedroom Apartment Ipswich,68 Park Road,Ipswich,IP8 9AB,975000
5 Bedroom Apartment Ipswich,14 Victoria Road,Ipswich,IP1 5AB,265000
6 Bedroom House London,265 Church Road,London,E6 4AB,1315000
5 Bedroom Apartment Cambridge,52 Church Road,Cambridge,CB6 7AB,920000
5 Bedroom House Ipswich,31 Victoria Road,Ipswich,IP2 5AB,895000
1 Bedroom Apartment London,294 Victoria Road,London,E2 3AB,625000
1 Bedroom Apartment London,21 Springfield Road,London,E3 8AB,465000
4 Bedroom Apartment Cambridge,32 Mill Lane,Cambridge,CB8 7AB,1415000
1 Bedroom House London,205 Queen Street,London,E2 5AB,1415000
3 Bedroom House London,254 Park Road,London,E4 7AB,1410000
1 Bedroom House London,255 Mill Lane,London,E2 6AB,1210000
1 Bedroom Cottage Ipswich,215 Queen Street,Ipswich,IP1 5AB,610000
6 Bedroom Bungalow Cambridge,280 Church Road,Cambridge,CB7 1AB,1375000
2 Bedroom Bungalow Chelmsford,287 Queen Street,Chelmsford,CM7 2AB,800000
4 Bedroom House Ipswich,209 London Road,Ipswich,IP7 2AB,1200000
2 Bedroom Apartment Norwich,187 London Road,Norwich,NR4 6AB,965000
3 Bedroom Bungalow Ipswich,180 Mill Lane,Ipswich,IP6 1AB,1360000
4 Bedroom Apartment Norwich,45 King Street,Norwich,NR2 8AB,330000
5 Bedroom House Ipswich,50 Station Road,Ipswich,IP7 5AB,1065000
5 Bedroom Apartment Chelmsford,57 High Street,Chelmsford,CM4 6AB,215000
4 Bedroom Apartment Colchester,280 Park Road,Colchester,CO5 8AB,1330000
4 Bedroom Apartment Colchester,264 Mill Lane,Colchester,CO1 3AB,1410000
5 Bedroom House Chelmsford,139 London Road,Chelmsford,CM6 8AB,200000
1 Bedroom Apartment London,217 Church Road,London,E8 6AB,1025000
2 Bedroom Apartment Chelmsford,243 King Street,Chelmsford,CM4 1AB,1085000
1 Bedroom Apartment Ipswich,31 Springfield Road,Ipswich,IP1 9AB,470000
3 Bedroom Bungalow Ipswich,130 Springfield Road,Ipswich,IP6 9AB,195000
3 Bedroom Cottage Chelmsford,42 King Street,Chelmsford,CM1 4AB,250000
2 Bedroom House Ipswich,13 King Street,Ipswich,IP3 7AB,270000
6 Bedroom House London,158 High Street,London,E3 3AB,905000
4 Bedroom Bungalow Cambridge,48 Station Road,Cambridge,CB5 3AB,1280000
1 Bedroom House Ipswich,185 Park Road,Ipswich,IP7 6AB,390000
6 Bedroom Apartment Cambridge,164 Mill Lane,Cambridge,CB6 3AB,900000
2 Bedroom House Chelmsford,72 Springfield Road,Chelmsford,CM7 7AB,360000
5 Bedroom Bungalow Norwich,277 Victoria Road,Norwich,NR8 2AB,485000
3 Bedroom Apartment London,15 Victoria Road,London,E2 6AB,915000
6 Bedroom Cottage London,64 High Street,London,E1 6AB,940000
5 Bedroom Bungalow Ipswich,65 King Street,Ipswich,IP7 6AB,430000
4 Bedroom House London,296 London Road,London,E8 3AB,1120000
5 Bedroom Bungalow London,117 Victoria Road,London,E7 9AB,385000
4 Bedroom Apartment Chelmsford,99 Mill Lane,Chelmsford,CM1 1AB,785000
2 Bedroom Cottage Ipswich,102 High Street,Ipswich,IP4 1AB,260000
4 Bedroom Cottage Cambridge,106 Springfield Road,Cambridge,CB4 8AB,760000
2 Bedroom Cottage Norwich,71 Queen Street,Norwich,NR3 1AB,770000
5 Bedroom House Chelmsford,290 Park Road,Chelmsford,CM6 3AB,1065000
2 Bedroom Apartment Cambridge,74 High Street,Cambridge,CB5 3AB,445000
6 Bedroom Cottage Cambridge,116 Station Road,Cambridge,CB3 7AB,840000
4 Bedroom Apartment London,268 Springfield Road,London,E6 1AB,615000
6 Bedroom Apartment Chelmsford,69 Springfield Road,Chelmsford,CM3 1AB,1395000
1 Bedroom Bungalow London,132 Queen Street,London,E4 6AB,645000
5 Bedroom Cottage London,3 King Street,London,E2 8AB,700000
3 Bedroom Apartment Chelmsford,255 Mill Lane,Chelmsford,CM5 8AB,510000
2 Bedroom Apartment Norwich,4 King Street,Norwich,NR1 7AB,300000
6 Bedroom Bungalow London,3 Station Road,London,E8 4AB,490000
1 Bedroom Bungalow Colchester,42 London Road,Colchester,CO1 7AB,875000
2 Bedroom Cottage Norwich,14 High Street,Norwich,NR9 7AB,610000
3 Bedroom Cottage Ipswich,235 Victoria Road,Ipswich,IP8 8AB,735000
4 Bedroom Cottage London,5 Victoria Road,London,E8 1AB,1030000
3 Bedroom Apartment Chelmsford,164 High Street,Chelmsford,CM7 5AB,420000
3 Bedroom Apartment Colchester,72 Church Road,Colchester,CO1 2AB,1315000
5 Bedroom Bungalow London,84 King Street,London,E2 6AB,1170000
3 Bedroom Bungalow Chelmsford,81 Springfield Road,Chelmsford,CM6 8AB,1460000
4 Bedroom Apartment Ipswich,185 Park Road,Ipswich,IP1 4AB,480000
3 Bedroom Bungalow Norwich,289 High Street,Norwich,NR2 5AB,835000
1 Bedroom Cottage Ipswich,66 King Street,Ipswich,IP5 9AB,845000
5 Bedroom Apartment Norwich,2 King Street,Norwich,NR8 9AB,1415000
4 Bedroom Cottage Colchester,53 Park Road,Colchester,CO6 3AB,350000
5 Bedroom Bungalow Norwich,245 Victoria Road,Norwich,NR5 3AB,990000
5 Bedroom House Ipswich,33 Mill Lane,Ipswich,IP6 9AB,1415000
2 Bedroom House Norwich,218 London Road,Norwich,NR1 8AB,1320000
1 Bedroom Apartment Colchester,111 Church Road,Colchester,CO7 4AB,795000
2 Bedroom Bungalow Chelmsford,111 London Road,Chelmsford,CM6 2AB,655000
1 Bedroom Apartment Chelmsford,101 Church Road,Chelmsford,CM5 7AB,1260000
1 Bedroom Cottage Chelmsford,259 Queen Street,Chelmsford,CM9 8AB,530000
5 Bedroom House Chelmsford,249 London Road,Chelmsford,CM1 5AB,885000
3 Bedroom Apartment Chelmsford,246 Victoria Road,Chelmsford,CM1 4AB,310000
3 Bedroom Bungalow London,177 King Street,London,E1 5AB,235000
1 Bedroom Bungalow Cambridge,139 Church Road,Cambridge,CB6 3AB,470000
4 Bedroom Cottage Colchester,147 Queen Street,Colchester,CO6 9AB,1105000
4 Bedroom Bungalow London,111 London Road,London,E7 1AB,825000
1 Bedroom Cottage Colchester,165 Springfield Road,Colchester,CO1 7AB,780000
6 Bedroom Cottage Ipswich,212 Springfield Road,Ipswich,IP7 3AB,1290000
2 Bedroom House Colchester,253 High Street,Colchester,CO2 1AB,740000
5 Bedroom Bungalow Norwich,292 Mill Lane,Norwich,NR4 5AB,610000
4 Bedroom Cottage Norwich,259 London Road,Norwich,NR8 7AB,755000
1 Bedroom Apartment London,180 Church Road,London,E4 1AB,830000
3 Bedroom Apartment Chelmsford,129 High Street,Chelmsford,CM7 1AB,970000
4 Bedroom House Ipswich,161 Park Road,Ipswich,IP6 1AB,320000
1 Bedroom House Colchester,226 High Street,Colchester,CO3 9AB,785000
1 Bedroom Bungalow Norwich,167 Springfield Road,Norwich,NR2 7AB,1465000
5 Bedroom Cottage Norwich,34 Victoria Road,Norwich,NR2 5AB,890000
2 Bedroom Apartment Norwich,139 London Road,Norwich,NR5 2AB,360000
6 Bedroom Bungalow Ipswich,154 Springfield Road,Ipswich,IP3 1AB,1375000
3 Bedroom Cottage Chelmsford,45 Station Road,Chelmsford,CM5 7AB,1090000
3 Bedroom Apartment London,123 London Road,London,E9 4AB,1085000
6 Bedroom Apartment Chelmsford,164 Queen Street,Chelmsford,CM4 3AB,820000
4 Bedroom Bungalow Norwich,225 High Street,Norwich,NR5 8AB,825000
3 Bedroom Bungalow Colchester,95 Park Road,Colchester,CO6 3AB,995000
6 Bedroom Bungalow Norwich,285 London Road,Norwich,NR9 6AB,1375000
6 Bedroom House Colchester,262 High Street,Colchester,CO3 9AB,700000
4 Bedroom House Norwich,255 King Street,Norwich,NR8 3AB,850000
5 Bedroom Bungalow Cambridge,137 Church Road,Cambridge,CB2 6AB,215000
1 Bedroom House Cambridge,54 London Road,Cambridge,CB1 6AB,1060000
3 Bedroom Cottage Ipswich,43 Victoria Road,Ipswich,IP6 5AB,260000
3 Bedroom Cottage Ipswich,100 Victoria Road,Ipswich,IP5 8AB,1180000
5 Bedroom House Colchester,293 High Street,Colchester,CO4 3AB,1250000
5 Bedroom Bungalow Ipswich,220 High Street,Ipswich,IP1 5AB,815000
3 Bedroom Bungalow Norwich,41 High Street,Norwich,NR3 6AB,1385000
4 Bedroom Cottage Norwich,276 Springfield Road,Norwich,NR8 8AB,215000
4 Bedroom Apartment Norwich,94 Mill Lane,Norwich,NR6 8AB,735000
3 Bedroom Bungalow Cambridge,7 Station Road,Cambridge,CB5 1AB,1115000
3 Bedroom Apartment London,99 Mill Lane,London,E4 6AB,430000
1 Bedroom House Cambridge,205 High Street,Cambridge,CB6 1AB,1160000
3 Bedroom House London,147 Park Road,London,E5 3AB,1385000
1 Bedroom Apartment Cambridge,43 King Street,Cambridge,CB7 8AB,1250000
5 Bedroom House Ipswich,266 Mill Lane,Ipswich,IP1 5AB,260000
1 Bedroom Apartment London,221 Queen Street,London,E9 6AB,825000
6 Bedroom House Colchester,285 King Street,Colchester,CO4 2AB,545000
3 Bedroom Bungalow London,7 King Street,London,E4 3AB,970000
6 Bedroom Cottage Norwich,146 Victoria Road,Norwich,NR6 4AB,640000
4 Bedroom Apartment Cambridge,177 King Street,Cambridge,CB2 6AB,740000
6 Bedroom Bungalow Cambridge,166 London Road,Cambridge,CB6 2AB,1065000
5 Bedroom Bungalow Colchester,58 Station Road,Colchester,CO9 1AB,710000
2 Bedroom Cottage Colchester,177 Springfield Road,Colchester,CO1 3AB,860000
6 Bedroom Bungalow Colchester,24 London Road,Colchester,CO3 1AB,1405000
1 Bedroom Apartment Colchester,167 Park Road,Colchester,CO7 6AB,1300000
5 Bedroom House Chelmsford,267 Queen Street,Chelmsford,CM5 4AB,1055000
2 Bedroom House Norwich,210 King Street,Norwich,NR7 4AB,1450000
4 Bedroom House Ipswich,70 Victoria Road,Ipswich,IP6 5AB,1080000
2 Bedroom Bungalow Ipswich,175 Springfield Road,Ipswich,IP4 2AB,1350000
3 Bedroom Apartment Ipswich,103 London Road,Ipswich,IP3 3AB,1125000
5 Bedroom Apartment Chelmsford,293 Station Road,Chelmsford,CM3 7AB,1135000
1 Bedroom Apartment Colchester,150 Mill Lane,Colchester,CO4 1AB,775000
3 Bedroom House London,152 King Street,London,E3 1AB,1015000
4 Bedroom Bungalow Colchester,228 London Road,Colchester,CO5 1AB,370000
5 Bedroom House Chelmsford,114 High Street,Chelmsford,CM7 5AB,890000
5 Bedroom Cottage Chelmsford,278 Park Road,Chelmsford,CM6 5AB,330000
6 Bedroom Apartment Norwich,192 Station Road,Norwich,NR7 9AB,1265000
5 Bedroom Bungalow Cambridge,70 London Road,Cambridge,CB9 4AB,1100000
6 Bedroom Bungalow Colchester,226 Springfield Road,Colchester,CO9 8AB,1370000
5 Bedroom Cottage Cambridge,152 High Street,Cambridge,CB7 4AB,1240000
4 Bedroom Apartment Norwich,256 Church Road,Norwich,NR5 6AB,545000
1 Bedroom House Chelmsford,173 Queen Street,Chelmsford,CM9 3AB,555000
5 Bedroom House Norwich,36 High Street,Norwich,NR1 4AB,1200000
1 Bedroom House Colchester,237 Church Road,Colchester,CO7 9AB,370000
6 Bedroom Bungalow Colchester,152 Church Road,Colchester,CO2 4AB,600000
2 Bedroom Cottage Colchester,96 Mill Lane,Colchester,CO7 4AB,1340000
5 Bedroom Cottage Ipswich,13 Station Road,Ipswich,IP6 3AB,1015000
2 Bedroom Cottage Cambridge,174 Park Road,Cambridge,CB4 7AB,1330000
4 Bedroom Bungalow Norwich,274 Mill Lane,Norwich,NR4 1AB,895000
2 Bedroom Cottage Ipswich,50 Station Road,Ipswich,IP7 1AB,990000
5 Bedroom Apartment Norwich,203 Queen Street,Norwich,NR2 9AB,455000
3 Bedroom Apartment Cambridge,272 London Road,Cambridge,CB2 5AB,1465000
5 Bedroom Apartment Colchester,155 Victoria Road,Colchester,CO5 8AB,150000
3 Bedroom Bungalow Cambridge,95 Park Road,Cambridge,CB9 7AB,650000
5 Bedroom House Ipswich,158 Victoria Road,Ipswich,IP3 3AB,605000
2 Bedroom Bungalow London,171 Queen Street,London,E8 2AB,1410000
1 Bedroom Bungalow Ipswich,269 High Street,Ipswich,IP4 4AB,760000
4 Bedroom Cottage Cambridge,285 Church Road,Cambridge,CB5 8AB,420000
6 Bedroom House Cambridge,186 High Street,Cambridge,CB3 8AB,885000
5 Bedroom Cottage Ipswich,20 Station Road,Ipswich,IP4 4AB,380000
6 Bedroom Bungalow Chelmsford,209 High Street,Chelmsford,CM1 2AB,1415000
1 Bedroom Bungalow Chelmsford,294 Church Road,Chelmsford,CM6 6AB,755000
4 Bedroom Apartment London,65 London Road,London,E8 4AB,940000
1 Bedroom Apartment Ipswich,60 Station Road,Ipswich,IP2 4AB,770000
4 Bedroom Cottage Ipswich,141 Park Road,Ipswich,IP2 8AB,300000
1 Bedroom Apartment Norwich,181 Springfield Road,Norwich,NR2 6AB,1145000
5 Bedroom Apartment Cambridge,48 Mill Lane,Cambridge,CB5 8AB,1095000
3 Bedroom House London,176 Queen Street,London,E1 5AB,1310000
1 Bedroom Cottage Cambridge,85 London Road,Cambridge,CB4 7AB,220000
5 Bedroom Cottage Norwich,45 King Street,Norwich,NR2 2AB,1445000
3 Bedroom House Chelmsford,41 Victoria Road,Chelmsford,CM6 7AB,835000
6 Bedroom Cottage Colchester,92 King Street,Colchester,CO6 2AB,510000
5 Bedroom Apartment London,171 Victoria Road,London,E7 8AB,1395000
3 Bedroom Apartment Ipswich,149 Victoria Road,Ipswich,IP3 5AB,595000
3 Bedroom House London,47 Springfield Road,London,E9 6AB,815000
3 Bedroom Bungalow Cambridge,13 London Road,Cambridge,CB6 3AB,310000
5 Bedroom Apartment Colchester,256 Park Road,Colchester,CO6 3AB,245000
4 Bedroom Apartment Colchester,258 Queen Street,Colchester,CO2 4AB,1115000
1 Bedroom Cottage Chelmsford,297 London Road,Chelmsford,CM2 1AB,520000
2 Bedroom Bungalow Cambridge,233 Queen Street,Cambridge,CB9 7AB,450000
1 Bedroom House Cambridge,142 Mill Lane,Cambridge,CB8 6AB,820000
6 Bedroom Apartment Norwich,13 High Street,Norwich,NR6 6AB,240000
3 Bedroom Bungalow Ipswich,10 Queen Street,Ipswich,IP5 7AB,770000
4 Bedroom Bungalow Ipswich,46 London Road,Ipswich,IP5 8AB,1275000
6 Bedroom House Chelmsford,157 Springfield Road,Chelmsford,CM8 8AB,1355000
1 Bedroom House London,60 Station Road,London,E6 5AB,1460000
2 Bedroom Bungalow Chelmsford,223 London Road,Chelmsford,CM6 5AB,425000
2 Bedroom Bungalow Ipswich,11 Springfield Road,Ipswich,IP7 9AB,1045000
1 Bedroom Apartment Ipswich,14 High Street,Ipswich,IP7 7AB,665000
1 Bedroom Cottage Chelmsford,250 Victoria Road,Chelmsford,CM8 4AB,1105000
2 Bedroom Bungalow Chelmsford,200 Park Road,Chelmsford,CM2 1AB,275000
1 Bedroom Bungalow Cambridge,189 Church Road,Cambridge,CB9 1AB,1000000
2 Bedroom Bungalow Cambridge,34 Church Road,Cambridge,CB5 4AB,785000
4 Bedroom Cottage Colchester,110 Church Road,Colchester,CO4 1AB,465000
3 Bedroom House Colchester,115 Park Road,Colchester,CO2 9AB,445000
2 Bedroom House Ipswich,154 Station Road,Ipswich,IP6 6AB,310000
3 Bedroom House Norwich,194 High Street,Norwich,NR5 2AB,675000
1 Bedroom House Chelmsford,12 Springfield Road,Chelmsford,CM8 1AB,250000
1 Bedroom House Ipswich,231 Church Road,Ipswich,IP7 3AB,1215000
4 Bedroom Apartment Cambridge,40 Station Road,Cambridge,CB4 2AB,1365000
6 Bedroom Cottage Norwich,59 Station Road,Norwich,NR7 9AB,905000
2 Bedroom Bungalow Chelmsford,5 Station Road,Chelmsford,CM6 9AB,355000
4 Bedroom Bungalow London,131 Victoria Road,London,E8 2AB,1290000
2 Bedroom House Ipswich,60 Springfield Road,Ipswich,IP6 8AB,375000
6 Bedroom Cottage London,97 King Street,London,E1 9AB,1310000
2 Bedroom Bungalow London,40 Springfield Road,London,E1 3AB,250000
5 Bedroom Cottage Colchester,223 Church Road,Colchester,CO3 5AB,400000
5 Bedroom Apartment Chelmsford,245 Park Road,Chelmsford,CM4 6AB,215000
6 Bedroom Cottage Colchester,47 Queen Street,Colchester,CO7 4AB,595000
4 Bedroom Bungalow Norwich,43 Church Road,Norwich,NR2 3AB,1335000
6 Bedroom Cottage Ipswich,54 Station Road,Ipswich,IP6 8AB,1015000
6 Bedroom Apartment London,219 High Street,London,E9 2AB,1450000
6 Bedroom Bungalow Colchester,150 Station Road,Colchester,CO9 1AB,180000
5 Bedroom Bungalow Ipswich,296 Church Road,Ipswich,IP1 1AB,890000
6 Bedroom House Ipswich,81 King Street,Ipswich,IP3 3AB,1315000
2 Bedroom House Chelmsford,10 Queen Street,Chelmsford,CM2 2AB,175000
2 Bedroom House Cambridge,32 Queen Street,Cambridge,CB2 9AB,1095000
2 Bedroom Cottage London,107 Victoria Road,London,E5 8AB,1285000
5 Bedroom Cottage Cambridge,262 Queen Street,Cambridge,CB4 7AB,1195000
6 Bedroom Apartment London,3 Queen Street,London,E7 1AB,385000
6 Bedroom Bungalow London,46 London Road,London,E9 7AB,290000
5 Bedroom Apartment Chelmsford,28 High Street,Chelmsford,CM3 6AB,880000
6 Bedroom Bungalow London,22 Church Road,London,E9 5AB,1440000
5 Bedroom House Ipswich,284 Mill Lane,Ipswich,IP2 8AB,760000
6 Bedroom Apartment Norwich,106 King Street,Norwich,NR5 7AB,1105000
5 Bedroom Bungalow Cambridge,286 King Street,Cambridge,CB2 4AB,1200000
2 Bedroom Cottage Ipswich,149 Park Road,Ipswich,IP7 2AB,1420000
4 Bedroom Bungalow Chelmsford,20 King Street,Chelmsford,CM9 8AB,840000
1 Bedroom Bungalow Norwich,296 London Road,Norwich,NR5 9AB,295000
6 Bedroom Cottage Norwich,57 Springfield Road,Norwich,NR4 7AB,295000
4 Bedroom Apartment Chelmsford,81 Springfield Road,Chelmsford,CM6 8AB,1190000
1 Bedroom House Norwich,42 Queen Street,Norwich,NR2 9AB,460000
1 Bedroom Cottage London,167 Springfield Road,London,E8 2AB,860000
1 Bedroom Apartment Cambridge,70 Springfield Road,Cambridge,CB9 6AB,970000
6 Bedroom Apartment Chelmsford,101 Park Road,Chelmsford,CM8 3AB,1405000
5 Bedroom Cottage London,152 Church Road,London,E8 8AB,610000
3 Bedroom Bungalow Cambridge,258 Park Road,Cambridge,CB9 5AB,675000
2 Bedroom House Chelmsford,112 King Street,Chelmsford,CM9 8AB,470000
4 Bedroom House London,48 King Street,London,E6 8AB,1195000
1 Bedroom Apartment Norwich,123 Queen Street,Norwich,NR9 9AB,1490000
5 Bedroom Bungalow Ipswich,75 Park Road,Ipswich,IP9 1AB,405000
1 Bedroom Apartment Cambridge,59 Church Road,Cambridge,CB2 8AB,535000
1 Bedroom Bungalow Cambridge,272 Queen Street,Cambridge,CB2 3AB,800000
4 Bedroom Cottage Colchester,264 King Street,Colchester,CO8 9AB,500000
1 Bedroom Apartment Norwich,162 Church Road,Norwich,NR3 7AB,665000
4 Bedroom House Colchester,239 Church Road,Colchester,CO2 2AB,160000
3 Bedroom Cottage Cambridge,17 Springfield Road,Cambridge,CB7 9AB,475000
5 Bedroom House London,170 High Street,London,E5 9AB,425000
3 Bedroom Cottage Colchester,145 Springfield Road,Colchester,CO5 2AB,1295000
2 Bedroom Cottage Cambridge,225 Church Road,Cambridge,CB5 8AB,965000
4 Bedroom Apartment London,127 Station Road,London,E3 2AB,815000
3 Bedroom Cottage Colchester,280 Queen Street,Colchester,CO3 7AB,970000
5 Bedroom Bungalow Norwich,205 Victoria Road,Norwich,NR7 9AB,620000
1 Bedroom Cottage Colchester,42 Queen Street,Colchester,CO8 6AB,670000
6 Bedroom Bungalow Chelmsford,80 Station Road,Chelmsford,CM2 2AB,165000
6 Bedroom Bungalow Colchester,248 High Street,Colchester,CO1 2AB,1195000
6 Bedroom Bungalow Norwich,217 Springfield Road,Norwich,NR8 2AB,195000
2 Bedroom Apartment Norwich,130 London Road,Norwich,NR7 1AB,990000
4 Bedroom Bungalow Colchester,92 Springfield Road,Colchester,CO9 4AB,890000
4 Bedroom Cottage London,46 King Street,London,E5 7AB,920000
4 Bedroom House Cambridge,248 King Street,Cambridge,CB3 8AB,415000
2 Bedroom Bungalow Norwich,151 Springfield Road,Norwich,NR6 4AB,915000
4 Bedroom Cottage Colchester,88 King Street,Colchester,CO7 5AB,1460000
4 Bedroom Cottage Cambridge,160 Mill Lane,Cambridge,CB3 7AB,1040000
5 Bedroom Cottage Ipswich,245 Queen Street,Ipswich,IP5 2AB,745000
4 Bedroom House Norwich,36 High Street,Norwich,NR5 3AB,1135000
2 Bedroom Apartment Colchester,204 Victoria Road,Colchester,CO6 5AB,1080000
1 Bedroom Bungalow London,281 Victoria Road,London,E2 7AB,1470000
1 Bedroom Apartment Chelmsford,188 King Street,Chelmsford,CM6 8AB,1285000
1 Bedroom House Colchester,139 Victoria Road,Colchester,CO5 3AB,395000
5 Bedroom Apartment Cambridge,42 High Street,Cambridge,CB5 7AB,315000
4 Bedroom House London,176 King Street,London,E9 2AB,395000
3 Bedroom Bungalow Chelmsford,246 Park Road,Chelmsford,CM4 7AB,820000
6 Bedroom Cottage Ipswich,171 Mill Lane,Ipswich,IP9 6AB,1490000
4 Bedroom Cottage Norwich,204 Victoria Road,Norwich,NR5 4AB,615000
1 Bedroom Apartment Cambridge,96 Springfield Road,Cambridge,CB8 2AB,470000
5 Bedroom Bungalow London,180 Victoria Road,London,E4 8AB,890000
4 Bedroom House London,5 Church Road,London,E5 5AB,1155000
6 Bedroom House Norwich,73 Victoria Road,Norwich,NR5 9AB,990000
1 Bedroom Cottage Chelmsford,87 Springfield Road,Chelmsford,CM7 1AB,720000
5 Bedroom Apartment Ipswich,21 London Road,Ipswich,IP4 8AB,370000
1 Bedroom Apartment Ipswich,76 London Road,Ipswich,IP2 6AB,1335000
6 Bedroom House Colchester,23 Springfield Road,Colchester,CO4 3AB,730000
2 Bedroom House Cambridge,185 Park Road,Cambridge,CB7 6AB,390000
3 Bedroom Apartment London,44 Station Road,London,E4 5AB,905000
6 Bedroom House London,46 Park Road,London,E7 1AB,1490000
5 Bedroom House Chelmsford,114 Mill Lane,Chelmsford,CM8 7AB,255000
5 Bedroom Bungalow Ipswich,10 Church Road,Ipswich,IP1 2AB,195000
6 Bedroom Bungalow London,260 High Street,London,E2 9AB,565000
4 Bedroom Apartment Norwich,223 Mill Lane,Norwich,NR6 8AB,905000
3 Bedroom House Ipswich,129 Springfield Road,Ipswich,IP9 1AB,430000
4 Bedroom Cottage Cambridge,53 King Street,Cambridge,CB8 9AB,1240000
4 Bedroom Cottage Chelmsford,225 High Street,Chelmsford,CM2 9AB,1475000
2 Bedroom Apartment Colchester,231 Mill Lane,Colchester,CO7 6AB,1265000
5 Bedroom House Chelmsford,104 High Street,Chelmsford,CM7 9AB,1265000
3 Bedroom House Ipswich,23 Mill Lane,Ipswich,IP1 7AB,705000
3 Bedroom Apartment Colchester,156 King Street,Colchester,CO7 3AB,1165000
6 Bedroom Bungalow Chelmsford,77 Mill Lane,Chelmsford,CM3 5AB,450000
2 Bedroom Bungalow Cambridge,67 Station Road,Cambridge,CB4 4AB,990000
5 Bedroom House Chelmsford,31 Park Road,Chelmsford,CM5 8AB,905000
2 Bedroom Bungalow Ipswich,146 Station Road,Ipswich,IP5 8AB,1280000
3 Bedroom House Cambridge,229 Park Road,Cambridge,CB6 1AB,195000
1 Bedroom House Cambridge,80 London Road,Cambridge,CB3 4AB,1440000
1 Bedroom House Ipswich,279 King Street,Ipswich,IP7 5AB,385000
2 Bedroom House Norwich,50 Victoria Road,Norwich,NR3 5AB,410000
5 Bedroom Cottage Norwich,71 Springfield Road,Norwich,NR5 8AB,935000
1 Bedroom House Colchester,162 Park Road,Colchester,CO8 8AB,475000
3 Bedroom House London,102 London Road,London,E8 7AB,1015000
1 Bedroom Bungalow Chelmsford,259 Queen Street,Chelmsford,CM8 2AB,920000
3 Bedroom House Norwich,88 King Street,Norwich,NR7 2AB,695000
6 Bedroom House Ipswich,260 Church Road,Ipswich,IP9 7AB,275000
3 Bedroom Cottage Norwich,19 High Street,Norwich,NR7 4AB,910000
4 Bedroom Bungalow London,261 Victoria Road,London,E4 9AB,725000
2 Bedroom Apartment Norwich,68 Station Road,Norwich,NR7 5AB,930000
3 Bedroom House Colchester,64 Church Road,Colchester,CO4 9AB,1285000
4 Bedroom Bungalow Cambridge,216 Queen Street,Cambridge,CB4 9AB,1305000
2 Bedroom Cottage Norwich,69 Station Road,Norwich,NR9 5AB,1070000
1 Bedroom House Colchester,213 Mill Lane,Colchester,CO1 6AB,305000
3 Bedroom Cottage Cambridge,125 London Road,Cambridge,CB9 3AB,500000
5 Bedroom Cottage Norwich,100 London Road,Norwich,NR3 2AB,1395000
6 Bedroom Bungalow London,237 High Street,London,E6 2AB,1440000
4 Bedroom Bungalow Chelmsford,229 Queen Street,Chelmsford,CM8 3AB,235000
1 Bedroom House Norwich,81 King Street,Norwich,NR3 7AB,1175000
6 Bedroom Bungalow Chelmsford,169 London Road,Chelmsford,CM9 1AB,190000
5 Bedroom House Ipswich,103 Park Road,Ipswich,IP7 4AB,600000
5 Bedroom Bungalow London,201 Springfield Road,London,E5 7AB,160000
1 Bedroom House Norwich,298 Station Road,Norwich,NR9 3AB,450000
2 Bedroom Cottage Norwich,277 Church Road,Norwich,NR6 8AB,385000
3 Bedroom House Ipswich,241 London Road,Ipswich,IP9 5AB,990000
2 Bedroom Apartment London,230 Victoria Road,London,E5 9AB,1295000
2 Bedroom Cottage Colchester,16 Park Road,Colchester,CO5 8AB,955000
1 Bedroom Apartment Cambridge,196 Station Road,Cambridge,CB9 9AB,1245000
5 Bedroom Apartment Norwich,118 Church Road,Norwich,NR2 8AB,925000
5 Bedroom House London,165 High Street,London,E6 3AB,1195000
3 Bedroom House Cambridge,183 Mill Lane,Cambridge,CB6 9AB,1420000
3 Bedroom House Ipswich,51 Queen Street,Ipswich,IP3 4AB,455000
5 Bedroom Bungalow Colchester,70 King Street,Colchester,CO6 6AB,1225000
1 Bedroom Apartment Norwich,98 King Street,Norwich,NR8 9AB,985000
6 Bedroom Bungalow Chelmsford,116 London Road,Chelmsford,CM4 7AB,665000
6 Bedroom Cottage Norwich,298 Park Road,Norwich,NR8 1AB,590000
1 Bedroom Apartment Ipswich,152 Church Road,Ipswich,IP5 9AB,1310000
3 Bedroom House Colchester,47 King Street,Colchester,CO7 1AB,615000
2 Bedroom Cottage Cambridge,266 High Street,Cambridge,CB1 6AB,375000
6 Bedroom Bungalow Colchester,278 Station Road,Colchester,CO5 6AB,1255000
1 Bedroom Bungalow Cambridge,268 Church Road,Cambridge,CB9 3AB,810000
4 Bedroom Apartment London,242 Church Road,London,E7 3AB,695000
6 Bedroom House Cambridge,61 Queen Street,Cambridge,CB8 4AB,1390000
1 Bedroom Apartment Cambridge,87 King Street,Cambridge,CB7 5AB,430000
5 Bedroom Apartment Cambridge,59 High Street,Cambridge,CB7 1AB,1260000
1 Bedroom Bungalow London,154 Queen Street,London,E5 4AB,435000
1 Bedroom Apartment Chelmsford,220 Church Road,Chelmsford,CM6 5AB,1405000
3 Bedroom Cottage Colchester,132 King Street,Colchester,CO2 7AB,605000
5 Bedroom Apartment Ipswich,106 Victoria Road,Ipswich,IP4 8AB,535000
6 Bedroom Cottage London,140 Victoria Road,London,E3 2AB,1385000
1 Bedroom Apartment Norwich,224 Victoria Road,Norwich,NR5 1AB,1195000
2 Bedroom Apartment Colchester,111 Queen Street,Colchester,CO2 3AB,1220000
4 Bedroom Cottage London,100 Church Road,London,E8 8AB,1105000
4 Bedroom Cottage Cambridge,35 Station Road,Cambridge,CB7 8AB,345000
2 Bedroom Apartment Norwich,271 King Street,Norwich,NR6 2AB,985000
2 Bedroom House Colchester,289 Victoria Road,Colchester,CO2 9AB,290000
6 Bedroom Apartment Chelmsford,25 Queen Street,Chelmsford,CM1 5AB,1235000
3 Bedroom Cottage Ipswich,291 Mill Lane,Ipswich,IP4 5AB,740000
1 Bedroom Bungalow Chelmsford,49 London Road,Chelmsford,CM6 6AB,620000
3 Bedroom Bungalow Norwich,8 Mill Lane,Norwich,NR5 6AB,805000
6 Bedroom Cottage Colchester,138 London Road,Colchester,CO6 4AB,580000
1 Bedroom Cottage Cambridge,47 London Road,Cambridge,CB1 1AB,1395000
3 Bedroom House Norwich,274 Queen Street,Norwich,NR3 5AB,585000
5 Bedroom Apartment London,258 King Street,London,E1 7AB,915000
1 Bedroom House London,132 Station Road,London,E7 7AB,855000
5 Bedroom Apartment Ipswich,40 Church Road,Ipswich,IP4 5AB,1190000
2 Bedroom Apartment Chelmsford,103 Queen Street,Chelmsford,CM6 2AB,1465000
4 Bedroom House Chelmsford,216 Mill Lane,Chelmsford,CM1 5AB,1075000
5 Bedroom Bungalow London,257 Station Road,London,E5 4AB,1210000
5 Bedroom House Norwich,138 Springfield Road,Norwich,NR1 6AB,1130000
3 Bedroom Apartment Norwich,198 Victoria Road,Norwich,NR6 7AB,850000
3 Bedroom Cottage Cambridge,243 Church Road,Cambridge,CB9 6AB,475000
1 Bedroom Bungalow Ipswich,137 Park Road,Ipswich,IP2 3AB,1415000
6 Bedroom Cottage Ipswich,96 Church Road,Ipswich,IP3 8AB,1475000
5 Bedroom Bungalow London,21 Springfield Road,London,E1 4AB,165000
2 Bedroom Apartment London,164 Springfield Road,London,E6 7AB,230000
6 Bedroom House Ipswich,214 Queen Street,Ipswich,IP2 2AB,935000
6 Bedroom Cottage Chelmsford,79 Springfield Road,Chelmsford,CM8 4AB,925000
2 Bedroom Apartment Chelmsford,89 London Road,Chelmsford,CM4 1AB,500000
6 Bedroom Apartment Norwich,220 Springfield Road,Norwich,NR6 2AB,675000
1 Bedroom Apartment Chelmsford,264 High Street,Chelmsford,CM4 2AB,1330000
5 Bedroom House Norwich,272 Queen Street,Norwich,NR2 2AB,935000
2 Bedroom House Cambridge,149 Church Road,Cambridge,CB4 1AB,1105000
6 Bedroom Cottage Chelmsford,143 Park Road,Chelmsford,CM7 8AB,180000
3 Bedroom Bungalow Norwich,149 Victoria Road,Norwich,NR8 5AB,1450000
5 Bedroom House London,250 Church Road,London,E3 4AB,1355000
4 Bedroom House Cambridge,6 London Road,Cambridge,CB9 7AB,660000
6 Bedroom Apartment Cambridge,174 Church Road,Cambridge,CB2 1AB,555000
3 Bedroom Cottage London,278 Church Road,London,E9 1AB,795000
4 Bedroom Bungalow Colchester,60 King Street,Colchester,CO3 8AB,920000
5 Bedroom House Ipswich,148 Church Road,Ipswich,IP3 2AB,830000
1 Bedroom House Chelmsford,66 King Street,Chelmsford,CM6 4AB,190000
2 Bedroom Bungalow Cambridge,166 Park Road,Cambridge,CB7 5AB,1350000
2 Bedroom Bungalow Colchester,182 Station Road,Colchester,CO9 1AB,930000
4 Bedroom Apartment Ipswich,105 Springfield Road,Ipswich,IP2 1AB,625000
3 Bedroom Bungalow London,38 Station Road,London,E9 7AB,1000000
5 Bedroom House Ipswich,179 Victoria Road,Ipswich,IP4 7AB,1140000
1 Bedroom Cottage Ipswich,246 Springfield Road,Ipswich,IP9 3AB,160000
1 Bedroom House Ipswich,298 Victoria Road,Ipswich,IP3 7AB,785000
5 Bedroom House Cambridge,267 Church Road,Cambridge,CB5 5AB,420000
2 Bedroom House Ipswich,48 Springfield Road,Ipswich,IP6 3AB,305000
5 Bedroom Cottage Cambridge,235 Springfield Road,Cambridge,CB7 6AB,950000
1 Bedroom Cottage London,107 London Road,London,E4 6AB,480000
2 Bedroom Apartment Ipswich,226 Victoria Road,Ipswich,IP8 8AB,1085000
2 Bedroom Apartment Ipswich,251 London Road,Ipswich,IP4 1AB,980000
3 Bedroom Apartment Norwich,175 Station Road,Norwich,NR9 1AB,685000
1 Bedroom Apartment London,36 High Street,London,E8 4AB,1385000
4 Bedroom Bungalow Norwich,81 King Street,Norwich,NR8 4AB,1240000
1 Bedroom House Colchester,171 Park Road,Colchester,CO9 3AB,390000
1 Bedroom Apartment Cambridge,270 Queen Street,Cambridge,CB6 3AB,855000
5 Bedroom Cottage Chelmsford,138 King Street,Chelmsford,CM3 4AB,575000
4 Bedroom Bungalow Chelmsford,198 Mill Lane,Chelmsford,CM4 2AB,1305000
4 Bedroom Apartment Ipswich,87 Park Road,Ipswich,IP3 3AB,635000
5 Bedroom Bungalow Cambridge,64 Mill Lane,Cambridge,CB5 5AB,580000
6 Bedroom Apartment London,57 Mill Lane,London,E2 5AB,205000
3 Bedroom Cottage London,91 King Street,London,E3 4AB,300000
4 Bedroom Bungalow Colchester,248 London Road,Colchester,CO8 2AB,650000
5 Bedroom Cottage Norwich,267 Park Road,Norwich,NR7 8AB,1225000
4 Bedroom Cottage Colchester,22 High Street,Colchester,CO5 3AB,675000
2 Bedroom Apartment Chelmsford,22 Church Road,Chelmsford,CM6 7AB,625000
4 Bedroom Apartment Ipswich,214 Victoria Road,Ipswich,IP4 8AB,670000
1 Bedroom Bungalow Chelmsford,85 High Street,Chelmsford,CM6 5AB,1110000
1 Bedroom House Ipswich,22 Park Road,Ipswich,IP4 8AB,785000
5 Bedroom Cottage Norwich,242 Mill Lane,Norwich,NR8 6AB,1460000
2 Bedroom House Norwich,244 Park Road,Norwich,NR7 1AB,470000
2 Bedroom Apartment Cambridge,112 Station Road,Cambridge,CB9 4AB,325000
1 Bedroom Apartment Ipswich,194 Queen Street,Ipswich,IP3 9AB,1005000
4 Bedroom House Colchester,261 London Road,Colchester,CO9 2AB,195000
2 Bedroom Cottage London,205 London Road,London,E4 5AB,150000
3 Bedroom Cottage London,240 Park Road,London,E7 3AB,1270000
3 Bedroom Cottage Cambridge,231 Mill Lane,Cambridge,CB9 1AB,620000
3 Bedroom House Colchester,104 London Road,Colchester,CO5 6AB,430000
2 Bedroom Cottage Norwich,144 Springfield Road,Norwich,NR9 4AB,940000
1 Bedroom Bungalow Ipswich,127 Park Road,Ipswich,IP1 9AB,420000
2 Bedroom Bungalow Cambridge,44 Queen Street,Cambridge,CB4 5AB,365000
5 Bedroom Bungalow Cambridge,140 Station Road,Cambridge,CB7 3AB,1255000
2 Bedroom Bungalow Norwich,49 London Road,Norwich,NR5 1AB,795000
2 Bedroom House Ipswich,212 Springfield Road,Ipswich,IP4 2AB,1005000
5 Bedroom Apartment Cambridge,279 London Road,Cambridge,CB1 6AB,575000
6 Bedroom House Chelmsford,76 Mill Lane,Chelmsford,CM7 2AB,1375000
4 Bedroom Bungalow Cambridge,127 Victoria Road,Cambridge,CB4 7AB,600000
2 Bedroom Apartment London,9 Church Road,London,E3 1AB,530000
6 Bedroom Bungalow Colchester,117 Mill Lane,Colchester,CO3 3AB,1375000
4 Bedroom Cottage Norwich,51 High Street,Norwich,NR2 9AB,740000
1 Bedroom Cottage Chelmsford,44 Church Road,Chelmsford,CM2 3AB,365000
3 Bedroom Apartment Chelmsford,136 Springfield Road,Chelmsford,CM7 2AB,720000
2 Bedroom Cottage Norwich,122 High Street,Norwich,NR9 1AB,835000
6 Bedroom Apartment Colchester,78 Queen Street,Colchester,CO4 5AB,385000
5 Bedroom Bungalow Colchester,2 London Road,Colchester,CO7 7AB,975000
6 Bedroom House Norwich,290 Park Road,Norwich,NR2 3AB,275000
6 Bedroom Bungalow London,293 Springfield Road,London,E4 9AB,275000
4 Bedroom Cottage London,229 Mill Lane,London,E9 5AB,470000
3 Bedroom Apartment Colchester,34 Station Road,Colchester,CO4 8AB,1255000
3 Bedroom Apartment Chelmsford,132 Mill Lane,Chelmsford,CM3 1AB,945000
4 Bedroom Apartment Chelmsford,148 Springfield Road,Chelmsford,CM5 2AB,770000
1 Bedroom Apartment Colchester,167 Church Road,Colchester,CO3 6AB,420000
1 Bedroom Apartment Norwich,76 Station Road,Norwich,NR8 4AB,630000
6 Bedroom Apartment Cambridge,264 London Road,Cambridge,CB5 2AB,490000
4 Bedroom Bungalow London,151 Queen Street,London,E3 2AB,505000
3 Bedroom Cottage London,137 High Street,London,E2 3AB,400000
4 Bedroom Cottage Chelmsford,160 Queen Street,Chelmsford,CM3 1AB,1245000
1 Bedroom Apartment Colchester,5 High Street,Colchester,CO4 7AB,685000
4 Bedroom Apartment Colchester,281 Queen Street,Colchester,CO2 7AB,725000
5 Bedroom Apartment Colchester,51 London Road,Colchester,CO3 9AB,635000
5 Bedroom Apartment London,37 Mill Lane,London,E7 2AB,345000
4 Bedroom Apartment Ipswich,179 Park Road,Ipswich,IP6 5AB,290000
1 Bedroom Cottage Colchester,267 Victoria Road,Colchester,CO6 5AB,865000
2 Bedroom Cottage Colchester,119 Park Road,Colchester,CO8 9AB,1150000
6 Bedroom Cottage Colchester,170 Mill Lane,Colchester,CO1 1AB,1305000
3 Bedroom Cottage London,98 London Road,London,E4 4AB,1095000
4 Bedroom Cottage Ipswich,37 High Street,Ipswich,IP2 4AB,1015000
2 Bedroom House Norwich,241 Mill Lane,Norwich,NR8 4AB,1000000
6 Bedroom Cottage Colchester,195 Springfield Road,Colchester,CO9 9AB,205000
3 Bedroom Apartment Chelmsford,148 Park Road,Chelmsford,CM3 4AB,455000
2 Bedroom Cottage Colchester,198 London Road,Colchester,CO2 2AB,865000
5 Bedroom Cottage Norwich,115 High Street,Norwich,NR5 8AB,610000
4 Bedroom House Chelmsford,150 Victoria Road,Chelmsford,CM7 3AB,1270000
6 Bedroom Cottage Norwich,187 Church Road,Norwich,NR4 2AB,620000
3 Bedroom House Ipswich,287 Queen Street,Ipswich,IP7 1AB,860000
6 Bedroom Bungalow Colchester,145 Park Road,Colchester,CO8 8AB,1090000
2 Bedroom House Chelmsford,283 Victoria Road,Chelmsford,CM1 5AB,1150000
3 Bedroom Apartment Colchester,70 Queen Street,Colchester,CO3 3AB,680000
1 Bedroom Apartment Norwich,9 Springfield Road,Norwich,NR1 2AB,330000
1 Bedroom House Chelmsford,262 Park Road,Chelmsford,CM8 9AB,1340000
1 Bedroom House London,290 Church Road,London,E7 2AB,1290000
1 Bedroom Apartment Cambridge,178 Springfield Road,Cambridge,CB1 4AB,890000
4 Bedroom Cottage Chelmsford,190 Springfield Road,Chelmsford,CM7 1AB,540000
4 Bedroom Apartment London,56 Queen Street,London,E3 3AB,215000
1 Bedroom House Cambridge,179 Victoria Road,Cambridge,CB7 9AB,1140000
1 Bedroom House Cambridge,253 High Street,Cambridge,CB9 1AB,995000
4 Bedroom Bungalow Chelmsford,288 Springfield Road,Chelmsford,CM3 4AB,385000
3 Bedroom Cottage Colchester,221 Mill Lane,Colchester,CO2 2AB,240000
6 Bedroom Cottage London,234 King Street,London,E8 1AB,795000
5 Bedroom Cottage Colchester,27 King Street,Colchester,CO4 4AB,1420000
5 Bedroom Cottage London,80 Queen Street,London,E7 1AB,815000
3 Bedroom Apartment London,254 Station Road,London,E1 9AB,355000
1 Bedroom Cottage Colchester,83 Park Road,Colchester,CO7 2AB,1300000
3 Bedroom Bungalow London,10 Victoria Road,London,E4 7AB,1220000
6 Bedroom Cottage Ipswich,111 Springfield Road,Ipswich,IP6 8AB,1060000
2 Bedroom Bungalow Cambridge,283 London Road,Cambridge,CB3 3AB,1390000
1 Bedroom House Norwich,117 London Road,Norwich,NR7 3AB,1240000
3 Bedroom Apartment London,283 Mill Lane,London,E6 3AB,150000
6 Bedroom Cottage Ipswich,252 King Street,Ipswich,IP1 2AB,1135000
6 Bedroom Apartment London,13 Mill Lane,London,E4 1AB,1375000
1 Bedroom Cottage Cambridge,162 Station Road,Cambridge,CB1 2AB,1145000
2 Bedroom Bungalow Ipswich,237 Springfield Road,Ipswich,IP9 9AB,235000
1 Bedroom House Norwich,219 Station Road,Norwich,NR9 6AB,345000
3 Bedroom Cottage Cambridge,81 Springfield Road,Cambridge,CB9 4AB,215000
5 Bedroom Cottage Norwich,171 Springfield Road,Norwich,NR6 5AB,485000
4 Bedroom Bungalow Cambridge,52 Springfield Road,Cambridge,CB3 7AB,1225000
3 Bedroom Apartment Colchester,93 Station Road,Colchester,CO7 9AB,1450000
3 Bedroom Apartment London,221 Church Road,London,E2 3AB,1040000
2 Bedroom Apartment Colchester,87 London Road,Colchester,CO9 1AB,1430000
5 Bedroom Bungalow Chelmsford,288 London Road,Chelmsford,CM8 7AB,1120000
5 Bedroom Cottage Norwich,263 Victoria Road,Norwich,NR6 9AB,240000
5 Bedroom Apartment Ipswich,206 Springfield Road,Ipswich,IP6 3AB,680000
1 Bedroom Apartment Colchester,129 London Road,Colchester,CO4 4AB,320000
3 Bedroom Bungalow Norwich,292 Springfield Road,Norwich,NR9 6AB,870000
1 Bedroom Cottage Cambridge,112 Queen Street,Cambridge,CB2 4AB,1085000
1 Bedroom House Norwich,223 Queen Street,Norwich,NR6 8AB,550000
4 Bedroom Apartment London,157 Queen Street,London,E3 6AB,1100000
4 Bedroom Bungalow Chelmsford,13 Mill Lane,Chelmsford,CM2 4AB,1425000
5 Bedroom Apartment Colchester,180 Queen Street,Colchester,CO1 4AB,995000
4 Bedroom House Cambridge,188 Park Road,Cambridge,CB1 9AB,165000
6 Bedroom House Norwich,239 Mill Lane,Norwich,NR6 4AB,930000
1 Bedroom Cottage Ipswich,137 Park Road,Ipswich,IP6 3AB,1415000
5 Bedroom Cottage Norwich,236 Church Road,Norwich,NR3 5AB,1000000
6 Bedroom House Colchester,221 High Street,Colchester,CO5 2AB,615000
1 Bedroom Cottage Cambridge,44 Park Road,Cambridge,CB7 4AB,635000
1 Bedroom Bungalow London,174 Station Road,London,E3 3AB,975000
4 Bedroom Cottage London,26 Springfield Road,London,E2 2AB,245000
2 Bedroom Cottage Chelmsford,61 High Street,Chelmsford,CM7 7AB,1015000
2 Bedroom Cottage London,250 Station Road,London,E2 5AB,470000
3 Bedroom House Ipswich,200 High Street,Ipswich,IP2 3AB,770000
1 Bedroom Bungalow Norwich,146 Park Road,Norwich,NR3 1AB,1325000
5 Bedroom Apartment Ipswich,255 Mill Lane,Ipswich,IP2 9AB,380000
4 Bedroom Bungalow London,90 Station Road,London,E3 8AB,980000
5 Bedroom Cottage Cambridge,24 Victoria Road,Cambridge,CB9 9AB,1240000
5 Bedroom Apartment Cambridge,50 Mill Lane,Cambridge,CB6 6AB,230000
2 Bedroom Cottage London,230 London Road,London,E9 7AB,435000
2 Bedroom Apartment Norwich,203 Station Road,Norwich,NR4 9AB,1285000
6 Bedroom Cottage London,275 Church Road,London,E1 4AB,270000
5 Bedroom Bungalow Ipswich,155 Park Road,Ipswich,IP7 7AB,885000
2 Bedroom Apartment Cambridge,285 High Street,Cambridge,CB1 9AB,800000
3 Bedroom Apartment Norwich,65 London Road,Norwich,NR5 3AB,430000
2 Bedroom Bungalow Ipswich,270 London Road,Ipswich,IP4 4AB,570000
1 Bedroom Apartment London,11 Mill Lane,London,E1 5AB,430000
3 Bedroom Cottage Colchester,109 Springfield Road,Colchester,CO2 8AB,1280000
6 Bedroom House Cambridge,184 King Street,Cambridge,CB7 3AB,885000
3 Bedroom Cottage London,276 Church Road,London,E9 6AB,1360000
6 Bedroom Cottage Cambridge,168 High Street,Cambridge,CB5 4AB,365000
5 Bedroom House Cambridge,175 Church Road,Cambridge,CB8 2AB,880000
1 Bedroom Apartment Ipswich,106 London Road,Ipswich,IP1 1AB,650000
2 Bedroom Bungalow Chelmsford,75 Springfield Road,Chelmsford,CM4 5AB,385000
1 Bedroom Apartment Chelmsford,226 Park Road,Chelmsford,CM7 4AB,1115000
1 Bedroom Bungalow Chelmsford,233 Park Road,Chelmsford,CM9 5AB,985000
5 Bedroom Bungalow Norwich,25 London Road,Norwich,NR3 9AB,735000
4 Bedroom Bungalow Ipswich,276 Church Road,Ipswich,IP9 9AB,225000
3 Bedroom Apartment Cambridge,271 Mill Lane,Cambridge,CB1 7AB,1175000
2 Bedroom House Cambridge,297 Victoria Road,Cambridge,CB2 4AB,335000
6 Bedroom Apartment London,63 Queen Street,London,E3 9AB,185000
5 Bedroom House Colchester,121 King Street,Colchester,CO3 4AB,1120000
1 Bedroom Cottage Norwich,115 Victoria Road,Norwich,NR5 7AB,445000
5 Bedroom Apartment Norwich,250 Queen Street,Norwich,NR4 4AB,470000
4 Bedroom Cottage Norwich,67 Mill Lane,Norwich,NR7 9AB,620000
2 Bedroom Apartment Chelmsford,240 Mill Lane,Chelmsford,CM9 6AB,1335000
1 Bedroom Bungalow Chelmsford,201 Queen Street,Chelmsford,CM2 2AB,1265000
4 Bedroom Cottage Colchester,54 Mill Lane,Colchester,CO3 5AB,1270000
3 Bedroom Cottage London,46 Station Road,London,E1 9AB,355000
1 Bedroom Apartment Chelmsford,275 Park Road,Chelmsford,CM1 7AB,1010000
2 Bedroom Cottage London,158 Station Road,London,E2 5AB,955000
2 Bedroom Cottage Cambridge,149 London Road,Cambridge,CB9 9AB,995000
1 Bedroom Bungalow London,10 Springfield Road,London,E9 5AB,1425000
2 Bedroom Bungalow Norwich,256 Victoria Road,Norwich,NR6 8AB,1405000
2 Bedroom House Colchester,188 London Road,Colchester,CO4 2AB,790000
1 Bedroom Bungalow Chelmsford,21 London Road,Chelmsford,CM3 9AB,1045000
3 Bedroom Apartment London,276 King Street,London,E6 9AB,310000
4 Bedroom Cottage Ipswich,179 Church Road,Ipswich,IP2 2AB,245000
5 Bedroom Apartment Cambridge,268 Victoria Road,Cambridge,CB7 3AB,720000
5 Bedroom Apartment Cambridge,64 Mill Lane,Cambridge,CB8 8AB,870000
5 Bedroom House Colchester,137 Victoria Road,Colchester,CO3 2AB,355000
2 Bedroom Cottage London,243 King Street,London,E5 2AB,1115000
1 Bedroom Apartment Chelmsford,149 Mill Lane,Chelmsford,CM8 2AB,755000
1 Bedroom Bungalow Chelmsford,61 King Street,Chelmsford,CM4 2AB,635000
1 Bedroom Bungalow Ipswich,268 Queen Street,Ipswich,IP5 9AB,1115000
3 Bedroom Cottage Cambridge,238 High Street,Cambridge,CB1 5AB,165000
4 Bedroom Bungalow London,19 Victoria Road,London,E4 5AB,460000
2 Bedroom House Colchester,182 Church Road,Colchester,CO4 3AB,365000
4 Bedroom House London,219 Queen Street,London,E6 6AB,1460000
1 Bedroom House Cambridge,77 King Street,Cambridge,CB9 8AB,195000
4 Bedroom House Ipswich,139 Park Road,Ipswich,IP1 8AB,610000
6 Bedroom Bungalow Colchester,72 King Street,Colchester,CO8 4AB,735000
2 Bedroom House Ipswich,233 King Street,Ipswich,IP2 3AB,265000
1 Bedroom House Ipswich,278 High Street,Ipswich,IP4 8AB,325000
4 Bedroom House Ipswich,215 High Street,Ipswich,IP4 5AB,1105000
2 Bedroom Bungalow Ipswich,41 Springfield Road,Ipswich,IP2 9AB,830000
3 Bedroom Bungalow London,135 London Road,London,E8 7AB,685000
4 Bedroom Cottage Cambridge,202 High Street,Cambridge,CB3 9AB,1355000
6 Bedroom Bungalow Ipswich,153 Mill Lane,Ipswich,IP5 2AB,1255000
1 Bedroom Cottage London,56 Victoria Road,London,E5 4AB,585000
2 Bedroom Apartment London,292 High Street,London,E2 1AB,1375000
6 Bedroom Apartment Chelmsford,49 London Road,Chelmsford,CM1 1AB,345000
2 Bedroom Bungalow Ipswich,127 Church Road,Ipswich,IP5 4AB,535000
3 Bedroom House London,156 Station Road,London,E6 8AB,220000
1 Bedroom House Norwich,86 Springfield Road,Norwich,NR4 9AB,295000
4 Bedroom Bungalow London,161 Mill Lane,London,E3 6AB,1120000
1 Bedroom Apartment Chelmsford,85 Station Road,Chelmsford,CM1 5AB,915000
2 Bedroom House Chelmsford,139 Park Road,Chelmsford,CM9 2AB,1300000
6 Bedroom Cottage London,52 Victoria Road,London,E3 6AB,490000
2 Bedroom Apartment Colchester,261 Station Road,Colchester,CO9 6AB,235000
1 Bedroom Cottage Ipswich,217 London Road,Ipswich,IP3 1AB,250000
6 Bedroom Cottage Chelmsford,280 High Street,Chelmsford,CM8 3AB,470000
6 Bedroom House Colchester,271 Queen Street,Colchester,CO8 3AB,460000
4 Bedroom Cottage London,190 Church Road,London,E2 6AB,410000
1 Bedroom Cottage Cambridge,255 Mill Lane,Cambridge,CB2 5AB,940000
2 Bedroom Bungalow Norwich,40 London Road,Norwich,NR7 2AB,435000
1 Bedroom Bungalow Colchester,150 Queen Street,Colchester,CO7 2AB,420000
2 Bedroom Bungalow Colchester,140 Station Road,Colchester,CO6 7AB,1180000
6 Bedroom Bungalow London,153 King Street,London,E4 7AB,1350000
6 Bedroom Apartment Cambridge,194 Victoria Road,Cambridge,CB5 6AB,850000
2 Bedroom House Cambridge,153 Church Road,Cambridge,CB6 1AB,170000
2 Bedroom Apartment Ipswich,66 High Street,Ipswich,IP2 9AB,1290000
2 Bedroom House Ipswich,297 Queen Street,Ipswich,IP8 8AB,1450000
1 Bedroom Apartment Cambridge,132 King Street,Cambridge,CB6 1AB,370000
4 Bedroom House London,70 Park Road,London,E4 9AB,330000
1 Bedroom House London,12 Park Road,London,E8 1AB,805000
3 Bedroom Cottage Chelmsford,7 Park Road,Chelmsford,CM3 5AB,275000
2 Bedroom House Norwich,270 London Road,Norwich,NR8 2AB,280000
6 Bedroom Cottage Norwich,142 Station Road,Norwich,NR5 7AB,590000
2 Bedroom Apartment Colchester,16 Queen Street,Colchester,CO8 3AB,425000
5 Bedroom Bungalow Cambridge,245 King Street,Cambridge,CB7 5AB,1010000
6 Bedroom Bungalow Cambridge,65 Queen Street,Cambridge,CB7 5AB,835000
4 Bedroom Apartment Chelmsford,279 Queen Street,Chelmsford,CM2 7AB,1410000
3 Bedroom Cottage Norwich,228 London Road,Norwich,NR6 2AB,365000
1 Bedroom Cottage Norwich,178 King Street,Norwich,NR2 2AB,1395000
1 Bedroom Apartment Colchester,16 Park Road,Colchester,CO8 8AB,380000
6 Bedroom Apartment London,125 Park Road,London,E3 3AB,910000
4 Bedroom Bungalow London,35 Park Road,London,E7 3AB,835000
6 Bedroom Bungalow Chelmsford,300 Queen Street,Chelmsford,CM2 7AB,185000
1 Bedroom Apartment Norwich,263 Queen Street,Norwich,NR1 2AB,630000
4 Bedroom Bungalow Norwich,170 High Street,Norwich,NR4 9AB,1115000
2 Bedroom House Norwich,121 High Street,Norwich,NR4 4AB,1225000
6 Bedroom Apartment Norwich,68 Mill Lane,Norwich,NR4 1AB,865000
2 Bedroom House Ipswich,149 High Street,Ipswich,IP2 5AB,530000
4 Bedroom Cottage Colchester,156 Victoria Road,Colchester,CO8 5AB,485000
4 Bedroom House Norwich,246 High Street,Norwich,NR4 8AB,915000
1 Bedroom Cottage Chelmsford,79 Church Road,Chelmsford,CM5 7AB,595000
3 Bedroom House Norwich,13 Church Road,Norwich,NR3 1AB,865000
1 Bedroom Bungalow Norwich,178 Queen Street,Norwich,NR4 4AB,730000
5 Bedroom Cottage Ipswich,253 Mill Lane,Ipswich,IP7 2AB,1345000
4 Bedroom Apartment Ipswich,271 Station Road,Ipswich,IP3 7AB,180000
1 Bedroom Bungalow Chelmsford,58 Springfield Road,Chelmsford,CM6 5AB,1430000
1 Bedroom Cottage Colchester,250 High Street,Colchester,CO4 9AB,1220000
6 Bedroom Apartment Ipswich,218 London Road,Ipswich,IP4 8AB,775000
6 Bedroom Apartment Norwich,7 Park Road,Norwich,NR4 2AB,400000
2 Bedroom Apartment London,190 Park Road,London,E2 6AB,325000
6 Bedroom Bungalow Norwich,286 Queen Street,Norwich,NR4 5AB,310000
6 Bedroom Apartment London,239 London Road,London,E9 6AB,730000
5 Bedroom Cottage Colchester,192 King Street,Colchester,CO4 9AB,425000
5 Bedroom Cottage Cambridge,40 Church Road,Cambridge,CB8 2AB,900000
4 Bedroom Cottage Chelmsford,148 London Road,Chelmsford,CM4 4AB,1010000
6 Bedroom Apartment Chelmsford,290 Victoria Road,Chelmsford,CM4 2AB,485000
1 Bedroom House Ipswich,205 Queen Street,Ipswich,IP8 9AB,465000
5 Bedroom Apartment London,70 Park Road,London,E5 7AB,1310000
5 Bedroom Cottage Cambridge,201 Station Road,Cambridge,CB5 3AB,1340000
2 Bedroom Cottage London,70 Victoria Road,London,E2 2AB,1185000
4 Bedroom Apartment Norwich,51 High Street,Norwich,NR3 7AB,515000
2 Bedroom Cottage London,211 Queen Street,London,E5 8AB,615000
5 Bedroom Cottage London,269 Springfield Road,London,E3 7AB,585000
2 Bedroom House Cambridge,20 London Road,Cambridge,CB5 3AB,900000
4 Bedroom Apartment Cambridge,126 Church Road,Cambridge,CB4 6AB,335000
2 Bedroom Apartment Norwich,123 Park Road,Norwich,NR5 4AB,1065000
2 Bedroom House Cambridge,87 Station Road,Cambridge,CB4 8AB,1070000
1 Bedroom House Chelmsford,12 High Street,Chelmsford,CM6 5AB,1280000
4 Bedroom Cottage Norwich,56 Mill Lane,Norwich,NR6 4AB,1420000
1 Bedroom Bungalow Cambridge,267 Mill Lane,Cambridge,CB3 5AB,1050000
2 Bedroom House London,80 King Street,London,E9 7AB,1350000
1 Bedroom Apartment Ipswich,32 Station Road,Ipswich,IP8 3AB,1215000
1 Bedroom Bungalow Norwich,268 Springfield Road,Norwich,NR8 1AB,720000
3 Bedroom Cottage Cambridge,156 High Street,Cambridge,CB9 7AB,1100000
3 Bedroom House Colchester,112 Mill Lane,Colchester,CO4 8AB,355000
4 Bedroom Apartment Chelmsford,149 Springfield Road,Chelmsford,CM1 4AB,1385000
3 Bedroom Cottage London,273 Victoria Road,London,E2 4AB,790000
5 Bedroom House Norwich,255 Park Road,Norwich,NR3 9AB,535000
4 Bedroom Cottage London,137 Church Road,London,E7 6AB,1160000
5 Bedroom House Chelmsford,133 Springfield Road,Chelmsford,CM4 5AB,240000
1 Bedroom Cottage London,239 Victoria Road,London,E5 9AB,1055000
6 Bedroom Cottage Colchester,232 Station Road,Colchester,CO5 8AB,1340000
2 Bedroom Bungalow Colchester,218 Springfield Road,Colchester,CO8 8AB,765000
1 Bedroom Apartment Colchester,223 Park Road,Colchester,CO4 4AB,1190000
2 Bedroom Apartment Chelmsford,111 Springfield Road,Chelmsford,CM9 9AB,465000
5 Bedroom Apartment Colchester,144 Victoria Road,Colchester,CO5 3AB,505000
2 Bedroom Apartment Norwich,193 High Street,Norwich,NR1 8AB,760000
4 Bedroom Apartment Norwich,169 King Street,Norwich,NR6 6AB,1275000
2 Bedroom Apartment Colchester,198 Springfield Road,Colchester,CO5 3AB,680000
3 Bedroom Bungalow Norwich,219 Victoria Road,Norwich,NR1 8AB,1290000
4 Bedroom Apartment Ipswich,34 High Street,Ipswich,IP4 5AB,535000
3 Bedroom Apartment Norwich,130 Mill Lane,Norwich,NR5 7AB,220000
2 Bedroom Apartment Cambridge,7 Park Road,Cambridge,CB6 8AB,455000
4 Bedroom House London,277 Victoria Road,London,E3 9AB,250000
3 Bedroom House Colchester,201 Victoria Road,Colchester,CO8 7AB,280000
1 Bedroom House Norwich,90 Park Road,Norwich,NR7 1AB,505000
2 Bedroom House Colchester,286 King Street,Colchester,CO1 8AB,850000
2 Bedroom Apartment Colchester,15 Victoria Road,Colchester,CO7 8AB,405000
3 Bedroom Apartment Cambridge,179 Mill Lane,Cambridge,CB4 1AB,680000
5 Bedroom House Norwich,298 London Road,Norwich,NR1 1AB,705000
6 Bedroom Apartment Chelmsford,288 High Street,Chelmsford,CM7 5AB,380000
6 Bedroom Cottage Cambridge,289 London Road,Cambridge,CB9 2AB,915000
3 Bedroom Bungalow London,299 Station Road,London,E2 5AB,480000
4 Bedroom Apartment Colchester,177 High Street,Colchester,CO8 6AB,950000
4 Bedroom Apartment London,187 Church Road,London,E2 8AB,570000
2 Bedroom Bungalow Colchester,23 King Street,Colchester,CO2 6AB,825000
4 Bedroom Bungalow Cambridge,294 London Road,Cambridge,CB9 3AB,1110000
4 Bedroom Cottage Chelmsford,182 Victoria Road,Chelmsford,CM6 1AB,595000
6 Bedroom House Chelmsford,138 Park Road,Chelmsford,CM3 8AB,1050000
6 Bedroom House Colchester,241 Mill Lane,Colchester,CO5 1AB,1265000
4 Bedroom Bungalow Norwich,33 Queen Street,Norwich,NR4 1AB,1165000
1 Bedroom Apartment Cambridge,184 Church Road,Cambridge,CB1 8AB,640000
1 Bedroom Bungalow Colchester,252 High Street,Colchester,CO2 7AB,840000
2 Bedroom Bungalow Ipswich,86 King Street,Ipswich,IP4 3AB,965000
6 Bedroom Cottage London,286 Park Road,London,E1 7AB,1250000
2 Bedroom Bungalow Ipswich,137 Church Road,Ipswich,IP5 1AB,980000
6 Bedroom House Ipswich,92 Springfield Road,Ipswich,IP5 1AB,990000
2 Bedroom Cottage Colchester,185 Mill Lane,Colchester,CO5 8AB,700000
6 Bedroom Apartment London,161 Mill Lane,London,E2 4AB,1130000
4 Bedroom Cottage Ipswich,37 Victoria Road,Ipswich,IP3 6AB,1245000
6 Bedroom Apartment Cambridge,57 Springfield Road,Cambridge,CB2 8AB,480000
6 Bedroom Bungalow Colchester,134 Springfield Road,Colchester,CO1 9AB,1310000
2 Bedroom Cottage Chelmsford,145 Queen Street,Chelmsford,CM9 6AB,990000
2 Bedroom Bungalow Cambridge,249 Victoria Road,Cambridge,CB8 3AB,1370000
6 Bedroom Apartment Chelmsford,248 King Street,Chelmsford,CM1 1AB,1185000
3 Bedroom Cottage Colchester,216 Mill Lane,Colchester,CO7 3AB,725000
4 Bedroom Bungalow Cambridge,267 Park Road,Cambridge,CB5 3AB,1255000
2 Bedroom House London,115 Springfield Road,London,E2 2AB,1490000
3 Bedroom Bungalow Chelmsford,198 London Road,Chelmsford,CM2 2AB,555000
5 Bedroom Bungalow London,283 Springfield Road,London,E5 2AB,865000
2 Bedroom Cottage Ipswich,277 Church Road,Ipswich,IP5 6AB,1465000
3 Bedroom Cottage Norwich,1 High Street,Norwich,NR3 4AB,985000
2 Bedroom House Norwich,75 King Street,Norwich,NR5 2AB,370000
2 Bedroom Bungalow Colchester,272 Victoria Road,Colchester,CO1 9AB,460000
3 Bedroom Cottage Chelmsford,128 High Street,Chelmsford,CM9 8AB,1125000
3 Bedroom Apartment Chelmsford,113 London Road,Chelmsford,CM1 7AB,480000
2 Bedroom Bungalow Ipswich,264 Springfield Road,Ipswich,IP9 1AB,555000
5 Bedroom Cottage London,150 Station Road,London,E4 6AB,255000
4 Bedroom Apartment Norwich,59 Victoria Road,Norwich,NR7 1AB,1175000
1 Bedroom Apartment Colchester,189 Victoria Road,Colchester,CO5 8AB,1170000
6 Bedroom Cottage Colchester,17 Queen Street,Colchester,CO1 9AB,1130000
5 Bedroom Apartment Chelmsford,68 London Road,Chelmsford,CM1 3AB,660000
2 Bedroom House Ipswich,15 Park Road,Ipswich,IP4 5AB,1185000
3 Bedroom Apartment Norwich,43 Victoria Road,Norwich,NR3 6AB,1290000
2 Bedroom Cottage Colchester,15 Park Road,Colchester,CO3 2AB,580000
1 Bedroom Cottage Cambridge,219 Station Road,Cambridge,CB8 3AB,1205000
4 Bedroom Cottage Cambridge,90 Park Road,Cambridge,CB6 4AB,1265000
2 Bedroom House Cambridge,67 Queen Street,Cambridge,CB1 3AB,170000
1 Bedroom Cottage London,131 Queen Street,London,E1 3AB,905000
3 Bedroom Apartment Norwich,253 Springfield Road,Norwich,NR3 5AB,220000
5 Bedroom Cottage London,160 London Road,London,E6 4AB,1185000
6 Bedroom Cottage Ipswich,203 Queen Street,Ipswich,IP6 9AB,745000
2 Bedroom Apartment Norwich,267 Queen Street,Norwich,NR5 2AB,1175000
2 Bedroom House Ipswich,110 Springfield Road,Ipswich,IP4 5AB,1240000
1 Bedroom Bungalow Cambridge,284 London Road,Cambridge,CB7 9AB,1295000
3 Bedroom Cottage Cambridge,134 Station Road,Cambridge,CB3 1AB,635000
3 Bedroom Cottage Cambridge,265 Mill Lane,Cambridge,CB1 5AB,1405000
6 Bedroom House Cambridge,158 London Road,Cambridge,CB8 2AB,770000
6 Bedroom Bungalow Ipswich,272 Victoria Road,Ipswich,IP4 6AB,230000
1 Bedroom Apartment Cambridge,76 Mill Lane,Cambridge,CB8 6AB,1480000
2 Bedroom Bungalow Norwich,107 Victoria Road,Norwich,NR5 2AB,1165000
4 Bedroom Apartment Cambridge,82 Park Road,Cambridge,CB2 3AB,630000
2 Bedroom Apartment Chelmsford,270 London Road,Chelmsford,CM1 2AB,1085000
5 Bedroom Apartment London,77 Church Road,London,E2 9AB,400000
5 Bedroom Apartment Chelmsford,171 Mill Lane,Chelmsford,CM2 3AB,205000
3 Bedroom Cottage Colchester,134 Springfield Road,Colchester,CO5 5AB,550000
6 Bedroom House Cambridge,184 Mill Lane,Cambridge,CB9 4AB,410000
6 Bedroom Apartment London,76 Church Road,London,E6 8AB,1455000
6 Bedroom Apartment Chelmsford,27 Victoria Road,Chelmsford,CM9 8AB,1205000
1 Bedroom Apartment Norwich,20 High Street,Norwich,NR5 5AB,370000
6 Bedroom Apartment Chelmsford,155 Station Road,Chelmsford,CM2 2AB,440000
1 Bedroom Bungalow Colchester,246 Church Road,Colchester,CO8 4AB,1495000
4 Bedroom House Ipswich,292 Church Road,Ipswich,IP5 1AB,490000
2 Bedroom Cottage Colchester,134 Park Road,Colchester,CO1 6AB,680000
6 Bedroom House Norwich,20 Mill Lane,Norwich,NR3 4AB,840000
2 Bedroom House London,168 King Street,London,E6 9AB,1370000
4 Bedroom Bungalow Chelmsford,296 Mill Lane,Chelmsford,CM2 4AB,1010000
3 Bedroom Apartment Ipswich,264 Springfield Road,Ipswich,IP5 8AB,840000
2 Bedroom Apartment London,208 Queen Street,London,E6 3AB,615000
6 Bedroom Cottage Norwich,78 London Road,Norwich,NR9 5AB,1285000
2 Bedroom House Colchester,196 King Street,Colchester,CO4 4AB,205000
4 Bedroom Apartment Colchester,222 High Street,Colchester,CO5 8AB,410000
1 Bedroom Apartment Colchester,271 Queen Street,Colchester,CO6 3AB,845000
6 Bedroom Cottage Colchester,191 High Street,Colchester,CO4 7AB,620000
5 Bedroom Apartment Cambridge,51 Park Road,Cambridge,CB6 2AB,1345000
1 Bedroom House Norwich,271 Station Road,Norwich,NR6 4AB,395000
6 Bedroom Cottage Ipswich,137 Station Road,Ipswich,IP4 8AB,570000
4 Bedroom Cottage Cambridge,246 High Street,Cambridge,CB7 1AB,1075000
1 Bedroom Apartment Colchester,272 King Street,Colchester,CO1 7AB,735000
3 Bedroom House Norwich,192 Mill Lane,Norwich,NR1 9AB,1350000
2 Bedroom Cottage Chelmsford,250 Church Road,Chelmsford,CM2 1AB,800000
4 Bedroom Apartment Chelmsford,296 High Street,Chelmsford,CM4 2AB,300000
1 Bedroom Cottage London,242 King Street,London,E7 3AB,505000
6 Bedroom Bungalow Ipswich,171 High Street,Ipswich,IP9 1AB,1395000
3 Bedroom Bungalow Cambridge,238 Church Road,Cambridge,CB6 2AB,1060000
4 Bedroom House Chelmsford,23 Victoria Road,Chelmsford,CM8 4AB,220000
1 Bedroom House Ipswich,90 High Street,Ipswich,IP6 9AB,1430000
4 Bedroom Cottage Norwich,257 Springfield Road,Norwich,NR4 5AB,450000
1 Bedroom Cottage Chelmsford,44 King Street,Chelmsford,CM5 9AB,1235000
3 Bedroom Cottage Cambridge,287 High Street,Cambridge,CB1 8AB,1055000
3 Bedroom Apartment London,46 Mill Lane,London,E9 6AB,875000
5 Bedroom Apartment London,55 Mill Lane,London,E4 5AB,825000
4 Bedroom House Colchester,76 Mill Lane,Colchester,CO6 5AB,625000
6 Bedroom Bungalow Chelmsford,27 Park Road,Chelmsford,CM1 2AB,1435000
6 Bedroom House Ipswich,190 King Street,Ipswich,IP2 9AB,1350000
5 Bedroom House Chelmsford,150 London Road,Chelmsford,CM9 2AB,1055000
5 Bedroom Bungalow Colchester,285 Victoria Road,Colchester,CO5 2AB,995000
4 Bedroom Apartment Ipswich,117 High Street,Ipswich,IP6 4AB,965000
6 Bedroom House London,154 Station Road,London,E1 9AB,245000
5 Bedroom Bungalow Colchester,131 Park Road,Colchester,CO2 8AB,1370000
3 Bedroom Bungalow Norwich,113 Station Road,Norwich,NR8 4AB,865000
5 Bedroom Apartment London,122 Mill Lane,London,E4 7AB,1390000
4 Bedroom Bungalow Norwich,51 Springfield Road,Norwich,NR9 7AB,1065000
4 Bedroom Cottage Norwich,289 King Street,Norwich,NR3 1AB,710000
6 Bedroom House Norwich,165 Victoria Road,Norwich,NR7 8AB,1030000
5 Bedroom Apartment Norwich,6 King Street,Norwich,NR4 5AB,1295000
1 Bedroom Bungalow Cambridge,297 High Street,Cambridge,CB3 5AB,715000
6 Bedroom House Norwich,202 Victoria Road,Norwich,NR9 2AB,1150000
6 Bedroom Apartment Cambridge,261 Queen Street,Cambridge,CB9 1AB,385000
3 Bedroom House Colchester,236 Park Road,Colchester,CO6 1AB,660000
4 Bedroom House Cambridge,142 High Street,Cambridge,CB1 1AB,1215000
6 Bedroom Apartment Chelmsford,256 Church Road,Chelmsford,CM9 7AB,320000
1 Bedroom House Colchester,144 Park Road,Colchester,CO2 7AB,870000
4 Bedroom House London,166 London Road,London,E3 2AB,1150000
2 Bedroom Apartment Chelmsford,264 Church Road,Chelmsford,CM2 8AB,320000
6 Bedroom Bungalow Ipswich,89 Mill Lane,Ipswich,IP1 7AB,1055000
6 Bedroom Bungalow Ipswich,75 Park Road,Ipswich,IP8 8AB,425000
1 Bedroom Bungalow Cambridge,78 London Road,Cambridge,CB3 1AB,460000
4 Bedroom House Ipswich,156 Springfield Road,Ipswich,IP3 9AB,1260000
3 Bedroom House Colchester,43 King Street,Colchester,CO8 7AB,1305000
2 Bedroom Cottage Chelmsford,48 Springfield Road,Chelmsford,CM8 9AB,650000
5 Bedroom Apartment Ipswich,62 Springfield Road,Ipswich,IP2 3AB,870000
2 Bedroom Apartment London,149 London Road,London,E7 3AB,1065000
5 Bedroom Bungalow Ipswich,63 Queen Street,Ipswich,IP6 7AB,1135000
1 Bedroom Bungalow Ipswich,162 High Street,Ipswich,IP1 8AB,825000
6 Bedroom Bungalow Cambridge,179 High Street,Cambridge,CB3 2AB,800000
1 Bedroom Cottage Norwich,47 Church Road,Norwich,NR2 5AB,1145000
3 Bedroom Apartment Ipswich,142 Springfield Road,Ipswich,IP3 2AB,1310000
3 Bedroom Apartment Colchester,297 Mill Lane,Colchester,CO1 9AB,740000
1 Bedroom Cottage Colchester,170 Church Road,Colchester,CO6 5AB,885000
6 Bedroom House Colchester,71 Station Road,Colchester,CO6 6AB,860000
5 Bedroom Cottage Norwich,272 King Street,Norwich,NR3 9AB,640000
3 Bedroom House Colchester,261 King Street,Colchester,CO4 4AB,600000
6 Bedroom Cottage London,243 Queen Street,London,E5 1AB,755000
5 Bedroom House London,189 High Street,London,E3 8AB,1290000
3 Bedroom House Chelmsford,10 Springfield Road,Chelmsford,CM3 5AB,380000
4 Bedroom Cottage Norwich,231 Church Road,Norwich,NR4 5AB,1350000
2 Bedroom Bungalow Ipswich,86 Church Road,Ipswich,IP4 2AB,1230000
2 Bedroom Bungalow Ipswich,297 Church Road,Ipswich,IP1 5AB,725000
1 Bedroom Cottage Cambridge,140 Park Road,Cambridge,CB7 5AB,650000
5 Bedroom Bungalow Cambridge,47 Queen Street,Cambridge,CB4 6AB,755000
5 Bedroom Cottage Colchester,180 Victoria Road,Colchester,CO7 4AB,1405000
3 Bedroom Apartment Norwich,5 Church Road,Norwich,NR5 7AB,840000
1 Bedroom House Cambridge,3 Victoria Road,Cambridge,CB5 4AB,440000
2 Bedroom House Ipswich,296 Station Road,Ipswich,IP2 6AB,250000
6 Bedroom House Colchester,200 Queen Street,Colchester,CO5 7AB,285000
1 Bedroom House Ipswich,251 London Road,Ipswich,IP1 5AB,1270000
1 Bedroom Cottage Colchester,160 Victoria Road,Colchester,CO8 4AB,1385000
5 Bedroom Apartment London,205 Victoria Road,London,E1 2AB,360000
6 Bedroom Bungalow Ipswich,172 Springfield Road,Ipswich,IP3 5AB,190000
2 Bedroom House Cambridge,81 Queen Street,Cambridge,CB4 8AB,745000
5 Bedroom Cottage Cambridge,292 Queen Street,Cambridge,CB2 5AB,960000
2 Bedroom Cottage London,299 King Street,London,E6 3AB,440000
4 Bedroom House London,69 Queen Street,London,E6 3AB,1210000
6 Bedroom Bungalow Colchester,184 Park Road,Colchester,CO1 6AB,1230000
4 Bedroom Cottage London,287 London Road,London,E8 4AB,735000
4 Bedroom Cottage London,122 Mill Lane,London,E8 6AB,785000
5 Bedroom Apartment London,104 Queen Street,London,E6 1AB,570000
4 Bedroom House Ipswich,181 Park Road,Ipswich,IP7 3AB,470000
1 Bedroom Bungalow Ipswich,167 Victoria Road,Ipswich,IP1 2AB,1060000
1 Bedroom Cottage Colchester,159 Springfield Road,Colchester,CO3 3AB,1020000
3 Bedroom Cottage Colchester,48 Station Road,Colchester,CO9 9AB,1355000
1 Bedroom House Colchester,81 Mill Lane,Colchester,CO8 9AB,840000
4 Bedroom Apartment Ipswich,263 High Street,Ipswich,IP1 5AB,550000
5 Bedroom House Ipswich,153 King Street,Ipswich,IP8 3AB,1105000
1 Bedroom House London,228 Mill Lane,London,E4 2AB,1370000
5 Bedroom House Cambridge,91 London Road,Cambridge,CB6 6AB,435000
4 Bedroom Apartment Ipswich,7 King Street,Ipswich,IP6 6AB,965000
6 Bedroom House Chelmsford,182 Park Road,Chelmsford,CM2 7AB,1255000
2 Bedroom House Ipswich,99 King Street,Ipswich,IP2 7AB,1170000
6 Bedroom Apartment Ipswich,218 High Street,Ipswich,IP5 8AB,1175000
6 Bedroom House Colchester,150 Queen Street,Colchester,CO3 6AB,1385000
6 Bedroom House Ipswich,35 Springfield Road,Ipswich,IP9 3AB,1425000
4 Bedroom House London,67 London Road,London,E4 7AB,1215000
2 Bedroom Cottage Chelmsford,180 Victoria Road,Chelmsford,CM7 3AB,550000
3 Bedroom House Chelmsford,277 Park Road,Chelmsford,CM8 6AB,210000
3 Bedroom Cottage Cambridge,216 King Street,Cambridge,CB2 8AB,605000
1 Bedroom Bungalow Cambridge,46 Mill Lane,Cambridge,CB7 2AB,845000
1 Bedroom Apartment Cambridge,200 Victoria Road,Cambridge,CB6 7AB,1295000
1 Bedroom Bungalow Cambridge,76 Springfield Road,Cambridge,CB2 9AB,1155000
2 Bedroom Apartment Cambridge,234 Victoria Road,Cambridge,CB8 7AB,1035000
3 Bedroom Apartment Chelmsford,255 London Road,Chelmsford,CM5 5AB,1005000
2 Bedroom Apartment Chelmsford,206 Mill Lane,Chelmsford,CM5 1AB,1275000
5 Bedroom Bungalow Norwich,196 Station Road,Norwich,NR2 6AB,510000
1 Bedroom Bungalow Norwich,200 London Road,Norwich,NR3 3AB,795000
3 Bedroom Cottage Ipswich,289 Springfield Road,Ipswich,IP5 3AB,1295000
1 Bedroom Cottage Cambridge,212 Springfield Road,Cambridge,CB7 2AB,495000
4 Bedroom Bungalow London,24 High Street,London,E6 7AB,390000
2 Bedroom House Ipswich,42 Victoria Road,Ipswich,IP1 6AB,1380000
1 Bedroom House Chelmsford,138 Queen Street,Chelmsford,CM8 7AB,1040000
5 Bedroom Bungalow Ipswich,253 London Road,Ipswich,IP5 5AB,235000
1 Bedroom Cottage London,3 Park Road,London,E5 6AB,1220000
1 Bedroom Apartment Ipswich,300 Springfield Road,Ipswich,IP2 7AB,220000
6 Bedroom House Ipswich,209 Victoria Road,Ipswich,IP7 4AB,265000
5 Bedroom Apartment Chelmsford,84 London Road,Chelmsford,CM3 9AB,1410000
2 Bedroom Bungalow Norwich,43 Queen Street,Norwich,NR6 7AB,1015000
1 Bedroom House Colchester,221 Park Road,Colchester,CO1 8AB,555000
6 Bedroom Bungalow Norwich,5 London Road,Norwich,NR8 9AB,440000
4 Bedroom Cottage Cambridge,206 Mill Lane,Cambridge,CB3 5AB,1245000
6 Bedroom Apartment Ipswich,291 Station Road,Ipswich,IP9 2AB,1240000
1 Bedroom Cottage Ipswich,170 London Road,Ipswich,IP1 1AB,1295000
2 Bedroom Cottage Norwich,166 High Street,Norwich,NR3 2AB,680000
1 Bedroom House Colchester,129 King Street,Colchester,CO3 7AB,1445000
2 Bedroom Apartment London,3 London Road,London,E3 9AB,1320000
1 Bedroom Apartment Ipswich,92 Victoria Road,Ipswich,IP6 8AB,725000
3 Bedroom Bungalow Cambridge,138 Victoria Road,Cambridge,CB3 9AB,1330000
5 Bedroom Apartment London,41 Church Road,London,E7 5AB,1290000
4 Bedroom Cottage London,194 King Street,London,E9 7AB,1285000
1 Bedroom Apartment Cambridge,256 Mill Lane,Cambridge,CB8 4AB,590000
3 Bedroom House Chelmsford,177 Victoria Road,Chelmsford,CM2 8AB,330000
5 Bedroom Bungalow Cambridge,185 Church Road,Cambridge,CB4 8AB,790000
3 Bedroom Bungalow London,35 Victoria Road,London,E9 2AB,1470000
6 Bedroom Bungalow Ipswich,1 Mill Lane,Ipswich,IP3 8AB,220000
2 Bedroom House Chelmsford,52 King Street,Chelmsford,CM1 1AB,1265000
6 Bedroom Cottage Colchester,243 Station Road,Colchester,CO3 5AB,710000
2 Bedroom Apartment Ipswich,253 High Street,Ipswich,IP4 6AB,475000
3 Bedroom House Cambridge,20 London Road,Cambridge,CB9 2AB,230000
1 Bedroom House Ipswich,211 Queen Street,Ipswich,IP6 1AB,715000
1 Bedroom Cottage Colchester,187 Springfield Road,Colchester,CO4 2AB,1015000
4 Bedroom Bungalow Chelmsford,172 Mill Lane,Chelmsford,CM4 1AB,1430000
3 Bedroom Apartment Colchester,159 Park Road,Colchester,CO1 9AB,305000
6 Bedroom Apartment Norwich,42 High Street,Norwich,NR9 5AB,1045000
3 Bedroom Bungalow Colchester,255 Queen Street,Colchester,CO5 3AB,295000
4 Bedroom Bungalow Norwich,42 Victoria Road,Norwich,NR9 9AB,380000
3 Bedroom Cottage Cambridge,64 Victoria Road,Cambridge,CB3 1AB,1075000
6 Bedroom Bungalow Cambridge,137 King Street,Cambridge,CB8 4AB,820000
4 Bedroom Apartment Ipswich,124 King Street,Ipswich,IP7 7AB,1240000
2 Bedroom House Norwich,95 Station Road,Norwich,NR4 5AB,650000
5 Bedroom Cottage London,267 Queen Street,London,E4 5AB,430000
6 Bedroom House Cambridge,150 Station Road,Cambridge,CB7 3AB,540000
1 Bedroom Bungalow Chelmsford,287 Church Road,Chelmsford,CM8 1AB,1495000
3 Bedroom House Cambridge,38 Springfield Road,Cambridge,CB5 2AB,595000
1 Bedroom House Colchester,253 Victoria Road,Colchester,CO8 4AB,295000
5 Bedroom Apartment Norwich,288 Station Road,Norwich,NR8 6AB,465000
6 Bedroom Cottage Cambridge,5 High Street,Cambridge,CB9 4AB,650000
2 Bedroom Bungalow London,220 High Street,London,E7 6AB,1005000
4 Bedroom House Colchester,297 Station Road,Colchester,CO5 1AB,1180000
5 Bedroom Bungalow Chelmsford,101 Victoria Road,Chelmsford,CM2 5AB,1360000
6 Bedroom Cottage Chelmsford,240 Station Road,Chelmsford,CM9 5AB,255000
2 Bedroom Bungalow Cambridge,298 Springfield Road,Cambridge,CB8 3AB,1060000
4 Bedroom Apartment London,24 High Street,London,E4 2AB,965000
5 Bedroom Cottage Ipswich,261 London Road,Ipswich,IP4 2AB,960000
4 Bedroom Cottage Norwich,277 Victoria Road,Norwich,NR5 7AB,215000
4 Bedroom Cottage Norwich,261 Victoria Road,Norwich,NR8 2AB,755000
4 Bedroom Bungalow Colchester,286 Station Road,Colchester,CO1 7AB,1085000
4 Bedroom Cottage Ipswich,171 Station Road,Ipswich,IP2 5AB,1460000
2 Bedroom House Cambridge,58 High Street,Cambridge,CB1 8AB,915000
5 Bedroom Apartment London,213 Victoria Road,London,E6 5AB,930000
1 Bedroom House Ipswich,74 Park Road,Ipswich,IP8 2AB,1205000
3 Bedroom House Cambridge,62 Springfield Road,Cambridge,CB9 6AB,1385000
6 Bedroom Cottage Ipswich,97 Queen Street,Ipswich,IP7 6AB,610000
3 Bedroom Cottage Cambridge,65 High Street,Cambridge,CB8 6AB,345000
2 Bedroom Cottage Chelmsford,262 High Street,Chelmsford,CM2 5AB,1470000
6 Bedroom Apartment Ipswich,24 Victoria Road,Ipswich,IP2 8AB,545000
6 Bedroom Apartment Norwich,157 Church Road,Norwich,NR4 4AB,605000
3 Bedroom House Colchester,117 Springfield Road,Colchester,CO3 8AB,620000
6 Bedroom Apartment London,272 Station Road,London,E3 7AB,1065000
3 Bedroom Bungalow Norwich,164 Mill Lane,Norwich,NR3 6AB,460000
3 Bedroom Cottage Norwich,134 Springfield Road,Norwich,NR3 1AB,1330000
4 Bedroom Cottage Cambridge,108 Park Road,Cambridge,CB6 4AB,440000
2 Bedroom Apartment Norwich,8 Church Road,Norwich,NR2 7AB,415000
1 Bedroom House Ipswich,177 Queen Street,Ipswich,IP1 5AB,225000
3 Bedroom Apartment London,117 Church Road,London,E4 7AB,1485000
3 Bedroom Bungalow Ipswich,250 Park Road,Ipswich,IP9 9AB,960000
5 Bedroom Bungalow Norwich,146 Park Road,Norwich,NR7 5AB,1085000
5 Bedroom Cottage Colchester,237 Park Road,Colchester,CO7 6AB,695000
2 Bedroom Bungalow Ipswich,116 Victoria Road,Ipswich,IP8 7AB,855000
5 Bedroom Apartment Chelmsford,35 High Street,Chelmsford,CM1 6AB,895000
2 Bedroom House Norwich,290 Queen Street,Norwich,NR4 1AB,880000
3 Bedroom Apartment London,162 High Street,London,E3 7AB,1200000
2 Bedroom Apartment Norwich,83 King Street,Norwich,NR2 8AB,1070000
3 Bedroom Apartment Ipswich,253 Station Road,Ipswich,IP2 6AB,1250000
3 Bedroom Cottage London,200 Springfield Road,London,E8 7AB,1425000
1 Bedroom Cottage Chelmsford,175 Queen Street,Chelmsford,CM9 5AB,1175000
1 Bedroom House Norwich,135 High Street,Norwich,NR5 4AB,1255000
2 Bedroom Bungalow Colchester,254 High Street,Colchester,CO3 2AB,1485000
4 Bedroom House Norwich,63 London Road,Norwich,NR2 8AB,380000
6 Bedroom Bungalow Chelmsford,270 Station Road,Chelmsford,CM3 9AB,155000
3 Bedroom Bungalow Colchester,192 Station Road,Colchester,CO9 9AB,1050000
6 Bedroom House Cambridge,86 Victoria Road,Cambridge,CB2 1AB,805000
3 Bedroom Apartment Colchester,142 Church Road,Colchester,CO7 6AB,495000
2 Bedroom Bungalow Ipswich,160 London Road,Ipswich,IP5 1AB,1270000
3 Bedroom Cottage Norwich,90 Springfield Road,Norwich,NR1 5AB,785000
2 Bedroom Cottage Norwich,195 Springfield Road,Norwich,NR3 1AB,1120000
5 Bedroom Apartment Cambridge,214 Station Road,Cambridge,CB9 1AB,400000
2 Bedroom Bungalow London,101 Station Road,London,E7 6AB,1470000
5 Bedroom House Colchester,99 Station Road,Colchester,CO8 5AB,570000
1 Bedroom House Colchester,293 Queen Street,Colchester,CO5 4AB,1450000
4 Bedroom Apartment Ipswich,233 Queen Street,Ipswich,IP3 4AB,1025000
1 Bedroom Bungalow Ipswich,166 Victoria Road,Ipswich,IP5 3AB,1445000
1 Bedroom Apartment Chelmsford,283 Station Road,Chelmsford,CM5 4AB,245000
1 Bedroom House Norwich,267 High Street,Norwich,NR4 3AB,330000
2 Bedroom Apartment Chelmsford,104 King Street,Chelmsford,CM2 3AB,470000
3 Bedroom Bungalow London,32 London Road,London,E1 3AB,1015000
2 Bedroom Apartment Cambridge,270 Church Road,Cambridge,CB2 3AB,1070000
6 Bedroom Cottage Norwich,184 Park Road,Norwich,NR5 7AB,335000
5 Bedroom Cottage Ipswich,120 Queen Street,Ipswich,IP6 3AB,355000
2 Bedroom Apartment Norwich,113 Victoria Road,Norwich,NR9 1AB,975000
1 Bedroom Cottage Cambridge,4 Station Road,Cambridge,CB9 1AB,1140000
1 Bedroom House Chelmsford,298 Church Road,Chelmsford,CM3 5AB,1245000
4 Bedroom Apartment Chelmsford,104 Station Road,Chelmsford,CM5 8AB,635000
6 Bedroom House Chelmsford,59 High Street,Chelmsford,CM9 3AB,1035000
1 Bedroom Bungalow Colchester,143 London Road,Colchester,CO2 9AB,405000
2 Bedroom Apartment London,152 Mill Lane,London,E4 9AB,925000
3 Bedroom House Cambridge,32 King Street,Cambridge,CB4 5AB,490000
3 Bedroom House Colchester,16 King Street,Colchester,CO1 2AB,850000
5 Bedroom Cottage Cambridge,294 Springfield Road,Cambridge,CB7 5AB,1255000
5 Bedroom House Ipswich,226 Victoria Road,Ipswich,IP9 2AB,1055000
6 Bedroom House Chelmsford,195 Mill Lane,Chelmsford,CM7 2AB,665000
2 Bedroom House Chelmsford,48 Springfield Road,Chelmsford,CM8 6AB,595000
4 Bedroom Bungalow Ipswich,284 Church Road,Ipswich,IP9 3AB,1400000
4 Bedroom Bungalow Norwich,157 Church Road,Norwich,NR8 2AB,1260000
6 Bedroom Cottage Chelmsford,274 King Street,Chelmsford,CM2 6AB,1070000
1 Bedroom Cottage Colchester,284 Victoria Road,Colchester,CO2 8AB,185000
6 Bedroom Cottage Ipswich,159 Mill Lane,Ipswich,IP3 8AB,900000
3 Bedroom Bungalow Colchester,61 Springfield Road,Colchester,CO3 5AB,1205000
3 Bedroom Cottage London,206 London Road,London,E9 8AB,635000
1 Bedroom Apartment Colchester,22 King Street,Colchester,CO3 2AB,440000
6 Bedroom Apartment Ipswich,249 Mill Lane,Ipswich,IP8 7AB,1470000
5 Bedroom House Ipswich,176 Mill Lane,Ipswich,IP5 8AB,1325000
6 Bedroom Cottage Colchester,202 Mill Lane,Colchester,CO7 4AB,1415000
3 Bedroom Cottage Colchester,131 Park Road,Colchester,CO2 6AB,700000
3 Bedroom House Colchester,251 Victoria Road,Colchester,CO9 1AB,730000
4 Bedroom House Norwich,99 Park Road,Norwich,NR5 6AB,720000
1 Bedroom House Ipswich,76 High Street,Ipswich,IP7 1AB,1275000
4 Bedroom Cottage Ipswich,299 London Road,Ipswich,IP5 8AB,1170000
2 Bedroom House Cambridge,255 High Street,Cambridge,CB8 2AB,180000
2 Bedroom House Colchester,223 King Street,Colchester,CO3 9AB,1055000
4 Bedroom Cottage Ipswich,276 Station Road,Ipswich,IP3 6AB,715000
3 Bedroom Apartment Chelmsford,159 Mill Lane,Chelmsford,CM4 1AB,535000
5 Bedroom Cottage Norwich,268 King Street,Norwich,NR1 1AB,1300000
6 Bedroom Bungalow Norwich,214 Victoria Road,Norwich,NR1 6AB,715000
6 Bedroom Cottage Chelmsford,112 Church Road,Chelmsford,CM5 6AB,1130000
2 Bedroom Cottage Colchester,149 Victoria Road,Colchester,CO6 8AB,925000
6 Bedroom Cottage London,292 Park Road,London,E7 3AB,150000
2 Bedroom Cottage Chelmsford,203 Queen Street,Chelmsford,CM7 9AB,1160000
6 Bedroom Bungalow Chelmsford,206 London Road,Chelmsford,CM3 2AB,170000
3 Bedroom Cottage London,168 London Road,London,E4 6AB,1470000
4 Bedroom Apartment Colchester,62 Springfield Road,Colchester,CO2 3AB,450000
1 Bedroom Bungalow Chelmsford,210 King Street,Chelmsford,CM8 8AB,510000
5 Bedroom Apartment London,165 High Street,London,E2 4AB,1450000
1 Bedroom Cottage Cambridge,258 London Road,Cambridge,CB9 5AB,1365000
1 Bedroom Bungalow Norwich,46 Springfield Road,Norwich,NR4 4AB,250000
4 Bedroom Cottage Ipswich,128 Mill Lane,Ipswich,IP9 6AB,1165000
4 Bedroom Cottage Norwich,139 Springfield Road,Norwich,NR3 3AB,1380000
1 Bedroom Bungalow Chelmsford,234 Queen Street,Chelmsford,CM8 5AB,1090000
3 Bedroom House Chelmsford,79 High Street,Chelmsford,CM4 4AB,525000
3 Bedroom House Norwich,101 Springfield Road,Norwich,NR3 8AB,360000
2 Bedroom Cottage Chelmsford,4 High Street,Chelmsford,CM4 9AB,345000
4 Bedroom Cottage Colchester,246 High Street,Colchester,CO3 3AB,1020000
3 Bedroom Apartment Colchester,293 Mill Lane,Colchester,CO5 4AB,825000
1 Bedroom House Cambridge,134 Queen Street,Cambridge,CB5 1AB,995000
3 Bedroom Cottage Chelmsford,16 King Street,Chelmsford,CM8 9AB,1320000
1 Bedroom Cottage Colchester,97 London Road,Colchester,CO4 6AB,395000
5 Bedroom Cottage Norwich,24 Station Road,Norwich,NR8 3AB,1000000
1 Bedroom Apartment Ipswich,296 High Street,Ipswich,IP6 3AB,1430000
6 Bedroom Cottage Norwich,106 Park Road,Norwich,NR4 2AB,230000
4 Bedroom Bungalow Colchester,46 High Street,Colchester,CO4 6AB,850000
1 Bedroom House London,37 London Road,London,E7 3AB,510000
1 Bedroom Apartment Cambridge,26 King Street,Cambridge,CB4 9AB,670000
6 Bedroom Cottage Norwich,288 London Road,Norwich,NR9 2AB,205000
4 Bedroom House Chelmsford,136 Queen Street,Chelmsford,CM6 8AB,270000
2 Bedroom Bungalow London,282 King Street,London,E2 5AB,760000
6 Bedroom Cottage Norwich,218 Queen Street,Norwich,NR5 9AB,190000
2 Bedroom Bungalow Norwich,244 London Road,Norwich,NR8 5AB,845000
5 Bedroom Cottage London,110 Queen Street,London,E7 2AB,585000
6 Bedroom House Ipswich,187 King Street,Ipswich,IP3 8AB,840000
3 Bedroom Apartment Norwich,130 Station Road,Norwich,NR7 9AB,575000
5 Bedroom Apartment Cambridge,290 Station Road,Cambridge,CB9 8AB,780000
2 Bedroom Bungalow Cambridge,210 Springfield Road,Cambridge,CB3 2AB,910000
1 Bedroom Apartment London,81 Mill Lane,London,E5 2AB,420000
4 Bedroom Cottage Colchester,294 Victoria Road,Colchester,CO3 2AB,945000
3 Bedroom Apartment London,157 High Street,London,E7 5AB,725000
4 Bedroom House London,256 Station Road,London,E3 9AB,1185000
6 Bedroom Apartment London,285 Station Road,London,E2 4AB,435000
4 Bedroom House Cambridge,18 Station Road,Cambridge,CB3 2AB,1105000
4 Bedroom Bungalow Chelmsford,202 Station Road,Chelmsford,CM5 6AB,1470000
3 Bedroom Apartment Norwich,85 Queen Street,Norwich,NR4 3AB,1010000
3 Bedroom House Ipswich,40 King Street,Ipswich,IP8 4AB,1075000
2 Bedroom Apartment Cambridge,143 Queen Street,Cambridge,CB6 7AB,1480000
4 Bedroom Apartment Cambridge,106 High Street,Cambridge,CB3 1AB,565000
5 Bedroom Bungalow Cambridge,8 Church Road,Cambridge,CB2 4AB,405000
1 Bedroom Bungalow Norwich,178 Station Road,Norwich,NR6 2AB,150000
5 Bedroom Apartment London,227 King Street,London,E5 7AB,935000
4 Bedroom Cottage London,256 King Street,London,E5 3AB,690000
3 Bedroom Apartment Ipswich,228 High Street,Ipswich,IP6 6AB,1150000
3 Bedroom Apartment Cambridge,6 King Street,Cambridge,CB8 5AB,915000
5 Bedroom Bungalow Norwich,53 Springfield Road,Norwich,NR8 2AB,190000
1 Bedroom Cottage Ipswich,193 King Street,Ipswich,IP9 8AB,385000
1 Bedroom Cottage Colchester,12 Queen Street,Colchester,CO4 2AB,515000
6 Bedroom Apartment Cambridge,195 Mill Lane,Cambridge,CB9 5AB,290000
4 Bedroom Cottage Ipswich,147 Springfield Road,Ipswich,IP8 4AB,1250000
4 Bedroom Apartment Norwich,43 Park Road,Norwich,NR6 7AB,155000
2 Bedroom Bungalow Chelmsford,12 London Road,Chelmsford,CM3 9AB,315000
5 Bedroom Cottage Norwich,20 Queen Street,Norwich,NR3 5AB,340000
6 Bedroom Cottage Chelmsford,113 Mill Lane,Chelmsford,CM8 1AB,1080000
4 Bedroom Cottage London,37 Church Road,London,E1 9AB,695000
6 Bedroom House Chelmsford,60 Station Road,Chelmsford,CM5 7AB,1190000
4 Bedroom Apartment Colchester,162 Park Road,Colchester,CO6 8AB,895000
2 Bedroom House London,146 Park Road,London,E3 1AB,985000
5 Bedroom House Norwich,94 Park Road,Norwich,NR2 3AB,1070000
5 Bedroom House Ipswich,123 London Road,Ipswich,IP4 7AB,1335000
1 Bedroom Bungalow Chelmsford,209 Victoria Road,Chelmsford,CM5 8AB,295000
3 Bedroom Apartment Cambridge,137 Station Road,Cambridge,CB1 2AB,1085000
6 Bedroom Bungalow Chelmsford,14 High Street,Chelmsford,CM4 9AB,555000
4 Bedroom Apartment Colchester,265 King Street,Colchester,CO3 4AB,435000
1 Bedroom Cottage London,175 Queen Street,London,E9 1AB,805000
1 Bedroom House Chelmsford,100 Church Road,Chelmsford,CM4 2AB,970000
5 Bedroom House London,298 Church Road,London,E7 6AB,1445000
4 Bedroom Bungalow Ipswich,134 High Street,Ipswich,IP8 3AB,530000
3 Bedroom House Ipswich,202 Church Road,Ipswich,IP5 6AB,920000
5 Bedroom House Cambridge,11 King Street,Cambridge,CB2 9AB,595000
6 Bedroom House Ipswich,287 High Street,Ipswich,IP8 9AB,610000
3 Bedroom Bungalow London,181 High Street,London,E1 4AB,745000
6 Bedroom Cottage Cambridge,150 High Street,Cambridge,CB3 2AB,235000
5 Bedroom Cottage Norwich,246 Queen Street,Norwich,NR4 4AB,940000
2 Bedroom Cottage Ipswich,63 King Street,Ipswich,IP5 9AB,1195000
6 Bedroom Bungalow Chelmsford,87 Church Road,Chelmsford,CM5 9AB,375000
2 Bedroom Cottage Cambridge,66 Park Road,Cambridge,CB9 4AB,1145000
6 Bedroom Bungalow Chelmsford,35 London Road,Chelmsford,CM3 3AB,1325000
5 Bedroom Cottage Ipswich,230 King Street,Ipswich,IP5 8AB,220000
1 Bedroom Apartment Cambridge,290 Mill Lane,Cambridge,CB4 4AB,650000
6 Bedroom Cottage Norwich,176 Station Road,Norwich,NR5 1AB,985000
4 Bedroom House London,64 King Street,London,E5 3AB,1385000
1 Bedroom Cottage Chelmsford,223 Mill Lane,Chelmsford,CM9 3AB,910000
5 Bedroom Bungalow London,291 Station Road,London,E7 9AB,305000
2 Bedroom House Ipswich,61 High Street,Ipswich,IP8 9AB,1445000
4 Bedroom Bungalow Chelmsford,263 High Street,Chelmsford,CM5 3AB,240000
3 Bedroom Apartment Ipswich,268 King Street,Ipswich,IP8 9AB,945000
1 Bedroom Apartment London,300 Queen Street,London,E2 8AB,1410000
1 Bedroom Bungalow Chelmsford,22 Victoria Road,Chelmsford,CM9 9AB,790000
2 Bedroom House Cambridge,128 Church Road,Cambridge,CB9 7AB,400000
3 Bedroom Apartment Norwich,228 High Street,Norwich,NR1 2AB,190000
3 Bedroom Cottage Colchester,297 Springfield Road,Colchester,CO6 8AB,565000
2 Bedroom Apartment Cambridge,220 High Street,Cambridge,CB5 5AB,780000
3 Bedroom Bungalow London,48 London Road,London,E1 2AB,615000
2 Bedroom Bungalow London,132 London Road,London,E4 4AB,280000
2 Bedroom House Cambridge,77 Victoria Road,Cambridge,CB4 4AB,765000
3 Bedroom House Colchester,201 Springfield Road,Colchester,CO7 2AB,160000
4 Bedroom Bungalow Norwich,172 Mill Lane,Norwich,NR8 9AB,460000
4 Bedroom Apartment Chelmsford,267 Victoria Road,Chelmsford,CM1 5AB,665000
5 Bedroom House Cambridge,298 Victoria Road,Cambridge,CB5 2AB,1260000
5 Bedroom Cottage Cambridge,11 High Street,Cambridge,CB5 6AB,1330000
1 Bedroom Cottage Norwich,255 Mill Lane,Norwich,NR9 8AB,560000
4 Bedroom Cottage Colchester,42 Queen Street,Colchester,CO6 6AB,195000
2 Bedroom Bungalow Norwich,143 Victoria Road,Norwich,NR2 8AB,1385000
5 Bedroom Apartment Cambridge,10 Church Road,Cambridge,CB9 2AB,685000
6 Bedroom House Colchester,272 Church Road,Colchester,CO6 1AB,970000
4 Bedroom Cottage Ipswich,117 High Street,Ipswich,IP2 8AB,1355000
1 Bedroom Apartment Norwich,156 Victoria Road,Norwich,NR6 4AB,715000
1 Bedroom Apartment Cambridge,57 Victoria Road,Cambridge,CB2 2AB,415000
2 Bedroom Bungalow Chelmsford,193 Station Road,Chelmsford,CM3 9AB,560000
5 Bedroom Bungalow Cambridge,72 Station Road,Cambridge,CB5 2AB,1080000
6 Bedroom Cottage London,205 Mill Lane,London,E9 5AB,635000
2 Bedroom Cottage Ipswich,72 High Street,Ipswich,IP2 4AB,280000
6 Bedroom Apartment London,262 Queen Street,London,E4 4AB,740000
6 Bedroom Cottage Norwich,198 London Road,Norwich,NR4 1AB,1230000
6 Bedroom House Cambridge,45 Victoria Road,Cambridge,CB9 4AB,730000
5 Bedroom House Norwich,142 Queen Street,Norwich,NR8 4AB,585000
1 Bedroom House Colchester,137 Park Road,Colchester,CO6 9AB,180000
3 Bedroom House Norwich,154 Springfield Road,Norwich,NR2 7AB,785000
6 Bedroom Bungalow Colchester,161 Park Road,Colchester,CO4 6AB,765000
3 Bedroom Apartment Chelmsford,234 King Street,Chelmsford,CM8 6AB,330000
1 Bedroom Cottage Cambridge,82 King Street,Cambridge,CB9 1AB,160000
6 Bedroom Cottage Norwich,24 Station Road,Norwich,NR4 6AB,745000
2 Bedroom Cottage Ipswich,247 Springfield Road,Ipswich,IP4 5AB,1485000
2 Bedroom Apartment Chelmsford,122 King Street,Chelmsford,CM4 8AB,215000
2 Bedroom House Ipswich,21 Queen Street,Ipswich,IP5 3AB,265000
2 Bedroom Cottage Cambridge,276 High Street,Cambridge,CB8 6AB,210000
3 Bedroom Cottage Ipswich,76 High Street,Ipswich,IP4 5AB,170000
1 Bedroom Apartment Ipswich,119 London Road,Ipswich,IP2 7AB,375000
5 Bedroom House Chelmsford,45 High Street,Chelmsford,CM9 2AB,1135000
5 Bedroom House London,161 Queen Street,London,E9 2AB,855000
6 Bedroom Cottage London,36 High Street,London,E7 8AB,1375000
5 Bedroom House London,67 Station Road,London,E4 7AB,160000
6 Bedroom Apartment Chelmsford,39 Mill Lane,Chelmsford,CM2 6AB,265000
3 Bedroom House Colchester,16 Park Road,Colchester,CO9 1AB,1050000
1 Bedroom Cottage Cambridge,132 Springfield Road,Cambridge,CB7 2AB,1095000
4 Bedroom Apartment Ipswich,109 London Road,Ipswich,IP4 6AB,895000
4 Bedroom House London,178 Springfield Road,London,E4 3AB,295000
2 Bedroom Bungalow Norwich,77 Park Road,Norwich,NR8 3AB,480000
5 Bedroom Cottage Norwich,69 King Street,Norwich,NR7 7AB,805000
4 Bedroom House Chelmsford,204 Park Road,Chelmsford,CM6 3AB,725000
6 Bedroom Cottage Colchester,152 King Street,Colchester,CO4 6AB,450000
6 Bedroom House Ipswich,75 High Street,Ipswich,IP2 2AB,1385000
5 Bedroom House Cambridge,253 King Street,Cambridge,CB2 5AB,1235000
1 Bedroom Cottage Ipswich,66 High Street,Ipswich,IP8 3AB,1255000
5 Bedroom Bungalow London,96 Springfield Road,London,E6 9AB,625000
6 Bedroom Cottage Colchester,269 Church Road,Colchester,CO5 1AB,1170000
2 Bedroom Bungalow Norwich,174 Queen Street,Norwich,NR7 1AB,900000
1 Bedroom Bungalow Colchester,42 King Street,Colchester,CO2 2AB,1150000
6 Bedroom Cottage London,149 Park Road,London,E4 1AB,1220000
2 Bedroom Apartment London,286 Springfield Road,London,E7 9AB,970000
2 Bedroom Cottage London,95 Park Road,London,E6 3AB,1050000
1 Bedroom Apartment Chelmsford,108 Station Road,Chelmsford,CM6 6AB,860000
4 Bedroom Bungalow Ipswich,81 Mill Lane,Ipswich,IP1 2AB,260000
5 Bedroom Bungalow London,166 Mill Lane,London,E5 5AB,380000
5 Bedroom Cottage Cambridge,238 Church Road,Cambridge,CB2 9AB,1075000
3 Bedroom Cottage Ipswich,5 Church Road,Ipswich,IP2 4AB,485000
5 Bedroom Cottage Colchester,79 London Road,Colchester,CO6 7AB,465000
4 Bedroom Apartment Chelmsford,8 Mill Lane,Chelmsford,CM7 1AB,190000
2 Bedroom Bungalow Chelmsford,20 Springfield Road,Chelmsford,CM4 5AB,820000
5 Bedroom House Cambridge,256 King Street,Cambridge,CB5 3AB,225000
2 Bedroom Bungalow Cambridge,224 King Street,Cambridge,CB7 2AB,1170000
5 Bedroom Apartment Norwich,262 Park Road,Norwich,NR5 6AB,1085000
2 Bedroom Bungalow Colchester,200 London Road,Colchester,CO4 7AB,160000
4 Bedroom House London,292 London Road,London,E7 8AB,255000
4 Bedroom Bungalow Cambridge,23 Queen Street,Cambridge,CB6 4AB,1375000
1 Bedroom Bungalow Norwich,89 Victoria Road,Norwich,NR8 5AB,530000
5 Bedroom House Colchester,208 London Road,Colchester,CO7 8AB,435000
4 Bedroom Cottage Chelmsford,28 Station Road,Chelmsford,CM4 5AB,390000
1 Bedroom House Chelmsford,9 Station Road,Chelmsford,CM3 2AB,650000
5 Bedroom Apartment Chelmsford,161 Station Road,Chelmsford,CM4 4AB,280000
1 Bedroom Bungalow Norwich,8 King Street,Norwich,NR6 6AB,1085000
2 Bedroom Bungalow Ipswich,129 Mill Lane,Ipswich,IP2 5AB,1065000
5 Bedroom Apartment Colchester,292 Station Road,Colchester,CO9 5AB,170000
5 Bedroom Cottage Ipswich,216 Springfield Road,Ipswich,IP3 7AB,1345000
6 Bedroom Cottage Norwich,73 Springfield Road,Norwich,NR4 5AB,850000
1 Bedroom Bungalow Cambridge,171 King Street,Cambridge,CB1 7AB,720000
3 Bedroom Apartment London,183 Mill Lane,London,E1 6AB,340000
4 Bedroom House Cambridge,153 Station Road,Cambridge,CB5 5AB,455000
1 Bedroom Cottage Cambridge,24 High Street,Cambridge,CB9 9AB,1200000
2 Bedroom Bungalow Colchester,276 Queen Street,Colchester,CO5 7AB,770000
1 Bedroom Bungalow Norwich,45 Queen Street,Norwich,NR3 2AB,1315000
1 Bedroom Bungalow Ipswich,124 Church Road,Ipswich,IP4 2AB,535000
3 Bedroom Cottage Colchester,36 Queen Street,Colchester,CO5 1AB,165000
2 Bedroom Cottage Chelmsford,17 Station Road,Chelmsford,CM9 4AB,700000
3 Bedroom House Chelmsford,298 Station Road,Chelmsford,CM5 6AB,970000
2 Bedroom House Ipswich,77 London Road,Ipswich,IP6 3AB,1190000
1 Bedroom Apartment London,97 Queen Street,London,E2 4AB,400000
2 Bedroom Apartment Colchester,113 King Street,Colchester,CO6 3AB,680000
6 Bedroom Apartment Ipswich,224 King Street,Ipswich,IP7 7AB,845000
3 Bedroom Bungalow London,113 Mill Lane,London,E9 9AB,1345000
4 Bedroom Cottage Colchester,181 Park Road,Colchester,CO1 4AB,830000
1 Bedroom House Ipswich,121 Park Road,Ipswich,IP1 9AB,645000
2 Bedroom Apartment Ipswich,285 High Street,Ipswich,IP9 5AB,350000
4 Bedroom Bungalow London,39 Springfield Road,London,E4 2AB,1485000
6 Bedroom Cottage Norwich,253 Queen Street,Norwich,NR9 8AB,585000
1 Bedroom Bungalow Norwich,284 Church Road,Norwich,NR2 1AB,350000
2 Bedroom House Norwich,183 Queen Street,Norwich,NR1 4AB,250000
3 Bedroom Bungalow Chelmsford,50 Station Road,Chelmsford,CM5 6AB,1325000
3 Bedroom Apartment Chelmsford,189 King Street,Chelmsford,CM1 2AB,275000
5 Bedroom Cottage Colchester,300 Station Road,Colchester,CO9 3AB,1130000
5 Bedroom Apartment Chelmsford,9 King Street,Chelmsford,CM4 3AB,1385000
1 Bedroom House Chelmsford,216 Station Road,Chelmsford,CM7 1AB,920000
6 Bedroom Apartment Norwich,75 Springfield Road,Norwich,NR1 9AB,635000
4 Bedroom Apartment Ipswich,48 King Street,Ipswich,IP2 4AB,545000
3 Bedroom Bungalow Colchester,158 Victoria Road,Colchester,CO2 1AB,775000
4 Bedroom Cottage Colchester,31 Victoria Road,Colchester,CO3 5AB,1030000
3 Bedroom House Colchester,20 Springfield Road,Colchester,CO5 2AB,730000
4 Bedroom Bungalow Ipswich,65 Victoria Road,Ipswich,IP5 7AB,920000
5 Bedroom Apartment Norwich,264 London Road,Norwich,NR9 3AB,885000
5 Bedroom Cottage London,40 London Road,London,E7 3AB,1450000
4 Bedroom House London,174 Queen Street,London,E3 7AB,815000
6 Bedroom Apartment Cambridge,256 Queen Street,Cambridge,CB4 5AB,335000
3 Bedroom Apartment Cambridge,48 Mill Lane,Cambridge,CB2 6AB,690000
1 Bedroom Apartment Cambridge,75 Victoria Road,Cambridge,CB2 6AB,1290000
5 Bedroom House Chelmsford,183 Church Road,Chelmsford,CM2 1AB,1325000
3 Bedroom House Chelmsford,201 Victoria Road,Chelmsford,CM9 6AB,1110000
5 Bedroom Apartment Colchester,221 Mill Lane,Colchester,CO9 8AB,160000
4 Bedroom Apartment Colchester,51 Church Road,Colchester,CO2 8AB,420000
4 Bedroom House Ipswich,51 Mill Lane,Ipswich,IP2 6AB,1090000
6 Bedroom Bungalow Norwich,22 Mill Lane,Norwich,NR1 1AB,1175000
4 Bedroom Cottage Cambridge,69 Park Road,Cambridge,CB8 5AB,675000
6 Bedroom House Chelmsford,148 High Street,Chelmsford,CM6 8AB,385000
4 Bedroom House Colchester,297 High Street,Colchester,CO9 7AB,895000
1 Bedroom Apartment London,199 Springfield Road,London,E5 4AB,745000
2 Bedroom House Colchester,49 King Street,Colchester,CO6 1AB,1335000
6 Bedroom Cottage Ipswich,106 London Road,Ipswich,IP1 7AB,1485000
4 Bedroom Cottage London,198 Mill Lane,London,E1 4AB,800000
4 Bedroom Apartment Norwich,33 High Street,Norwich,NR2 9AB,865000
5 Bedroom House Chelmsford,35 Park Road,Chelmsford,CM4 2AB,1495000
2 Bedroom Bungalow Chelmsford,2 Station Road,Chelmsford,CM8 8AB,1485000
2 Bedroom Apartment Colchester,102 Church Road,Colchester,CO8 4AB,275000
3 Bedroom Apartment Norwich,21 King Street,Norwich,NR3 1AB,1200000
4 Bedroom Cottage Chelmsford,286 Mill Lane,Chelmsford,CM8 6AB,1100000
1 Bedroom Cottage Norwich,54 Victoria Road,Norwich,NR9 6AB,560000
5 Bedroom Bungalow Norwich,203 Mill Lane,Norwich,NR5 2AB,1230000
6 Bedroom Cottage Colchester,135 Station Road,Colchester,CO8 4AB,550000
4 Bedroom House Cambridge,260 Station Road,Cambridge,CB6 5AB,230000
1 Bedroom House London,227 High Street,London,E5 6AB,1220000
5 Bedroom Cottage Chelmsford,113 King Street,Chelmsford,CM2 6AB,1475000
1 Bedroom House London,299 King Street,London,E4 1AB,1240000
4 Bedroom Bungalow Ipswich,262 High Street,Ipswich,IP1 1AB,945000
1 Bedroom House Chelmsford,7 High Street,Chelmsford,CM8 6AB,995000
6 Bedroom Apartment Chelmsford,205 Victoria Road,Chelmsford,CM4 4AB,680000
5 Bedroom House Ipswich,134 King Street,Ipswich,IP6 2AB,1005000
6 Bedroom Cottage Chelmsford,233 Park Road,Chelmsford,CM4 5AB,710000
6 Bedroom House Cambridge,248 Victoria Road,Cambridge,CB5 4AB,265000
2 Bedroom House Chelmsford,17 Mill Lane,Chelmsford,CM1 7AB,880000
3 Bedroom Bungalow Chelmsford,106 Victoria Road,Chelmsford,CM1 5AB,1205000
6 Bedroom House Colchester,51 London Road,Colchester,CO8 7AB,825000
3 Bedroom Apartment Norwich,150 Victoria Road,Norwich,NR7 6AB,905000
6 Bedroom Cottage Cambridge,298 King Street,Cambridge,CB5 9AB,845000
5 Bedroom Bungalow Norwich,175 King Street,Norwich,NR5 5AB,760000
5 Bedroom Apartment Norwich,114 Church Road,Norwich,NR9 7AB,555000
6 Bedroom Cottage London,180 Queen Street,London,E2 5AB,415000
1 Bedroom Apartment Ipswich,223 Victoria Road,Ipswich,IP4 3AB,1275000
5 Bedroom Apartment Norwich,212 High Street,Norwich,NR4 1AB,630000
1 Bedroom Bungalow Cambridge,274 King Street,Cambridge,CB4 6AB,785000
5 Bedroom House Cambridge,55 Station Road,Cambridge,CB9 1AB,1195000
4 Bedroom Cottage Ipswich,223 Victoria Road,Ipswich,IP1 8AB,1300000
3 Bedroom Cottage Colchester,110 Queen Street,Colchester,CO6 3AB,1135000
6 Bedroom House Cambridge,281 Church Road,Cambridge,CB8 7AB,1325000
1 Bedroom Bungalow Colchester,25 Station Road,Colchester,CO8 4AB,945000
2 Bedroom House Chelmsford,201 Springfield Road,Chelmsford,CM9 4AB,630000
6 Bedroom Bungalow London,272 Station Road,London,E6 5AB,155000
2 Bedroom Apartment London,203 Mill Lane,London,E8 5AB,700000
6 Bedroom Bungalow Colchester,89 Park Road,Colchester,CO2 3AB,345000
2 Bedroom Bungalow Chelmsford,38 London Road,Chelmsford,CM4 8AB,1415000
3 Bedroom Apartment Ipswich,127 London Road,Ipswich,IP7 9AB,985000
2 Bedroom House Colchester,283 Park Road,Colchester,CO3 4AB,675000
2 Bedroom Apartment Cambridge,140 Queen Street,Cambridge,CB4 1AB,900000
5 Bedroom House London,31 London Road,London,E5 3AB,330000
5 Bedroom Apartment Chelmsford,194 London Road,Chelmsford,CM9 1AB,1145000
3 Bedroom Apartment Norwich,176 King Street,Norwich,NR2 3AB,735000
4 Bedroom Bungalow Norwich,142 High Street,Norwich,NR4 4AB,705000
4 Bedroom Cottage London,2 London Road,London,E3 8AB,765000
3 Bedroom Apartment London,245 High Street,London,E8 7AB,680000
2 Bedroom House London,212 London Road,London,E6 6AB,260000
1 Bedroom Apartment Ipswich,205 Church Road,Ipswich,IP8 7AB,1195000
4 Bedroom House Norwich,122 London Road,Norwich,NR1 2AB,1385000
5 Bedroom House Colchester,183 Mill Lane,Colchester,CO9 5AB,1210000
4 Bedroom House Colchester,138 High Street,Colchester,CO6 9AB,185000
4 Bedroom House Norwich,188 King Street,Norwich,NR5 8AB,880000
4 Bedroom House Cambridge,5 High Street,Cambridge,CB4 3AB,1290000
3 Bedroom Cottage Chelmsford,262 King Street,Chelmsford,CM5 4AB,415000
6 Bedroom House Colchester,64 Station Road,Colchester,CO1 2AB,1490000
1 Bedroom House London,207 Station Road,London,E5 4AB,440000
3 Bedroom House Chelmsford,288 High Street,Chelmsford,CM3 6AB,310000
3 Bedroom House Cambridge,29 Queen Street,Cambridge,CB7 2AB,405000
1 Bedroom Cottage Norwich,69 King Street,Norwich,NR5 2AB,955000
1 Bedroom Bungalow Ipswich,276 Victoria Road,Ipswich,IP5 1AB,1175000
2 Bedroom House London,127 Springfield Road,London,E8 3AB,990000
5 Bedroom Bungalow Colchester,284 Station Road,Colchester,CO2 4AB,570000
6 Bedroom Cottage Cambridge,88 Queen Street,Cambridge,CB7 5AB,1330000
4 Bedroom House Chelmsford,58 London Road,Chelmsford,CM4 7AB,1320000
5 Bedroom Cottage Norwich,101 London Road,Norwich,NR3 6AB,1165000
2 Bedroom House Colchester,260 Church Road,Colchester,CO3 5AB,345000
1 Bedroom Bungalow Chelmsford,110 London Road,Chelmsford,CM2 7AB,1480000
2 Bedroom Cottage Ipswich,269 Springfield Road,Ipswich,IP5 6AB,490000
6 Bedroom Bungalow Cambridge,8 Church Road,Cambridge,CB3 4AB,1350000
1 Bedroom Bungalow Colchester,155 Victoria Road,Colchester,CO6 9AB,190000
3 Bedroom House Ipswich,240 Church Road,Ipswich,IP5 5AB,1295000
1 Bedroom Cottage Chelmsford,188 Park Road,Chelmsford,CM2 1AB,380000
6 Bedroom Bungalow Norwich,150 Church Road,Norwich,NR8 6AB,1130000
5 Bedroom House Colchester,201 Park Road,Colchester,CO2 6AB,730000
4 Bedroom Cottage Cambridge,40 Park Road,Cambridge,CB5 4AB,660000
5 Bedroom House Norwich,11 Springfield Road,Norwich,NR3 9AB,245000
6 Bedroom Bungalow London,215 Springfield Road,London,E9 5AB,890000
1 Bedroom Cottage London,104 King Street,London,E8 9AB,185000
3 Bedroom Bungalow Colchester,180 London Road,Colchester,CO3 8AB,605000
1 Bedroom House Norwich,78 Station Road,Norwich,NR4 7AB,930000
4 Bedroom Apartment Colchester,205 Park Road,Colchester,CO6 1AB,1185000
2 Bedroom Cottage Cambridge,230 Victoria Road,Cambridge,CB2 4AB,630000
4 Bedroom Bungalow Chelmsford,93 London Road,Chelmsford,CM6 8AB,445000
3 Bedroom House Norwich,154 King Street,Norwich,NR5 3AB,175000
2 Bedroom House Norwich,133 Station Road,Norwich,NR2 5AB,700000
4 Bedroom Apartment London,12 High Street,London,E9 2AB,1415000
2 Bedroom Apartment Ipswich,41 Mill Lane,Ipswich,IP5 5AB,860000
2 Bedroom Bungalow Cambridge,282 Queen Street,Cambridge,CB4 9AB,395000
3 Bedroom Cottage Chelmsford,86 Station Road,Chelmsford,CM7 4AB,1490000
2 Bedroom Cottage Ipswich,102 Station Road,Ipswich,IP6 7AB,1275000
4 Bedroom Cottage Cambridge,123 Mill Lane,Cambridge,CB5 6AB,1360000
2 Bedroom Cottage Norwich,286 Victoria Road,Norwich,NR1 6AB,1390000
6 Bedroom Apartment Colchester,107 High Street,Colchester,CO5 2AB,700000
2 Bedroom Cottage Cambridge,101 Queen Street,Cambridge,CB4 1AB,765000
5 Bedroom Bungalow Colchester,111 Church Road,Colchester,CO2 4AB,165000
4 Bedroom Bungalow Chelmsford,116 Church Road,Chelmsford,CM1 7AB,780000
3 Bedroom Apartment Cambridge,241 London Road,Cambridge,CB5 7AB,715000
2 Bedroom Cottage Ipswich,27 High Street,Ipswich,IP7 1AB,1395000
6 Bedroom Cottage Norwich,136 London Road,Norwich,NR2 3AB,205000
6 Bedroom Apartment Chelmsford,275 London Road,Chelmsford,CM7 9AB,315000
5 Bedroom Apartment Norwich,23 King Street,Norwich,NR3 1AB,1385000
5 Bedroom Apartment Cambridge,210 London Road,Cambridge,CB2 1AB,1315000
3 Bedroom Bungalow Colchester,135 London Road,Colchester,CO5 5AB,1250000
6 Bedroom Apartment Norwich,298 Park Road,Norwich,NR4 7AB,865000
1 Bedroom House Norwich,144 Victoria Road,Norwich,NR8 3AB,1360000
3 Bedroom Bungalow Cambridge,99 Park Road,Cambridge,CB9 1AB,720000
4 Bedroom Bungalow London,60 London Road,London,E1 2AB,1445000
2 Bedroom Cottage Chelmsford,244 Church Road,Chelmsford,CM7 8AB,240000
1 Bedroom Bungalow Colchester,58 Mill Lane,Colchester,CO9 2AB,900000
1 Bedroom House Chelmsford,112 Queen Street,Chelmsford,CM2 4AB,1120000
4 Bedroom Apartment London,119 Station Road,London,E6 3AB,505000
2 Bedroom Bungalow Ipswich,299 Queen Street,Ipswich,IP1 4AB,480000
4 Bedroom House Ipswich,215 Victoria Road,Ipswich,IP7 7AB,975000
1 Bedroom Bungalow London,232 High Street,London,E7 8AB,1065000
5 Bedroom Cottage Cambridge,289 Church Road,Cambridge,CB9 6AB,1180000
4 Bedroom Apartment Ipswich,187 Mill Lane,Ipswich,IP2 3AB,760000
3 Bedroom Bungalow London,250 Park Road,London,E2 2AB,435000
3 Bedroom Cottage Ipswich,110 London Road,Ipswich,IP2 2AB,195000
1 Bedroom House Norwich,58 High Street,Norwich,NR7 9AB,660000
1 Bedroom House Chelmsford,264 King Street,Chelmsford,CM2 1AB,585000
2 Bedroom Bungalow Colchester,270 London Road,Colchester,CO3 9AB,1225000
6 Bedroom Bungalow Chelmsford,208 High Street,Chelmsford,CM3 8AB,1135000
2 Bedroom Apartment Colchester,17 Mill Lane,Colchester,CO3 9AB,820000
5 Bedroom Apartment Chelmsford,212 Victoria Road,Chelmsford,CM5 3AB,580000
6 Bedroom House Chelmsford,241 Queen Street,Chelmsford,CM1 4AB,1045000
5 Bedroom Apartment Colchester,159 Victoria Road,Colchester,CO6 4AB,1115000
4 Bedroom Bungalow London,31 Queen Street,London,E2 4AB,315000
5 Bedroom Bungalow Colchester,146 Victoria Road,Colchester,CO1 6AB,785000
2 Bedroom Bungalow Colchester,64 Victoria Road,Colchester,CO1 9AB,790000
5 Bedroom Apartment Cambridge,293 King Street,Cambridge,CB1 7AB,925000
6 Bedroom House Colchester,131 Victoria Road,Colchester,CO3 6AB,725000
6 Bedroom Bungalow Colchester,281 London Road,Colchester,CO6 6AB,255000
3 Bedroom Cottage Norwich,108 King Street,Norwich,NR3 5AB,410000
4 Bedroom House Ipswich,234 Queen Street,Ipswich,IP3 6AB,835000
5 Bedroom Bungalow Colchester,163 Park Road,Colchester,CO9 1AB,945000
2 Bedroom Bungalow Cambridge,175 Station Road,Cambridge,CB3 5AB,340000
5 Bedroom Cottage Chelmsford,133 Mill Lane,Chelmsford,CM6 1AB,270000
2 Bedroom Apartment Norwich,212 London Road,Norwich,NR3 6AB,1245000
6 Bedroom Apartment London,80 Queen Street,London,E6 5AB,480000
3 Bedroom Cottage Ipswich,50 Springfield Road,Ipswich,IP3 9AB,490000
4 Bedroom Cottage London,99 Springfield Road,London,E4 4AB,1350000
2 Bedroom Apartment Norwich,51 London Road,Norwich,NR9 2AB,520000
4 Bedroom Cottage Colchester,70 Station Road,Colchester,CO7 9AB,615000
6 Bedroom House Cambridge,69 Queen Street,Cambridge,CB5 6AB,560000
4 Bedroom Apartment Ipswich,109 High Street,Ipswich,IP6 7AB,500000
3 Bedroom House Cambridge,276 Station Road,Cambridge,CB9 4AB,155000
4 Bedroom Cottage Chelmsford,222 King Street,Chelmsford,CM5 6AB,775000
2 Bedroom Cottage Ipswich,60 Springfield Road,Ipswich,IP1 7AB,610000
5 Bedroom Bungalow Cambridge,150 Queen Street,Cambridge,CB4 2AB,1430000
1 Bedroom Bungalow Colchester,270 Park Road,Colchester,CO1 3AB,590000
1 Bedroom Cottage London,31 Station Road,London,E7 8AB,930000
1 Bedroom Apartment Norwich,56 London Road,Norwich,NR6 5AB,755000
2 Bedroom Apartment Norwich,288 Church Road,Norwich,NR2 7AB,1475000
5 Bedroom Bungalow Cambridge,56 Station Road,Cambridge,CB4 8AB,480000
4 Bedroom Apartment Chelmsford,49 Church Road,Chelmsford,CM2 5AB,390000
5 Bedroom House Chelmsford,288 High Street,Chelmsford,CM4 5AB,200000
5 Bedroom House London,128 High Street,London,E2 1AB,845000
2 Bedroom Cottage Chelmsford,55 Church Road,Chelmsford,CM3 5AB,1420000
5 Bedroom Apartment Norwich,195 Park Road,Norwich,NR2 9AB,1445000
6 Bedroom Bungalow Ipswich,224 Springfield Road,Ipswich,IP3 7AB,1295000
2 Bedroom Cottage Ipswich,5 King Street,Ipswich,IP6 4AB,310000
2 Bedroom Bungalow Norwich,113 Victoria Road,Norwich,NR7 6AB,825000
5 Bedroom Bungalow Colchester,63 Queen Street,Colchester,CO4 7AB,655000
1 Bedroom Cottage Chelmsford,283 King Street,Chelmsford,CM8 4AB,870000
6 Bedroom House London,233 Mill Lane,London,E8 5AB,1045000
3 Bedroom Apartment Cambridge,164 Park Road,Cambridge,CB2 1AB,660000
6 Bedroom Cottage Colchester,176 Park Road,Colchester,CO4 5AB,630000
5 Bedroom Cottage Norwich,106 Queen Street,Norwich,NR9 2AB,1105000
2 Bedroom Bungalow London,142 Springfield Road,London,E9 7AB,1200000
1 Bedroom Bungalow Norwich,295 Queen Street,Norwich,NR2 9AB,910000
1 Bedroom House London,46 Springfield Road,London,E9 9AB,245000
6 Bedroom House London,27 Springfield Road,London,E7 4AB,260000
5 Bedroom House Norwich,169 King Street,Norwich,NR8 7AB,195000
2 Bedroom Bungalow Norwich,200 London Road,Norwich,NR1 7AB,500000
2 Bedroom House Colchester,191 High Street,Colchester,CO8 5AB,1105000
3 Bedroom Apartment London,84 Springfield Road,London,E9 3AB,820000
5 Bedroom Apartment Cambridge,108 High Street,Cambridge,CB3 6AB,1280000
4 Bedroom Apartment Chelmsford,300 London Road,Chelmsford,CM8 9AB,1475000
4 Bedroom House Ipswich,52 London Road,Ipswich,IP9 8AB,725000
6 Bedroom Bungalow Norwich,152 Victoria Road,Norwich,NR7 5AB,990000
1 Bedroom Bungalow Colchester,113 Victoria Road,Colchester,CO3 5AB,490000
6 Bedroom Apartment Cambridge,65 London Road,Cambridge,CB3 9AB,1035000
4 Bedroom Apartment Ipswich,99 High Street,Ipswich,IP4 5AB,830000
4 Bedroom Bungalow Cambridge,26 Station Road,Cambridge,CB5 8AB,1155000
5 Bedroom Apartment Cambridge,78 Church Road,Cambridge,CB2 2AB,1110000
4 Bedroom Bungalow Cambridge,297 Church Road,Cambridge,CB5 7AB,840000
2 Bedroom Cottage Ipswich,291 High Street,Ipswich,IP8 9AB,315000
3 Bedroom Apartment Norwich,186 Church Road,Norwich,NR8 9AB,720000
1 Bedroom House Chelmsford,275 Victoria Road,Chelmsford,CM6 8AB,975000
1 Bedroom Cottage Cambridge,232 Victoria Road,Cambridge,CB4 9AB,1155000
6 Bedroom House Colchester,271 Mill Lane,Colchester,CO3 6AB,1240000
6 Bedroom Apartment London,228 London Road,London,E1 3AB,220000
6 Bedroom House Ipswich,281 King Street,Ipswich,IP3 8AB,1145000
4 Bedroom Cottage Cambridge,43 Station Road,Cambridge,CB5 7AB,930000
3 Bedroom House Colchester,149 London Road,Colchester,CO5 5AB,260000
3 Bedroom House London,93 Springfield Road,London,E8 8AB,1365000
6 Bedroom House Cambridge,198 Station Road,Cambridge,CB4 1AB,1135000
5 Bedroom Cottage Chelmsford,209 Station Road,Chelmsford,CM6 6AB,1410000
5 Bedroom House Cambridge,33 Park Road,Cambridge,CB4 7AB,370000
2 Bedroom Apartment Cambridge,242 Park Road,Cambridge,CB6 4AB,1200000
2 Bedroom House Cambridge,299 Victoria Road,Cambridge,CB7 5AB,880000
2 Bedroom Cottage Norwich,30 Queen Street,Norwich,NR8 2AB,1235000
5 Bedroom House Chelmsford,124 Victoria Road,Chelmsford,CM7 8AB,490000
2 Bedroom Apartment London,164 King Street,London,E4 2AB,835000
3 Bedroom House Norwich,290 Station Road,Norwich,NR1 3AB,510000
2 Bedroom House Norwich,12 Queen Street,Norwich,NR7 3AB,755000
6 Bedroom Apartment London,254 King Street,London,E1 7AB,1000000
1 Bedroom Cottage Chelmsford,291 High Street,Chelmsford,CM7 5AB,1080000
2 Bedroom Bungalow Chelmsford,137 Victoria Road,Chelmsford,CM5 6AB,1270000
4 Bedroom House London,258 King Street,London,E5 3AB,1290000
2 Bedroom Cottage Chelmsford,195 Victoria Road,Chelmsford,CM5 2AB,1395000
3 Bedroom House Norwich,192 Queen Street,Norwich,NR2 2AB,215000
5 Bedroom Bungalow Ipswich,210 Queen Street,Ipswich,IP7 6AB,1040000
3 Bedroom Cottage Colchester,37 Station Road,Colchester,CO4 3AB,1030000
5 Bedroom House Colchester,239 King Street,Colchester,CO2 1AB,1400000
2 Bedroom Apartment Norwich,236 Queen Street,Norwich,NR6 3AB,1475000
5 Bedroom Cottage Ipswich,120 Station Road,Ipswich,IP7 8AB,425000
3 Bedroom House Norwich,234 Springfield Road,Norwich,NR5 5AB,685000
1 Bedroom Bungalow Colchester,107 Mill Lane,Colchester,CO3 1AB,160000
4 Bedroom Bungalow London,211 Mill Lane,London,E6 1AB,1235000
3 Bedroom Bungalow Cambridge,182 King Street,Cambridge,CB8 6AB,690000
4 Bedroom House Cambridge,139 Station Road,Cambridge,CB9 1AB,315000
6 Bedroom Cottage London,152 Queen Street,London,E2 9AB,330000
4 Bedroom Bungalow Colchester,229 Park Road,Colchester,CO5 8AB,975000
5 Bedroom Cottage Cambridge,38 London Road,Cambridge,CB4 3AB,1070000
6 Bedroom House Colchester,256 King Street,Colchester,CO2 4AB,450000
1 Bedroom House Cambridge,109 Church Road,Cambridge,CB7 6AB,490000
1 Bedroom House Colchester,134 King Street,Colchester,CO8 5AB,225000
6 Bedroom House Ipswich,14 Queen Street,Ipswich,IP6 4AB,945000
5 Bedroom Bungalow Colchester,38 Station Road,Colchester,CO7 6AB,1230000
6 Bedroom House Colchester,251 High Street,Colchester,CO5 9AB,545000
3 Bedroom Bungalow Cambridge,239 Mill Lane,Cambridge,CB3 2AB,1090000
5 Bedroom Cottage Norwich,102 London Road,Norwich,NR7 1AB,310000
6 Bedroom House Chelmsford,47 Mill Lane,Chelmsford,CM5 1AB,410000
2 Bedroom Apartment Colchester,195 Victoria Road,Colchester,CO8 4AB,380000
4 Bedroom Cottage Norwich,254 Mill Lane,Norwich,NR7 1AB,365000
1 Bedroom House Chelmsford,218 London Road,Chelmsford,CM3 1AB,740000
6 Bedroom Apartment London,90 Station Road,London,E1 9AB,530000
5 Bedroom Bungalow London,130 Queen Street,London,E1 3AB,855000
2 Bedroom Bungalow Ipswich,84 Park Road,Ipswich,IP9 2AB,360000
6 Bedroom Cottage Norwich,138 King Street,Norwich,NR9 4AB,485000
2 Bedroom Cottage Ipswich,70 Park Road,Ipswich,IP8 3AB,1270000
5 Bedroom Bungalow London,21 High Street,London,E7 8AB,1295000
4 Bedroom House Cambridge,100 King Street,Cambridge,CB8 6AB,175000
6 Bedroom Cottage London,253 London Road,London,E5 3AB,1080000
5 Bedroom Bungalow Norwich,119 London Road,Norwich,NR2 4AB,225000
4 Bedroom Cottage London,275 London Road,London,E1 4AB,790000
5 Bedroom House Ipswich,13 High Street,Ipswich,IP4 4AB,365000
6 Bedroom Cottage Chelmsford,300 Church Road,Chelmsford,CM5 1AB,1485000
1 Bedroom House Norwich,161 Station Road,Norwich,NR8 2AB,1170000
1 Bedroom Bungalow Colchester,14 Mill Lane,Colchester,CO9 3AB,1415000
6 Bedroom Apartment Colchester,7 Church Road,Colchester,CO4 3AB,170000
3 Bedroom Apartment London,155 Mill Lane,London,E5 1AB,1125000
3 Bedroom Bungalow Chelmsford,98 Queen Street,Chelmsford,CM6 6AB,1275000
4 Bedroom House Colchester,19 Church Road,Colchester,CO9 5AB,1190000
6 Bedroom Cottage London,134 Station Road,London,E4 3AB,285000
1 Bedroom Cottage London,59 London Road,London,E2 1AB,570000
5 Bedroom Cottage Norwich,129 Park Road,Norwich,NR6 6AB,1390000
3 Bedroom House Cambridge,102 Station Road,Cambridge,CB9 2AB,1205000
2 Bedroom House Colchester,63 High Street,Colchester,CO9 4AB,805000
5 Bedroom Cottage London,192 London Road,London,E1 6AB,710000
1 Bedroom House London,229 Victoria Road,London,E4 4AB,1200000
5 Bedroom Bungalow Chelmsford,33 Springfield Road,Chelmsford,CM2 2AB,320000
4 Bedroom Cottage Chelmsford,82 Mill Lane,Chelmsford,CM5 7AB,1020000
5 Bedroom Cottage Chelmsford,241 Park Road,Chelmsford,CM3 7AB,1095000
4 Bedroom Cottage London,230 Park Road,London,E6 4AB,240000
4 Bedroom Apartment London,289 Mill Lane,London,E1 6AB,1395000
1 Bedroom Apartment Chelmsford,99 Queen Street,Chelmsford,CM4 1AB,1230000
4 Bedroom Apartment Norwich,167 Queen Street,Norwich,NR9 2AB,690000
5 Bedroom House Chelmsford,87 London Road,Chelmsford,CM1 2AB,545000
4 Bedroom Apartment Cambridge,290 London Road,Cambridge,CB3 1AB,390000
2 Bedroom Apartment Ipswich,215 London Road,Ipswich,IP4 5AB,430000
2 Bedroom Apartment Cambridge,108 Victoria Road,Cambridge,CB9 2AB,1450000
3 Bedroom Cottage Ipswich,265 Church Road,Ipswich,IP3 7AB,500000
4 Bedroom House Cambridge,227 Mill Lane,Cambridge,CB1 4AB,875000
2 Bedroom Cottage Cambridge,42 Park Road,Cambridge,CB5 3AB,285000
6 Bedroom House London,120 Queen Street,London,E4 3AB,1105000
6 Bedroom Bungalow Ipswich,160 Mill Lane,Ipswich,IP2 5AB,695000
5 Bedroom Bungalow Chelmsford,299 Queen Street,Chelmsford,CM2 8AB,215000
4 Bedroom Bungalow Colchester,159 Queen Street,Colchester,CO5 5AB,955000
3 Bedroom Apartment Ipswich,108 Springfield Road,Ipswich,IP2 7AB,320000
6 Bedroom Cottage Colchester,8 Station Road,Colchester,CO2 7AB,490000
6 Bedroom Apartment Ipswich,119 High Street,Ipswich,IP5 8AB,235000
5 Bedroom House London,170 Springfield Road,London,E1 5AB,1175000
2 Bedroom Apartment Chelmsford,99 High Street,Chelmsford,CM5 9AB,935000
5 Bedroom House Norwich,198 London Road,Norwich,NR2 2AB,710000
6 Bedroom Bungalow Norwich,82 King Street,Norwich,NR9 1AB,1430000
6 Bedroom House Colchester,226 Mill Lane,Colchester,CO4 7AB,1145000
4 Bedroom Cottage Colchester,121 Station Road,Colchester,CO5 7AB,1235000
6 Bedroom Apartment Chelmsford,145 Church Road,Chelmsford,CM7 4AB,1460000
1 Bedroom House Chelmsford,77 Springfield Road,Chelmsford,CM2 6AB,1285000
5 Bedroom Bungalow Ipswich,175 Springfield Road,Ipswich,IP5 9AB,620000
5 Bedroom Apartment Cambridge,63 London Road,Cambridge,CB7 2AB,535000
5 Bedroom House London,246 Springfield Road,London,E5 3AB,1165000
3 Bedroom House Norwich,291 Mill Lane,Norwich,NR4 3AB,890000
1 Bedroom Cottage Colchester,128 High Street,Colchester,CO4 9AB,920000
3 Bedroom Bungalow Norwich,94 Springfield Road,Norwich,NR5 9AB,220000
2 Bedroom Bungalow Cambridge,173 Queen Street,Cambridge,CB1 8AB,1315000
3 Bedroom Apartment Colchester,195 High Street,Colchester,CO9 4AB,1410000
1 Bedroom Apartment Ipswich,46 King Street,Ipswich,IP8 6AB,445000
6 Bedroom House Chelmsford,197 High Street,Chelmsford,CM5 6AB,935000
2 Bedroom Bungalow Ipswich,21 Victoria Road,Ipswich,IP4 8AB,165000
6 Bedroom Cottage Cambridge,238 Church Road,Cambridge,CB2 8AB,620000
3 Bedroom Apartment Chelmsford,1 High Street,Chelmsford,CM8 5AB,705000
1 Bedroom House Cambridge,240 Church Road,Cambridge,CB1 6AB,320000
4 Bedroom Bungalow Colchester,222 Springfield Road,Colchester,CO9 2AB,595000
5 Bedroom House Cambridge,201 Queen Street,Cambridge,CB8 4AB,1095000
3 Bedroom House London,257 King Street,London,E5 4AB,265000
4 Bedroom Apartment Colchester,239 Church Road,Colchester,CO5 2AB,1415000
6 Bedroom House Cambridge,88 Park Road,Cambridge,CB6 2AB,1205000
6 Bedroom Bungalow Cambridge,238 Mill Lane,Cambridge,CB6 1AB,1270000
6 Bedroom Cottage Colchester,289 Mill Lane,Colchester,CO3 1AB,550000
3 Bedroom Bungalow Norwich,148 High Street,Norwich,NR3 9AB,1020000
1 Bedroom Bungalow Cambridge,17 Church Road,Cambridge,CB4 8AB,415000
4 Bedroom House Cambridge,261 Church Road,Cambridge,CB9 9AB,890000
3 Bedroom House London,283 Springfield Road,London,E9 3AB,1075000
3 Bedroom Apartment Ipswich,233 High Street,Ipswich,IP8 7AB,835000
4 Bedroom Bungalow Cambridge,299 London Road,Cambridge,CB7 3AB,855000
6 Bedroom Cottage Norwich,208 High Street,Norwich,NR1 4AB,1275000
2 Bedroom Bungalow Ipswich,22 Church Road,Ipswich,IP6 8AB,1390000
3 Bedroom Cottage London,7 King Street,London,E7 3AB,420000
5 Bedroom House Ipswich,19 Park Road,Ipswich,IP5 5AB,1485000
1 Bedroom Cottage Norwich,239 Station Road,Norwich,NR4 4AB,590000
5 Bedroom House London,267 Park Road,London,E5 1AB,970000
4 Bedroom Apartment London,143 Springfield Road,London,E7 3AB,860000
1 Bedroom House London,298 High Street,London,E1 6AB,1225000
2 Bedroom Bungalow Ipswich,125 Victoria Road,Ipswich,IP5 3AB,1295000
3 Bedroom House Colchester,123 Mill Lane,Colchester,CO3 9AB,1205000
1 Bedroom Apartment Chelmsford,60 Springfield Road,Chelmsford,CM5 9AB,1440000
5 Bedroom Cottage Cambridge,281 Queen Street,Cambridge,CB5 8AB,1200000
4 Bedroom House Ipswich,252 Victoria Road,Ipswich,IP7 4AB,670000
3 Bedroom Cottage Colchester,184 King Street,Colchester,CO8 5AB,285000
3 Bedroom Apartment Norwich,274 Mill Lane,Norwich,NR6 3AB,1215000
5 Bedroom Bungalow Ipswich,282 Queen Street,Ipswich,IP1 3AB,1110000
1 Bedroom Bungalow Norwich,161 Springfield Road,Norwich,NR3 8AB,955000
4 Bedroom House London,40 Station Road,London,E2 6AB,705000
5 Bedroom Bungalow London,63 Station Road,London,E9 2AB,905000
3 Bedroom Bungalow London,224 High Street,London,E7 3AB,260000
5 Bedroom House Ipswich,85 Queen Street,Ipswich,IP2 9AB,965000
6 Bedroom Cottage Cambridge,220 Station Road,Cambridge,CB3 2AB,215000
5 Bedroom Cottage Chelmsford,39 High Street,Chelmsford,CM7 3AB,1300000
1 Bedroom Apartment Chelmsford,263 Park Road,Chelmsford,CM6 3AB,590000
3 Bedroom Bungalow London,238 Station Road,London,E5 6AB,1435000
6 Bedroom House Colchester,81 Queen Street,Colchester,CO6 2AB,595000
3 Bedroom House Norwich,245 King Street,Norwich,NR2 7AB,220000
6 Bedroom Apartment London,287 Queen Street,London,E8 1AB,420000
5 Bedroom Cottage Norwich,261 King Street,Norwich,NR8 4AB,1160000
6 Bedroom Bungalow Norwich,208 High Street,Norwich,NR1 1AB,1390000
5 Bedroom Apartment Colchester,159 Park Road,Colchester,CO5 2AB,1160000
5 Bedroom Apartment London,73 Mill Lane,London,E1 1AB,1025000
5 Bedroom Apartment London,111 Church Road,London,E1 4AB,360000
6 Bedroom House London,71 High Street,London,E8 5AB,535000
5 Bedroom Cottage Chelmsford,261 Springfield Road,Chelmsford,CM2 8AB,320000
5 Bedroom Cottage Ipswich,106 King Street,Ipswich,IP7 4AB,205000
6 Bedroom Apartment Norwich,91 Springfield Road,Norwich,NR9 4AB,1175000
4 Bedroom House London,177 London Road,London,E8 5AB,695000
3 Bedroom House Cambridge,151 Church Road,Cambridge,CB9 5AB,1365000
4 Bedroom Cottage Cambridge,124 Station Road,Cambridge,CB3 6AB,1345000
5 Bedroom House Cambridge,251 Mill Lane,Cambridge,CB4 9AB,1460000
3 Bedroom Apartment Ipswich,194 Springfield Road,Ipswich,IP5 9AB,1095000
4 Bedroom Bungalow Ipswich,277 Church Road,Ipswich,IP1 9AB,855000
2 Bedroom Cottage Colchester,192 Queen Street,Colchester,CO5 1AB,315000
4 Bedroom Apartment Ipswich,139 High Street,Ipswich,IP6 3AB,1170000
1 Bedroom Apartment Chelmsford,24 Springfield Road,Chelmsford,CM2 3AB,335000
2 Bedroom House Chelmsford,198 Church Road,Chelmsford,CM5 5AB,1320000
6 Bedroom House Norwich,260 Church Road,Norwich,NR4 5AB,1060000
6 Bedroom House Cambridge,235 Victoria Road,Cambridge,CB7 8AB,500000
4 Bedroom House London,189 London Road,London,E5 4AB,595000
1 Bedroom Apartment Ipswich,266 Park Road,Ipswich,IP6 2AB,550000
6 Bedroom House Ipswich,128 High Street,Ipswich,IP9 7AB,1345000
1 Bedroom Bungalow Colchester,31 King Street,Colchester,CO6 7AB,210000
2 Bedroom Cottage Cambridge,53 Mill Lane,Cambridge,CB4 5AB,235000
2 Bedroom Bungalow Colchester,50 High Street,Colchester,CO4 6AB,480000
3 Bedroom House Ipswich,281 Springfield Road,Ipswich,IP3 4AB,640000
3 Bedroom House Cambridge,145 High Street,Cambridge,CB4 3AB,1160000
1 Bedroom Apartment Chelmsford,284 Springfield Road,Chelmsford,CM6 3AB,390000
5 Bedroom House London,127 Station Road,London,E3 8AB,485000
3 Bedroom Apartment Norwich,163 Victoria Road,Norwich,NR2 4AB,215000
4 Bedroom Apartment Cambridge,104 London Road,Cambridge,CB2 2AB,1290000
4 Bedroom Cottage Ipswich,121 Queen Street,Ipswich,IP2 8AB,1305000
2 Bedroom Bungalow London,277 Park Road,London,E7 3AB,995000
4 Bedroom Cottage London,50 Queen Street,London,E2 1AB,480000
6 Bedroom Apartment Cambridge,228 London Road,Cambridge,CB5 8AB,630000
1 Bedroom House Norwich,24 Springfield Road,Norwich,NR2 7AB,290000
5 Bedroom House Colchester,249 King Street,Colchester,CO9 2AB,445000
1 Bedroom Apartment Colchester,33 London Road,Colchester,CO9 5AB,1285000
6 Bedroom Bungalow Cambridge,68 Mill Lane,Cambridge,CB6 3AB,955000
2 Bedroom Apartment Colchester,230 High Street,Colchester,CO9 4AB,1425000
2 Bedroom House London,42 Victoria Road,London,E8 7AB,495000
4 Bedroom House Colchester,5 Park Road,Colchester,CO1 7AB,1185000
1 Bedroom Cottage London,157 London Road,London,E4 8AB,420000
5 Bedroom Bungalow Chelmsford,236 Victoria Road,Chelmsford,CM5 6AB,600000
5 Bedroom House Colchester,8 High Street,Colchester,CO3 8AB,1410000
5 Bedroom Bungalow Ipswich,8 Park Road,Ipswich,IP8 4AB,1110000
5 Bedroom House London,24 Victoria Road,London,E9 8AB,1430000
5 Bedroom House Colchester,291 Park Road,Colchester,CO2 4AB,1315000
6 Bedroom Bungalow Ipswich,277 Mill Lane,Ipswich,IP5 9AB,570000
5 Bedroom Bungalow Ipswich,174 Queen Street,Ipswich,IP8 8AB,625000
1 Bedroom House London,168 Mill Lane,London,E7 8AB,780000
4 Bedroom Cottage Cambridge,229 Park Road,Cambridge,CB8 2AB,1335000
3 Bedroom Apartment Norwich,255 Queen Street,Norwich,NR2 5AB,955000
2 Bedroom House Ipswich,133 Springfield Road,Ipswich,IP5 5AB,990000
2 Bedroom Apartment Chelmsford,224 Mill Lane,Chelmsford,CM6 5AB,450000
6 Bedroom Cottage Norwich,271 Mill Lane,Norwich,NR5 5AB,1185000
2 Bedroom Cottage Colchester,185 Queen Street,Colchester,CO7 5AB,155000
4 Bedroom Apartment London,59 Queen Street,London,E9 2AB,1115000
1 Bedroom Cottage Ipswich,284 Station Road,Ipswich,IP8 6AB,465000
3 Bedroom House London,171 Queen Street,London,E8 9AB,395000
1 Bedroom Cottage Colchester,191 Park Road,Colchester,CO7 8AB,630000
4 Bedroom Cottage Chelmsford,78 Springfield Road,Chelmsford,CM9 1AB,430000
1 Bedroom House Ipswich,108 Mill Lane,Ipswich,IP3 9AB,725000
1 Bedroom Bungalow Ipswich,269 Queen Street,Ipswich,IP7 1AB,1445000
6 Bedroom Bungalow Chelmsford,129 Victoria Road,Chelmsford,CM4 5AB,1075000
2 Bedroom Apartment Norwich,119 Church Road,Norwich,NR6 8AB,1420000
2 Bedroom Bungalow London,115 Springfield Road,London,E2 3AB,165000
6 Bedroom Cottage Colchester,98 Church Road,Colchester,CO7 7AB,1190000
1 Bedroom Cottage Chelmsford,70 Park Road,Chelmsford,CM8 6AB,1465000
4 Bedroom House Colchester,33 Park Road,Colchester,CO1 1AB,155000
4 Bedroom Apartment Norwich,146 London Road,Norwich,NR5 6AB,730000
5 Bedroom Apartment Chelmsford,37 Springfield Road,Chelmsford,CM1 9AB,790000
3 Bedroom Bungalow Chelmsford,161 Park Road,Chelmsford,CM1 1AB,360000
6 Bedroom Cottage Ipswich,7 Queen Street,Ipswich,IP7 2AB,350000
5 Bedroom Bungalow Ipswich,192 London Road,Ipswich,IP3 6AB,1210000
6 Bedroom Cottage London,121 Church Road,London,E4 9AB,1090000
4 Bedroom House Chelmsford,163 Mill Lane,Chelmsford,CM1 9AB,720000
6 Bedroom House Colchester,122 Church Road,Colchester,CO8 7AB,1495000
1 Bedroom Cottage Norwich,294 Queen Street,Norwich,NR4 9AB,1180000
1 Bedroom Bungalow Cambridge,66 Station Road,Cambridge,CB1 8AB,770000
5 Bedroom Apartment Cambridge,27 Mill Lane,Cambridge,CB9 7AB,1320000
3 Bedroom Apartment Colchester,102 Queen Street,Colchester,CO5 3AB,1085000
5 Bedroom Cottage Ipswich,222 Station Road,Ipswich,IP5 7AB,675000
3 Bedroom House Cambridge,73 Victoria Road,Cambridge,CB4 4AB,685000
4 Bedroom Cottage Colchester,274 Victoria Road,Colchester,CO6 8AB,335000
5 Bedroom Bungalow Chelmsford,273 Springfield Road,Chelmsford,CM2 5AB,1345000
6 Bedroom Bungalow Colchester,217 Queen Street,Colchester,CO8 8AB,905000
4 Bedroom House Cambridge,50 Queen Street,Cambridge,CB3 3AB,310000
1 Bedroom Cottage Ipswich,163 Station Road,Ipswich,IP5 3AB,1245000
1 Bedroom House Ipswich,32 King Street,Ipswich,IP5 8AB,1345000
5 Bedroom Bungalow Chelmsford,15 High Street,Chelmsford,CM5 2AB,825000
2 Bedroom Apartment Chelmsford,211 Park Road,Chelmsford,CM1 1AB,505000
5 Bedroom Bungalow Norwich,29 Park Road,Norwich,NR7 8AB,880000
1 Bedroom Apartment Cambridge,287 King Street,Cambridge,CB5 7AB,760000
3 Bedroom Bungalow London,61 Park Road,London,E3 8AB,990000
4 Bedroom House London,48 King Street,London,E7 6AB,815000
5 Bedroom House Ipswich,234 Church Road,Ipswich,IP2 4AB,910000
2 Bedroom House Chelmsford,287 London Road,Chelmsford,CM1 2AB,505000
6 Bedroom Apartment Norwich,179 Queen Street,Norwich,NR4 2AB,1145000
5 Bedroom Bungalow Cambridge,240 Church Road,Cambridge,CB7 5AB,380000
2 Bedroom Apartment Ipswich,133 Mill Lane,Ipswich,IP2 5AB,1045000
3 Bedroom Apartment Norwich,123 King Street,Norwich,NR8 6AB,300000
4 Bedroom Bungalow Ipswich,260 Victoria Road,Ipswich,IP3 6AB,215000
6 Bedroom Cottage Ipswich,56 High Street,Ipswich,IP8 2AB,795000
2 Bedroom Bungalow Norwich,158 Church Road,Norwich,NR7 4AB,1345000
6 Bedroom Bungalow Colchester,277 Park Road,Colchester,CO1 6AB,150000
1 Bedroom House Norwich,88 Station Road,Norwich,NR2 2AB,1450000
6 Bedroom Bungalow London,136 Park Road,London,E5 4AB,1115000
1 Bedroom Apartment Ipswich,16 High Street,Ipswich,IP2 7AB,1175000
6 Bedroom Apartment Chelmsford,255 Church Road,Chelmsford,CM7 8AB,1265000
4 Bedroom Bungalow Chelmsford,177 Station Road,Chelmsford,CM5 4AB,325000
1 Bedroom Cottage Colchester,272 Mill Lane,Colchester,CO4 9AB,1255000
3 Bedroom Bungalow Chelmsford,206 Church Road,Chelmsford,CM5 7AB,430000
5 Bedroom Apartment Norwich,156 Queen Street,Norwich,NR6 2AB,745000
4 Bedroom Cottage Chelmsford,241 Springfield Road,Chelmsford,CM2 7AB,420000
6 Bedroom Cottage Chelmsford,58 Church Road,Chelmsford,CM8 6AB,245000
1 Bedroom Apartment Norwich,274 High Street,Norwich,NR6 3AB,415000
2 Bedroom Apartment Chelmsford,122 King Street,Chelmsford,CM1 6AB,555000
2 Bedroom Bungalow Norwich,225 Springfield Road,Norwich,NR7 9AB,955000
3 Bedroom Apartment Chelmsford,19 Queen Street,Chelmsford,CM4 8AB,955000
5 Bedroom Apartment Cambridge,184 Park Road,Cambridge,CB4 5AB,1070000
2 Bedroom House Norwich,256 London Road,Norwich,NR1 3AB,1120000
3 Bedroom House Colchester,91 London Road,Colchester,CO5 1AB,1240000
5 Bedroom Apartment Ipswich,268 Station Road,Ipswich,IP1 1AB,1195000
6 Bedroom Apartment Norwich,145 Mill Lane,Norwich,NR8 1AB,880000
1 Bedroom Bungalow Norwich,249 Springfield Road,Norwich,NR3 6AB,1250000
2 Bedroom Apartment Ipswich,20 Queen Street,Ipswich,IP1 3AB,1120000
4 Bedroom House Ipswich,237 London Road,Ipswich,IP9 3AB,1085000
4 Bedroom House Chelmsford,119 Mill Lane,Chelmsford,CM8 9AB,1140000
4 Bedroom House Cambridge,201 Victoria Road,Cambridge,CB8 6AB,700000
4 Bedroom House London,126 Queen Street,London,E4 1AB,1010000
5 Bedroom House Norwich,235 Queen Street,Norwich,NR4 3AB,410000
4 Bedroom Cottage Chelmsford,240 Mill Lane,Chelmsford,CM2 5AB,225000
6 Bedroom House Ipswich,128 Queen Street,Ipswich,IP5 8AB,1425000
2 Bedroom House Ipswich,136 High Street,Ipswich,IP9 4AB,1395000
2 Bedroom Apartment Chelmsford,96 Mill Lane,Chelmsford,CM7 2AB,1230000
4 Bedroom House Colchester,272 Springfield Road,Colchester,CO6 1AB,905000
3 Bedroom Bungalow London,257 Springfield Road,London,E8 9AB,1170000
2 Bedroom Apartment Ipswich,141 Queen Street,Ipswich,IP9 9AB,385000
3 Bedroom Cottage Cambridge,168 Station Road,Cambridge,CB5 8AB,855000
6 Bedroom House Ipswich,59 Church Road,Ipswich,IP9 3AB,350000
4 Bedroom Bungalow Norwich,143 London Road,Norwich,NR2 7AB,1365000
3 Bedroom House Norwich,238 Station Road,Norwich,NR5 3AB,785000
3 Bedroom Bungalow Chelmsford,102 Queen Street,Chelmsford,CM4 7AB,370000
6 Bedroom Cottage Chelmsford,5 Church Road,Chelmsford,CM8 2AB,280000
3 Bedroom Bungalow Ipswich,151 Victoria Road,Ipswich,IP5 5AB,1045000
5 Bedroom House Colchester,134 London Road,Colchester,CO5 8AB,1165000
4 Bedroom Apartment Chelmsford,288 Victoria Road,Chelmsford,CM3 7AB,1120000
6 Bedroom Apartment Ipswich,238 Mill Lane,Ipswich,IP6 6AB,1240000
1 Bedroom Apartment Cambridge,287 Church Road,Cambridge,CB6 5AB,790000
6 Bedroom Apartment Norwich,52 High Street,Norwich,NR6 1AB,380000
4 Bedroom Bungalow London,243 High Street,London,E9 4AB,1350000
2 Bedroom Bungalow Cambridge,34 Queen Street,Cambridge,CB7 4AB,670000
3 Bedroom Bungalow Colchester,117 Church Road,Colchester,CO6 3AB,330000
3 Bedroom Apartment Colchester,28 Springfield Road,Colchester,CO8 2AB,900000
3 Bedroom House Colchester,295 Victoria Road,Colchester,CO4 7AB,1315000
4 Bedroom Cottage London,79 Station Road,London,E5 6AB,1060000
6 Bedroom Cottage Chelmsford,147 London Road,Chelmsford,CM8 7AB,1440000
6 Bedroom Cottage Norwich,110 King Street,Norwich,NR7 3AB,1020000
4 Bedroom Bungalow Ipswich,101 Park Road,Ipswich,IP2 2AB,540000
3 Bedroom Bungalow Norwich,3 Springfield Road,Norwich,NR9 8AB,830000
2 Bedroom House Ipswich,238 Mill Lane,Ipswich,IP5 9AB,1070000
4 Bedroom House Norwich,110 Queen Street,Norwich,NR5 7AB,895000
1 Bedroom House Norwich,211 High Street,Norwich,NR2 3AB,525000
3 Bedroom House Chelmsford,289 Queen Street,Chelmsford,CM7 6AB,895000
4 Bedroom Apartment Norwich,67 Queen Street,Norwich,NR1 7AB,1380000
2 Bedroom Bungalow Norwich,175 King Street,Norwich,NR9 9AB,430000
6 Bedroom Apartment Colchester,70 Mill Lane,Colchester,CO1 5AB,225000
3 Bedroom House London,45 Queen Street,London,E6 7AB,420000
1 Bedroom Cottage Norwich,115 Queen Street,Norwich,NR7 7AB,1105000
5 Bedroom Cottage Chelmsford,200 Springfield Road,Chelmsford,CM1 6AB,265000
3 Bedroom Apartment Cambridge,34 Station Road,Cambridge,CB3 7AB,385000
2 Bedroom House Norwich,27 King Street,Norwich,NR3 1AB,750000
3 Bedroom House Cambridge,194 King Street,Cambridge,CB4 2AB,340000
2 Bedroom Apartment Cambridge,147 Station Road,Cambridge,CB8 3AB,465000
1 Bedroom Bungalow Norwich,129 King Street,Norwich,NR3 6AB,410000
6 Bedroom Apartment Norwich,67 Station Road,Norwich,NR2 8AB,1110000
6 Bedroom Bungalow Norwich,61 Church Road,Norwich,NR4 6AB,860000
2 Bedroom Cottage Norwich,148 Victoria Road,Norwich,NR1 4AB,510000
1 Bedroom Bungalow Colchester,202 London Road,Colchester,CO9 6AB,555000
1 Bedroom Apartment Colchester,254 High Street,Colchester,CO7 5AB,445000
4 Bedroom Cottage London,70 Queen Street,London,E5 2AB,900000
3 Bedroom Cottage Cambridge,73 Station Road,Cambridge,CB4 7AB,545000
3 Bedroom Apartment Cambridge,122 King Street,Cambridge,CB4 5AB,340000
1 Bedroom Bungalow London,87 King Street,London,E6 2AB,205000
3 Bedroom Bungalow Chelmsford,175 Springfield Road,Chelmsford,CM2 5AB,1120000
6 Bedroom Bungalow Cambridge,139 Springfield Road,Cambridge,CB1 4AB,930000
2 Bedroom Bungalow Colchester,234 Queen Street,Colchester,CO8 4AB,850000
2 Bedroom Apartment Chelmsford,105 Springfield Road,Chelmsford,CM9 7AB,1030000
3 Bedroom Bungalow Chelmsford,145 King Street,Chelmsford,CM4 6AB,195000
6 Bedroom Apartment Norwich,4 Church Road,Norwich,NR9 4AB,940000
6 Bedroom House Ipswich,253 Mill Lane,Ipswich,IP3 2AB,270000
1 Bedroom Bungalow Norwich,198 Springfield Road,Norwich,NR2 8AB,930000
5 Bedroom Cottage Chelmsford,171 High Street,Chelmsford,CM3 6AB,500000
2 Bedroom Cottage Cambridge,121 Station Road,Cambridge,CB1 4AB,875000
3 Bedroom House Colchester,279 Park Road,Colchester,CO1 2AB,900000
5 Bedroom Bungalow London,254 Queen Street,London,E8 6AB,1045000
6 Bedroom Apartment Cambridge,79 King Street,Cambridge,CB8 4AB,1290000
3 Bedroom Cottage Colchester,158 Station Road,Colchester,CO2 6AB,340000
6 Bedroom Apartment Colchester,214 High Street,Colchester,CO3 5AB,310000
2 Bedroom Apartment London,192 Victoria Road,London,E2 9AB,195000
4 Bedroom Apartment London,274 Station Road,London,E1 6AB,755000
4 Bedroom House Colchester,279 High Street,Colchester,CO1 3AB,1275000
2 Bedroom Apartment Colchester,103 Victoria Road,Colchester,CO3 5AB,880000
4 Bedroom Apartment London,160 High Street,London,E6 1AB,750000
3 Bedroom Bungalow Ipswich,187 Springfield Road,Ipswich,IP4 3AB,1030000
2 Bedroom Apartment Chelmsford,49 King Street,Chelmsford,CM4 4AB,870000
2 Bedroom Cottage Cambridge,300 Queen Street,Cambridge,CB8 5AB,630000
5 Bedroom Cottage Ipswich,220 King Street,Ipswich,IP1 2AB,1335000
6 Bedroom Apartment Ipswich,193 High Street,Ipswich,IP1 5AB,1470000
1 Bedroom House Cambridge,166 Springfield Road,Cambridge,CB2 5AB,930000
2 Bedroom Cottage Cambridge,164 High Street,Cambridge,CB3 1AB,1110000
6 Bedroom Bungalow Chelmsford,49 Victoria Road,Chelmsford,CM9 7AB,610000
5 Bedroom Bungalow Ipswich,288 Park Road,Ipswich,IP3 4AB,385000
2 Bedroom House Norwich,154 London Road,Norwich,NR3 8AB,1140000
6 Bedroom Bungalow Chelmsford,29 Queen Street,Chelmsford,CM1 1AB,495000
1 Bedroom Apartment London,210 Park Road,London,E8 2AB,510000
6 Bedroom Apartment Chelmsford,103 Victoria Road,Chelmsford,CM2 9AB,455000
6 Bedroom Cottage London,80 Mill Lane,London,E2 8AB,275000
3 Bedroom Cottage Ipswich,13 Station Road,Ipswich,IP7 2AB,305000
3 Bedroom Cottage Cambridge,106 King Street,Cambridge,CB6 8AB,600000
3 Bedroom Bungalow Colchester,104 Queen Street,Colchester,CO8 1AB,1195000
5 Bedroom Apartment Norwich,65 Queen Street,Norwich,NR6 9AB,1335000
6 Bedroom House Chelmsford,237 Park Road,Chelmsford,CM5 6AB,915000
6 Bedroom Cottage London,155 King Street,London,E4 1AB,420000
1 Bedroom Bungalow Norwich,212 Station Road,Norwich,NR8 9AB,1270000
2 Bedroom Apartment London,257 Mill Lane,London,E6 6AB,890000
1 Bedroom Cottage Ipswich,185 King Street,Ipswich,IP3 7AB,845000
6 Bedroom Cottage London,209 Springfield Road,London,E8 8AB,520000
3 Bedroom House Cambridge,100 Church Road,Cambridge,CB6 9AB,565000
4 Bedroom Bungalow London,179 Park Road,London,E2 1AB,355000
4 Bedroom Apartment Colchester,253 Park Road,Colchester,CO5 7AB,1035000
6 Bedroom House Ipswich,261 Park Road,Ipswich,IP3 9AB,1260000
3 Bedroom House Chelmsford,79 London Road,Chelmsford,CM3 1AB,700000
1 Bedroom Cottage Ipswich,151 Church Road,Ipswich,IP9 9AB,1300000
3 Bedroom Cottage Colchester,284 Church Road,Colchester,CO1 6AB,735000
6 Bedroom House Cambridge,117 King Street,Cambridge,CB3 1AB,575000
3 Bedroom Cottage London,232 Park Road,London,E5 9AB,165000
5 Bedroom Apartment Norwich,234 Church Road,Norwich,NR8 8AB,915000
5 Bedroom Apartment London,243 Church Road,London,E3 5AB,1165000
3 Bedroom Bungalow Chelmsford,258 Springfield Road,Chelmsford,CM8 1AB,1035000
2 Bedroom House Norwich,42 Victoria Road,Norwich,NR7 8AB,505000
2 Bedroom Cottage Norwich,87 Victoria Road,Norwich,NR1 9AB,880000
1 Bedroom Cottage Chelmsford,278 Victoria Road,Chelmsford,CM6 1AB,510000
4 Bedroom Bungalow Ipswich,133 Victoria Road,Ipswich,IP3 9AB,310000
5 Bedroom Bungalow Norwich,269 Queen Street,Norwich,NR6 1AB,185000
5 Bedroom Bungalow Norwich,125 Station Road,Norwich,NR2 4AB,840000
3 Bedroom Apartment Colchester,14 King Street,Colchester,CO4 7AB,485000
3 Bedroom Apartment Ipswich,22 Springfield Road,Ipswich,IP1 1AB,1385000
4 Bedroom Bungalow Norwich,273 London Road,Norwich,NR8 8AB,1125000
4 Bedroom Apartment Chelmsford,288 Park Road,Chelmsford,CM8 4AB,1455000
3 Bedroom House Norwich,263 Park Road,Norwich,NR7 3AB,1115000
3 Bedroom Bungalow Ipswich,105 Victoria Road,Ipswich,IP2 4AB,1490000
2 Bedroom Bungalow Ipswich,163 Queen Street,Ipswich,IP5 2AB,570000
4 Bedroom Bungalow London,70 Victoria Road,London,E9 2AB,1400000
3 Bedroom Cottage Chelmsford,192 King Street,Chelmsford,CM4 5AB,1350000
1 Bedroom Bungalow Cambridge,18 London Road,Cambridge,CB9 8AB,1335000
2 Bedroom Bungalow Cambridge,52 King Street,Cambridge,CB9 9AB,160000
6 Bedroom Bungalow Ipswich,243 High Street,Ipswich,IP2 9AB,1085000
1 Bedroom Bungalow Colchester,33 Park Road,Colchester,CO1 4AB,1065000
2 Bedroom Bungalow Ipswich,265 Mill Lane,Ipswich,IP6 5AB,1090000
1 Bedroom Bungalow Norwich,148 Springfield Road,Norwich,NR5 9AB,725000
2 Bedroom Apartment Norwich,194 Mill Lane,Norwich,NR4 1AB,310000
6 Bedroom House Ipswich,241 King Street,Ipswich,IP4 4AB,785000
4 Bedroom Cottage Ipswich,13 Mill Lane,Ipswich,IP4 2AB,235000
1 Bedroom Bungalow London,80 Springfield Road,London,E1 6AB,1115000
5 Bedroom Apartment Colchester,164 Springfield Road,Colchester,CO7 9AB,855000
6 Bedroom Cottage Chelmsford,260 Queen Street,Chelmsford,CM9 9AB,1365000
4 Bedroom Cottage Norwich,67 Park Road,Norwich,NR7 9AB,525000
5 Bedroom Cottage Cambridge,261 London Road,Cambridge,CB7 2AB,650000
4 Bedroom Cottage Ipswich,214 Station Road,Ipswich,IP7 8AB,265000
1 Bedroom Bungalow Norwich,94 High Street,Norwich,NR7 7AB,1045000
1 Bedroom Bungalow Colchester,245 Queen Street,Colchester,CO6 8AB,460000
1 Bedroom Cottage Ipswich,88 King Street,Ipswich,IP3 5AB,1145000
5 Bedroom Cottage Cambridge,230 Queen Street,Cambridge,CB3 4AB,835000
3 Bedroom Bungalow Chelmsford,94 King Street,Chelmsford,CM3 5AB,230000
4 Bedroom Cottage Ipswich,160 High Street,Ipswich,IP3 4AB,195000
1 Bedroom Cottage Chelmsford,13 Park Road,Chelmsford,CM3 4AB,360000
1 Bedroom Cottage Chelmsford,183 High Street,Chelmsford,CM4 5AB,440000
5 Bedroom Apartment Colchester,31 Queen Street,Colchester,CO7 5AB,585000
2 Bedroom Bungalow Chelmsford,269 Station Road,Chelmsford,CM1 6AB,395000
3 Bedroom House Ipswich,183 Victoria Road,Ipswich,IP5 8AB,445000
5 Bedroom House Norwich,258 Mill Lane,Norwich,NR7 1AB,480000
6 Bedroom Apartment Chelmsford,118 Springfield Road,Chelmsford,CM8 5AB,760000
6 Bedroom House Norwich,262 Mill Lane,Norwich,NR1 9AB,735000
4 Bedroom House Ipswich,154 Queen Street,Ipswich,IP1 9AB,375000
6 Bedroom House Chelmsford,287 Park Road,Chelmsford,CM5 9AB,755000
1 Bedroom Cottage Norwich,106 London Road,Norwich,NR8 9AB,1245000
6 Bedroom House Colchester,122 Church Road,Colchester,CO7 7AB,495000
4 Bedroom Cottage Colchester,293 Queen Street,Colchester,CO1 6AB,1415000
2 Bedroom Bungalow Norwich,229 Church Road,Norwich,NR6 3AB,990000
1 Bedroom Cottage Chelmsford,175 Mill Lane,Chelmsford,CM6 1AB,1335000
5 Bedroom Bungalow Norwich,11 Church Road,Norwich,NR3 7AB,1195000
5 Bedroom Cottage London,178 London Road,London,E8 1AB,195000
6 Bedroom Bungalow Chelmsford,264 Queen Street,Chelmsford,CM9 9AB,245000
5 Bedroom Bungalow Chelmsford,256 Station Road,Chelmsford,CM9 7AB,850000
2 Bedroom Apartment Chelmsford,239 High Street,Chelmsford,CM4 3AB,1445000
2 Bedroom House London,190 King Street,London,E8 1AB,1010000
3 Bedroom Cottage London,56 Victoria Road,London,E5 1AB,1430000
2 Bedroom Apartment Cambridge,233 Queen Street,Cambridge,CB1 5AB,1385000
6 Bedroom Cottage Cambridge,270 King Street,Cambridge,CB9 4AB,790000
1 Bedroom Cottage London,8 High Street,London,E9 3AB,745000
1 Bedroom House Cambridge,74 Springfield Road,Cambridge,CB1 3AB,1325000
1 Bedroom Apartment Chelmsford,286 Park Road,Chelmsford,CM8 6AB,1035000
1 Bedroom Bungalow Norwich,261 High Street,Norwich,NR4 3AB,1495000
4 Bedroom Bungalow Colchester,143 King Street,Colchester,CO2 8AB,755000
3 Bedroom House Chelmsford,185 Victoria Road,Chelmsford,CM6 9AB,1290000
3 Bedroom Bungalow Ipswich,180 King Street,Ipswich,IP6 1AB,1145000
4 Bedroom Cottage Colchester,99 Mill Lane,Colchester,CO3 3AB,255000
4 Bedroom Apartment Colchester,272 Station Road,Colchester,CO7 4AB,1445000
1 Bedroom Bungalow Chelmsford,220 Queen Street,Chelmsford,CM5 3AB,670000
4 Bedroom Bungalow Ipswich,158 Queen Street,Ipswich,IP1 3AB,1375000
1 Bedroom House Colchester,193 London Road,Colchester,CO9 7AB,1450000
2 Bedroom Apartment Ipswich,25 Church Road,Ipswich,IP6 8AB,1095000
2 Bedroom Bungalow Chelmsford,175 Springfield Road,Chelmsford,CM1 6AB,1225000
5 Bedroom Apartment London,265 High Street,London,E2 1AB,1050000
1 Bedroom Apartment Ipswich,196 Queen Street,Ipswich,IP7 3AB,1445000
6 Bedroom Bungalow Colchester,74 Station Road,Colchester,CO7 8AB,810000
3 Bedroom Bungalow Cambridge,245 Park Road,Cambridge,CB5 3AB,520000
2 Bedroom House Ipswich,215 Victoria Road,Ipswich,IP2 1AB,1355000
1 Bedroom Bungalow Norwich,14 Queen Street,Norwich,NR4 6AB,1150000
3 Bedroom Cottage London,53 Station Road,London,E2 5AB,1150000
5 Bedroom Bungalow Ipswich,173 Queen Street,Ipswich,IP5 1AB,640000
3 Bedroom Cottage Chelmsford,150 Station Road,Chelmsford,CM9 5AB,445000
6 Bedroom Cottage Colchester,11 Mill Lane,Colchester,CO8 8AB,410000
2 Bedroom House Ipswich,254 Victoria Road,Ipswich,IP4 5AB,540000
3 Bedroom House Norwich,15 Springfield Road,Norwich,NR2 7AB,1430000
3 Bedroom Bungalow Ipswich,74 Victoria Road,Ipswich,IP1 4AB,1050000
1 Bedroom Apartment Norwich,166 King Street,Norwich,NR4 1AB,175000
2 Bedroom Bungalow Ipswich,174 Station Road,Ipswich,IP1 1AB,275000
1 Bedroom Apartment Colchester,158 Queen Street,Colchester,CO8 1AB,1225000
6 Bedroom Apartment Cambridge,168 London Road,Cambridge,CB2 2AB,1260000
6 Bedroom Bungalow Norwich,284 High Street,Norwich,NR8 9AB,795000
5 Bedroom Apartment Cambridge,93 Queen Street,Cambridge,CB9 8AB,150000
6 Bedroom Apartment Colchester,199 Springfield Road,Colchester,CO6 4AB,1000000
2 Bedroom Bungalow Chelmsford,272 King Street,Chelmsford,CM1 2AB,240000
5 Bedroom Cottage Chelmsford,171 High Street,Chelmsford,CM9 9AB,1095000
6 Bedroom House Chelmsford,91 Station Road,Chelmsford,CM1 7AB,725000
1 Bedroom Cottage Norwich,175 King Street,Norwich,NR7 1AB,1045000
1 Bedroom Apartment Cambridge,173 Queen Street,Cambridge,CB3 3AB,480000
3 Bedroom Bungalow Chelmsford,5 Victoria Road,Chelmsford,CM8 5AB,1225000
6 Bedroom Cottage London,165 Station Road,London,E1 1AB,910000
3 Bedroom Apartment Colchester,8 Park Road,Colchester,CO9 2AB,405000
5 Bedroom Bungalow Ipswich,143 High Street,Ipswich,IP6 1AB,1225000
3 Bedroom Bungalow Ipswich,92 Church Road,Ipswich,IP5 1AB,975000
2 Bedroom Bungalow Norwich,37 King Street,Norwich,NR6 8AB,1195000
5 Bedroom House Chelmsford,241 Queen Street,Chelmsford,CM1 9AB,885000
5 Bedroom Apartment Colchester,10 Church Road,Colchester,CO3 4AB,665000
1 Bedroom House Chelmsford,47 Victoria Road,Chelmsford,CM4 4AB,600000
1 Bedroom House Chelmsford,45 Mill Lane,Chelmsford,CM9 7AB,1415000
3 Bedroom House Cambridge,207 Queen Street,Cambridge,CB3 7AB,510000
1 Bedroom Apartment Cambridge,208 Station Road,Cambridge,CB6 7AB,1140000
5 Bedroom Cottage Chelmsford,147 Queen Street,Chelmsford,CM2 2AB,1450000
1 Bedroom Apartment Colchester,188 High Street,Colchester,CO5 7AB,1450000
2 Bedroom House London,240 Church Road,London,E6 8AB,1435000
5 Bedroom Bungalow Norwich,293 Queen Street,Norwich,NR6 7AB,660000
1 Bedroom House London,122 Mill Lane,London,E1 6AB,265000
3 Bedroom Apartment Colchester,139 High Street,Colchester,CO7 7AB,385000
5 Bedroom Bungalow Ipswich,260 Church Road,Ipswich,IP9 7AB,470000
4 Bedroom Cottage London,209 Springfield Road,London,E1 1AB,210000
4 Bedroom Cottage Colchester,3 Mill Lane,Colchester,CO6 2AB,740000
6 Bedroom Apartment Chelmsford,268 Mill Lane,Chelmsford,CM5 4AB,365000
6 Bedroom House Cambridge,296 Church Road,Cambridge,CB3 4AB,1155000
4 Bedroom House Colchester,181 London Road,Colchester,CO1 4AB,235000
5 Bedroom Bungalow Cambridge,118 Park Road,Cambridge,CB3 5AB,1155000
4 Bedroom House London,290 King Street,London,E7 2AB,350000
5 Bedroom Bungalow Chelmsford,12 Springfield Road,Chelmsford,CM8 7AB,680000
3 Bedroom Apartment Colchester,57 Mill Lane,Colchester,CO8 1AB,200000
1 Bedroom House Norwich,36 Church Road,Norwich,NR3 9AB,225000
4 Bedroom Cottage Ipswich,91 King Street,Ipswich,IP4 2AB,250000
1 Bedroom House Chelmsford,226 Mill Lane,Chelmsford,CM9 1AB,515000
4 Bedroom Cottage Colchester,277 Church Road,Colchester,CO5 6AB,510000
6 Bedroom Cottage Norwich,3 London Road,Norwich,NR5 1AB,1230000
3 Bedroom Bungalow Chelmsford,228 Park Road,Chelmsford,CM8 8AB,420000
1 Bedroom Apartment Cambridge,213 High Street,Cambridge,CB7 6AB,250000
5 Bedroom House Colchester,198 London Road,Colchester,CO7 2AB,260000
4 Bedroom Bungalow Colchester,188 Church Road,Colchester,CO1 7AB,560000
5 Bedroom Cottage Norwich,141 Queen Street,Norwich,NR4 2AB,950000
6 Bedroom Bungalow Cambridge,78 Mill Lane,Cambridge,CB6 6AB,875000
2 Bedroom Apartment Cambridge,119 London Road,Cambridge,CB7 9AB,1140000
2 Bedroom Apartment Cambridge,21 Station Road,Cambridge,CB9 9AB,1455000
2 Bedroom Bungalow London,215 Station Road,London,E8 7AB,1415000
5 Bedroom Bungalow Colchester,292 London Road,Colchester,CO9 1AB,1340000
5 Bedroom Bungalow Cambridge,21 London Road,Cambridge,CB1 5AB,960000
1 Bedroom Apartment London,255 Queen Street,London,E5 8AB,830000
2 Bedroom Cottage Ipswich,272 Station Road,Ipswich,IP8 1AB,1245000
2 Bedroom Apartment Cambridge,236 Victoria Road,Cambridge,CB1 4AB,1225000
1 Bedroom Apartment Ipswich,168 Station Road,Ipswich,IP3 1AB,1490000
3 Bedroom Bungalow London,263 High Street,London,E9 3AB,575000
5 Bedroom Cottage Chelmsford,75 London Road,Chelmsford,CM3 9AB,680000
6 Bedroom Cottage Chelmsford,240 Victoria Road,Chelmsford,CM1 6AB,1025000
3 Bedroom Apartment Colchester,146 London Road,Colchester,CO5 6AB,1080000
5 Bedroom Apartment Colchester,217 Queen Street,Colchester,CO6 9AB,405000
2 Bedroom Bungalow Colchester,240 Park Road,Colchester,CO4 6AB,485000
5 Bedroom House Colchester,263 Mill Lane,Colchester,CO8 7AB,610000
5 Bedroom House Cambridge,202 Park Road,Cambridge,CB6 9AB,905000
1 Bedroom Bungalow Cambridge,260 Station Road,Cambridge,CB8 7AB,745000
5 Bedroom House Ipswich,254 Springfield Road,Ipswich,IP2 1AB,335000
6 Bedroom House Ipswich,225 London Road,Ipswich,IP4 7AB,1070000
1 Bedroom House Chelmsford,15 Queen Street,Chelmsford,CM1 4AB,825000
2 Bedroom Cottage London,233 London Road,London,E7 3AB,1440000
6 Bedroom Apartment Norwich,171 Church Road,Norwich,NR4 2AB,430000
6 Bedroom House Colchester,47 Queen Street,Colchester,CO3 2AB,815000
2 Bedroom Bungalow Ipswich,133 Springfield Road,Ipswich,IP1 4AB,1235000
6 Bedroom Bungalow Norwich,186 Church Road,Norwich,NR8 1AB,710000
4 Bedroom House Cambridge,274 King Street,Cambridge,CB3 9AB,555000
5 Bedroom Apartment Colchester,16 Victoria Road,Colchester,CO7 7AB,1435000
1 Bedroom House Norwich,237 Victoria Road,Norwich,NR3 9AB,820000
2 Bedroom Bungalow Cambridge,154 Church Road,Cambridge,CB3 2AB,435000
3 Bedroom Apartment Norwich,12 Church Road,Norwich,NR7 5AB,1280000
5 Bedroom Apartment Ipswich,297 London Road,Ipswich,IP3 3AB,235000
5 Bedroom House London,45 High Street,London,E4 6AB,695000
2 Bedroom Cottage Ipswich,274 Park Road,Ipswich,IP9 7AB,1265000
5 Bedroom Apartment London,5 Springfield Road,London,E6 8AB,980000
3 Bedroom Bungalow Chelmsford,101 Mill Lane,Chelmsford,CM1 8AB,870000
2 Bedroom Cottage Ipswich,35 Mill Lane,Ipswich,IP9 1AB,845000
3 Bedroom Cottage Colchester,1 London Road,Colchester,CO6 7AB,550000
1 Bedroom Cottage Chelmsford,258 Mill Lane,Chelmsford,CM3 1AB,525000
4 Bedroom Bungalow Chelmsford,211 Mill Lane,Chelmsford,CM5 4AB,1465000
3 Bedroom Apartment Norwich,21 Victoria Road,Norwich,NR6 3AB,945000
4 Bedroom Apartment Cambridge,290 Victoria Road,Cambridge,CB9 4AB,735000
4 Bedroom Cottage Norwich,119 Springfield Road,Norwich,NR2 5AB,675000
2 Bedroom Apartment Colchester,172 Victoria Road,Colchester,CO6 3AB,1390000
6 Bedroom Cottage Chelmsford,198 King Street,Chelmsford,CM1 7AB,1185000
2 Bedroom Cottage Colchester,281 Church Road,Colchester,CO6 9AB,1190000
4 Bedroom Bungalow Ipswich,274 Station Road,Ipswich,IP1 2AB,865000
4 Bedroom House Ipswich,60 Church Road,Ipswich,IP5 2AB,600000
4 Bedroom Apartment London,18 Victoria Road,London,E4 9AB,1420000
6 Bedroom Apartment London,145 Church Road,London,E1 3AB,980000
3 Bedroom Bungalow Colchester,295 Mill Lane,Colchester,CO9 6AB,300000
6 Bedroom Apartment Norwich,121 High Street,Norwich,NR6 2AB,640000
2 Bedroom Apartment Colchester,104 Park Road,Colchester,CO5 6AB,815000
5 Bedroom Cottage Ipswich,66 Park Road,Ipswich,IP1 3AB,465000
2 Bedroom Bungalow Chelmsford,300 London Road,Chelmsford,CM8 8AB,730000
1 Bedroom House Ipswich,276 Station Road,Ipswich,IP5 8AB,290000
6 Bedroom Bungalow Ipswich,109 Park Road,Ipswich,IP2 5AB,540000
1 Bedroom Bungalow Ipswich,134 Park Road,Ipswich,IP5 4AB,1420000
1 Bedroom Apartment Ipswich,250 King Street,Ipswich,IP5 3AB,295000
5 Bedroom Cottage Cambridge,108 Station Road,Cambridge,CB8 6AB,1110000
3 Bedroom Cottage Ipswich,275 Park Road,Ipswich,IP7 4AB,610000
2 Bedroom House Norwich,99 Park Road,Norwich,NR7 9AB,985000
6 Bedroom House Norwich,7 Mill Lane,Norwich,NR7 9AB,590000
1 Bedroom House Norwich,142 Queen Street,Norwich,NR1 7AB,1220000
5 Bedroom Bungalow Chelmsford,112 High Street,Chelmsford,CM2 1AB,160000
4 Bedroom Cottage Cambridge,104 Victoria Road,Cambridge,CB3 5AB,1085000
5 Bedroom Apartment Norwich,134 High Street,Norwich,NR1 2AB,480000
3 Bedroom House London,119 Station Road,London,E2 5AB,950000
5 Bedroom House Norwich,45 Queen Street,Norwich,NR5 8AB,385000
6 Bedroom Cottage London,130 Station Road,London,E5 8AB,235000
1 Bedroom Cottage Colchester,299 Queen Street,Colchester,CO3 6AB,400000
4 Bedroom Bungalow Cambridge,257 Mill Lane,Cambridge,CB7 3AB,1290000
1 Bedroom Bungalow Chelmsford,122 King Street,Chelmsford,CM6 7AB,495000
4 Bedroom House Chelmsford,189 Queen Street,Chelmsford,CM8 5AB,535000
2 Bedroom Cottage Chelmsford,145 Park Road,Chelmsford,CM8 1AB,985000
6 Bedroom Cottage Chelmsford,160 Springfield Road,Chelmsford,CM9 7AB,815000
6 Bedroom House Chelmsford,149 High Street,Chelmsford,CM9 9AB,1465000
6 Bedroom Bungalow London,15 King Street,London,E6 2AB,405000
6 Bedroom Apartment Cambridge,238 Victoria Road,Cambridge,CB9 9AB,1185000
5 Bedroom Apartment Cambridge,220 High Street,Cambridge,CB2 5AB,725000
4 Bedroom Bungalow Colchester,65 Park Road,Colchester,CO8 5AB,625000
3 Bedroom Bungalow Ipswich,232 Queen Street,Ipswich,IP9 9AB,535000
3 Bedroom Bungalow Ipswich,149 Church Road,Ipswich,IP1 2AB,510000
6 Bedroom Bungalow Norwich,126 King Street,Norwich,NR7 6AB,895000
3 Bedroom Apartment Chelmsford,25 Springfield Road,Chelmsford,CM7 9AB,1350000
1 Bedroom Cottage Norwich,108 Springfield Road,Norwich,NR9 6AB,1455000
1 Bedroom Apartment Norwich,85 Park Road,Norwich,NR2 7AB,1240000
4 Bedroom House Norwich,226 Mill Lane,Norwich,NR2 3AB,1170000
1 Bedroom Cottage Norwich,277 Park Road,Norwich,NR4 4AB,1180000
1 Bedroom Cottage Chelmsford,188 Park Road,Chelmsford,CM4 4AB,1435000
4 Bedroom Apartment London,238 Springfield Road,London,E4 7AB,725000
6 Bedroom House Colchester,162 Mill Lane,Colchester,CO9 7AB,1385000
3 Bedroom Apartment London,276 Station Road,London,E7 3AB,975000
6 Bedroom Cottage Colchester,189 Queen Street,Colchester,CO5 3AB,440000
3 Bedroom House Norwich,3 Mill Lane,Norwich,NR1 7AB,625000
2 Bedroom House Norwich,300 Springfield Road,Norwich,NR9 1AB,340000
5 Bedroom Cottage Cambridge,240 Victoria Road,Cambridge,CB6 8AB,445000
6 Bedroom Cottage London,90 High Street,London,E8 8AB,420000
1 Bedroom Apartment Norwich,61 Mill Lane,Norwich,NR9 9AB,1030000
4 Bedroom House Norwich,242 Queen Street,Norwich,NR9 9AB,390000
4 Bedroom Apartment Ipswich,143 Victoria Road,Ipswich,IP3 6AB,295000
1 Bedroom Bungalow Norwich,3 Victoria Road,Norwich,NR1 6AB,775000
4 Bedroom Bungalow London,178 Queen Street,London,E3 1AB,810000
6 Bedroom Bungalow Cambridge,166 Church Road,Cambridge,CB5 3AB,615000
3 Bedroom Bungalow London,129 Victoria Road,London,E7 5AB,150000
5 Bedroom House Cambridge,6 Station Road,Cambridge,CB5 9AB,890000
6 Bedroom Apartment Chelmsford,107 Park Road,Chelmsford,CM5 2AB,870000
1 Bedroom House Ipswich,205 Park Road,Ipswich,IP5 2AB,910000
1 Bedroom Apartment Ipswich,207 Springfield Road,Ipswich,IP5 6AB,400000
6 Bedroom House Colchester,107 London Road,Colchester,CO5 2AB,370000
3 Bedroom Bungalow Colchester,207 Mill Lane,Colchester,CO8 1AB,245000
6 Bedroom Apartment Colchester,32 Station Road,Colchester,CO9 3AB,1335000
6 Bedroom Apartment Colchester,175 Church Road,Colchester,CO6 5AB,420000
2 Bedroom Apartment Ipswich,8 Victoria Road,Ipswich,IP3 6AB,945000
2 Bedroom House Ipswich,77 Park Road,Ipswich,IP2 7AB,685000
2 Bedroom Bungalow Chelmsford,243 Queen Street,Chelmsford,CM4 6AB,985000
5 Bedroom Apartment Ipswich,44 Queen Street,Ipswich,IP5 8AB,560000
3 Bedroom Apartment London,46 Church Road,London,E9 3AB,370000
1 Bedroom Cottage Ipswich,49 Mill Lane,Ipswich,IP5 4AB,1220000
4 Bedroom Bungalow Ipswich,124 King Street,Ipswich,IP2 2AB,1190000
3 Bedroom Cottage London,256 King Street,London,E8 2AB,865000
2 Bedroom House London,236 Park Road,London,E1 2AB,920000
3 Bedroom House Norwich,297 Springfield Road,Norwich,NR7 1AB,1220000
5 Bedroom Apartment Chelmsford,81 Springfield Road,Chelmsford,CM5 8AB,780000
2 Bedroom Apartment Ipswich,111 High Street,Ipswich,IP6 9AB,260000
5 Bedroom Cottage Norwich,56 Park Road,Norwich,NR4 1AB,605000
1 Bedroom Apartment Chelmsford,75 Springfield Road,Chelmsford,CM1 9AB,625000
6 Bedroom Cottage Norwich,89 London Road,Norwich,NR1 6AB,1095000
2 Bedroom Apartment Ipswich,193 Church Road,Ipswich,IP6 8AB,180000
3 Bedroom Bungalow Ipswich,65 Queen Street,Ipswich,IP2 6AB,1255000
1 Bedroom Apartment Ipswich,201 King Street,Ipswich,IP8 5AB,1400000
4 Bedroom Bungalow Norwich,101 King Street,Norwich,NR8 9AB,290000
6 Bedroom Cottage London,178 Station Road,London,E1 1AB,495000
4 Bedroom Bungalow Chelmsford,163 London Road,Chelmsford,CM2 3AB,1330000
1 Bedroom Apartment Colchester,107 Station Road,Colchester,CO2 3AB,1425000
4 Bedroom House London,239 Victoria Road,London,E3 8AB,855000
2 Bedroom House London,208 Church Road,London,E1 3AB,230000
6 Bedroom Apartment Norwich,49 London Road,Norwich,NR2 5AB,175000
6 Bedroom Apartment Cambridge,131 Station Road,Cambridge,CB8 3AB,1100000
4 Bedroom Bungalow Norwich,161 Mill Lane,Norwich,NR6 7AB,1185000
3 Bedroom Bungalow Ipswich,132 Church Road,Ipswich,IP9 7AB,485000
4 Bedroom House Ipswich,284 Station Road,Ipswich,IP3 5AB,235000
4 Bedroom Bungalow Chelmsford,22 Springfield Road,Chelmsford,CM3 2AB,850000
2 Bedroom Cottage Ipswich,201 Church Road,Ipswich,IP3 6AB,545000
6 Bedroom Cottage Cambridge,227 Victoria Road,Cambridge,CB5 1AB,510000
3 Bedroom Cottage Cambridge,22 Springfield Road,Cambridge,CB8 2AB,1235000
2 Bedroom House Cambridge,238 Mill Lane,Cambridge,CB8 9AB,820000
1 Bedroom House Norwich,153 Park Road,Norwich,NR9 4AB,745000
1 Bedroom Bungalow London,59 Station Road,London,E3 9AB,1230000
5 Bedroom Apartment Ipswich,187 High Street,Ipswich,IP2 1AB,1060000
2 Bedroom Apartment Ipswich,235 London Road,Ipswich,IP1 9AB,1060000
6 Bedroom Cottage Chelmsford,251 High Street,Chelmsford,CM9 6AB,1275000
1 Bedroom Bungalow Chelmsford,19 High Street,Chelmsford,CM9 2AB,1070000
5 Bedroom House Norwich,86 King Street,Norwich,NR6 3AB,920000
3 Bedroom Apartment Norwich,205 London Road,Norwich,NR5 2AB,420000
3 Bedroom Cottage Norwich,288 Church Road,Norwich,NR3 3AB,805000
3 Bedroom Cottage Colchester,20 High Street,Colchester,CO7 4AB,1305000
6 Bedroom House Cambridge,21 London Road,Cambridge,CB7 5AB,655000
2 Bedroom Bungalow Norwich,290 King Street,Norwich,NR8 3AB,840000
5 Bedroom Apartment Chelmsford,14 Queen Street,Chelmsford,CM3 7AB,1090000
6 Bedroom House Ipswich,168 Park Road,Ipswich,IP3 3AB,995000
6 Bedroom Apartment Colchester,282 Victoria Road,Colchester,CO1 6AB,755000
3 Bedroom Apartment Norwich,12 Mill Lane,Norwich,NR3 6AB,655000
1 Bedroom House Chelmsford,86 Station Road,Chelmsford,CM8 4AB,1375000
3 Bedroom Bungalow Norwich,120 Park Road,Norwich,NR6 3AB,570000
4 Bedroom Bungalow Cambridge,149 Queen Street,Cambridge,CB4 9AB,1425000
3 Bedroom Bungalow Cambridge,300 King Street,Cambridge,CB8 9AB,865000
5 Bedroom Bungalow Ipswich,216 Park Road,Ipswich,IP3 9AB,1285000
3 Bedroom Cottage Norwich,262 Station Road,Norwich,NR6 8AB,420000
6 Bedroom Bungalow Chelmsford,217 Queen Street,Chelmsford,CM4 2AB,290000
1 Bedroom Apartment Cambridge,106 Queen Street,Cambridge,CB6 5AB,330000
3 Bedroom Bungalow Ipswich,164 Springfield Road,Ipswich,IP2 6AB,1455000
3 Bedroom House London,235 Park Road,London,E7 8AB,380000
2 Bedroom Bungalow Chelmsford,89 Queen Street,Chelmsford,CM9 9AB,480000
6 Bedroom Apartment Cambridge,267 Mill Lane,Cambridge,CB1 1AB,775000
2 Bedroom Cottage Norwich,41 Church Road,Norwich,NR4 8AB,960000
4 Bedroom House London,170 Park Road,London,E8 7AB,865000
2 Bedroom House London,140 Mill Lane,London,E5 2AB,860000
3 Bedroom House Cambridge,168 Queen Street,Cambridge,CB6 5AB,470000
3 Bedroom Bungalow Colchester,233 Park Road,Colchester,CO2 8AB,680000
5 Bedroom Cottage Norwich,111 Queen Street,Norwich,NR6 6AB,1315000
3 Bedroom House Norwich,52 London Road,Norwich,NR4 2AB,1050000
1 Bedroom Bungalow Ipswich,61 London Road,Ipswich,IP2 2AB,1255000
5 Bedroom Apartment London,246 London Road,London,E9 2AB,515000
3 Bedroom Cottage Cambridge,219 Victoria Road,Cambridge,CB5 7AB,305000
5 Bedroom Bungalow Colchester,61 Park Road,Colchester,CO6 9AB,1175000
2 Bedroom Bungalow Colchester,25 High Street,Colchester,CO7 5AB,335000
3 Bedroom Bungalow Cambridge,188 Victoria Road,Cambridge,CB1 6AB,1190000
5 Bedroom Apartment Norwich,241 King Street,Norwich,NR5 6AB,825000
1 Bedroom Bungalow Chelmsford,83 Mill Lane,Chelmsford,CM3 8AB,360000
4 Bedroom Bungalow Chelmsford,88 King Street,Chelmsford,CM3 1AB,570000
6 Bedroom House Norwich,174 Church Road,Norwich,NR7 8AB,900000
1 Bedroom Cottage Colchester,37 Mill Lane,Colchester,CO4 1AB,1335000
3 Bedroom Bungalow Ipswich,109 London Road,Ipswich,IP9 7AB,415000
5 Bedroom Cottage Norwich,135 Church Road,Norwich,NR6 2AB,1280000
3 Bedroom House Colchester,45 Mill Lane,Colchester,CO8 3AB,280000
6 Bedroom Cottage Cambridge,101 High Street,Cambridge,CB7 3AB,335000
2 Bedroom House Norwich,161 Victoria Road,Norwich,NR9 5AB,610000
5 Bedroom Apartment Cambridge,95 Park Road,Cambridge,CB9 1AB,330000
3 Bedroom Cottage London,100 Park Road,London,E3 1AB,1070000
2 Bedroom Cottage Colchester,267 Park Road,Colchester,CO3 9AB,545000
1 Bedroom Cottage Ipswich,114 Springfield Road,Ipswich,IP9 3AB,770000
4 Bedroom Apartment Colchester,19 Victoria Road,Colchester,CO8 1AB,1355000
5 Bedroom Cottage Cambridge,217 Queen Street,Cambridge,CB8 6AB,820000
5 Bedroom Apartment Cambridge,274 Mill Lane,Cambridge,CB3 8AB,540000
3 Bedroom Cottage London,7 Park Road,London,E9 5AB,315000
2 Bedroom Apartment Colchester,195 High Street,Colchester,CO5 8AB,1135000
6 Bedroom Cottage Colchester,163 Victoria Road,Colchester,CO5 1AB,1160000
3 Bedroom House Norwich,144 Station Road,Norwich,NR5 1AB,745000
3 Bedroom Bungalow Norwich,200 Mill Lane,Norwich,NR8 3AB,1085000
3 Bedroom Cottage Ipswich,52 London Road,Ipswich,IP8 2AB,165000
1 Bedroom House Colchester,285 Victoria Road,Colchester,CO8 6AB,755000
2 Bedroom Cottage Chelmsford,299 Church Road,Chelmsford,CM8 5AB,670000
6 Bedroom Apartment Colchester,264 Queen Street,Colchester,CO1 5AB,550000
4 Bedroom Bungalow Cambridge,140 Park Road,Cambridge,CB9 9AB,560000
4 Bedroom Cottage Cambridge,47 Mill Lane,Cambridge,CB7 2AB,1100000
4 Bedroom Cottage Norwich,118 Church Road,Norwich,NR6 7AB,1040000
3 Bedroom Apartment London,256 Station Road,London,E1 6AB,1185000
2 Bedroom Bungalow London,38 Mill Lane,London,E3 6AB,495000
4 Bedroom House Chelmsford,257 Victoria Road,Chelmsford,CM2 2AB,560000
4 Bedroom Apartment Cambridge,282 Park Road,Cambridge,CB4 7AB,1350000
5 Bedroom Bungalow Ipswich,157 Church Road,Ipswich,IP5 9AB,175000
3 Bedroom Bungalow London,135 London Road,London,E7 9AB,340000
3 Bedroom Cottage London,41 Queen Street,London,E4 6AB,820000
6 Bedroom House Ipswich,133 Park Road,Ipswich,IP8 8AB,250000
5 Bedroom Cottage Norwich,230 Mill Lane,Norwich,NR8 4AB,375000
5 Bedroom Cottage Chelmsford,180 Station Road,Chelmsford,CM9 5AB,1110000
5 Bedroom House Colchester,10 King Street,Colchester,CO3 2AB,665000
4 Bedroom Apartment London,112 Victoria Road,London,E8 2AB,925000
6 Bedroom Apartment Norwich,72 Mill Lane,Norwich,NR6 9AB,730000
1 Bedroom House Chelmsford,237 Park Road,Chelmsford,CM3 6AB,225000
1 Bedroom Cottage Chelmsford,39 Queen Street,Chelmsford,CM5 8AB,1105000
4 Bedroom House Ipswich,231 Park Road,Ipswich,IP3 8AB,1050000
6 Bedroom Cottage Ipswich,296 Queen Street,Ipswich,IP9 8AB,285000
6 Bedroom Bungalow Norwich,300 Queen Street,Norwich,NR6 1AB,965000
3 Bedroom Bungalow Cambridge,283 High Street,Cambridge,CB6 7AB,1045000
6 Bedroom Apartment Cambridge,53 King Street,Cambridge,CB5 1AB,715000
6 Bedroom Apartment Colchester,167 Queen Street,Colchester,CO4 6AB,1200000
5 Bedroom Cottage Chelmsford,239 King Street,Chelmsford,CM6 9AB,650000
3 Bedroom Apartment London,276 Church Road,London,E3 4AB,1145000
3 Bedroom Cottage London,293 Queen Street,London,E7 1AB,540000
5 Bedroom Cottage London,203 High Street,London,E2 9AB,785000
3 Bedroom Bungalow Chelmsford,11 Church Road,Chelmsford,CM1 2AB,505000
2 Bedroom House Cambridge,273 High Street,Cambridge,CB6 1AB,805000
3 Bedroom House Cambridge,166 Queen Street,Cambridge,CB6 8AB,840000
5 Bedroom Bungalow Colchester,235 Park Road,Colchester,CO3 7AB,1475000
3 Bedroom Apartment Norwich,288 High Street,Norwich,NR2 3AB,1455000
6 Bedroom House Chelmsford,157 Park Road,Chelmsford,CM9 8AB,1085000
6 Bedroom House Cambridge,122 London Road,Cambridge,CB4 2AB,545000
1 Bedroom Apartment Chelmsford,228 London Road,Chelmsford,CM4 8AB,1155000
4 Bedroom Bungalow Chelmsford,43 Park Road,Chelmsford,CM6 7AB,1375000
4 Bedroom House Colchester,175 Church Road,Colchester,CO2 5AB,605000
5 Bedroom Cottage Cambridge,157 Mill Lane,Cambridge,CB4 9AB,645000
2 Bedroom House Ipswich,237 Park Road,Ipswich,IP8 3AB,880000
4 Bedroom House Colchester,269 High Street,Colchester,CO7 7AB,785000
6 Bedroom Cottage Colchester,298 Victoria Road,Colchester,CO3 8AB,465000
6 Bedroom Cottage Chelmsford,8 London Road,Chelmsford,CM2 2AB,1010000
6 Bedroom Bungalow Colchester,114 London Road,Colchester,CO6 1AB,730000
6 Bedroom Apartment Ipswich,295 London Road,Ipswich,IP5 2AB,870000
1 Bedroom Cottage London,101 Victoria Road,London,E2 1AB,1445000
4 Bedroom Apartment Colchester,43 Mill Lane,Colchester,CO2 1AB,1040000
6 Bedroom House Chelmsford,121 Queen Street,Chelmsford,CM1 6AB,475000
5 Bedroom Apartment Ipswich,163 London Road,Ipswich,IP6 5AB,155000
6 Bedroom House Ipswich,298 Mill Lane,Ipswich,IP2 2AB,955000
6 Bedroom House London,44 Queen Street,London,E6 6AB,495000
2 Bedroom House Chelmsford,294 Church Road,Chelmsford,CM6 6AB,955000
1 Bedroom Bungalow Norwich,147 Springfield Road,Norwich,NR5 8AB,825000
3 Bedroom Apartment Chelmsford,190 Victoria Road,Chelmsford,CM3 2AB,1470000
4 Bedroom Bungalow Colchester,113 King Street,Colchester,CO8 1AB,165000
5 Bedroom Cottage London,142 Springfield Road,London,E8 5AB,405000
6 Bedroom House Chelmsford,169 Victoria Road,Chelmsford,CM6 8AB,965000
5 Bedroom House Cambridge,239 Queen Street,Cambridge,CB6 1AB,1090000
5 Bedroom House Colchester,239 Park Road,Colchester,CO9 9AB,400000
4 Bedroom Apartment Chelmsford,177 Victoria Road,Chelmsford,CM4 3AB,755000
3 Bedroom Cottage Norwich,218 Church Road,Norwich,NR5 2AB,895000
4 Bedroom Cottage Cambridge,177 Park Road,Cambridge,CB4 8AB,1310000
3 Bedroom Apartment Colchester,195 King Street,Colchester,CO3 4AB,735000
1 Bedroom Bungalow Ipswich,290 Park Road,Ipswich,IP2 5AB,345000
5 Bedroom Apartment Colchester,207 High Street,Colchester,CO8 9AB,890000
6 Bedroom Bungalow London,146 Springfield Road,London,E6 2AB,1450000
4 Bedroom Cottage Cambridge,37 Park Road,Cambridge,CB5 5AB,960000
6 Bedroom House Colchester,203 King Street,Colchester,CO1 8AB,730000
1 Bedroom Bungalow Norwich,134 Mill Lane,Norwich,NR3 5AB,755000
2 Bedroom Apartment Cambridge,189 King Street,Cambridge,CB6 8AB,1080000
6 Bedroom House Chelmsford,90 Church Road,Chelmsford,CM8 9AB,990000
5 Bedroom Cottage Chelmsford,201 Queen Street,Chelmsford,CM9 8AB,310000
3 Bedroom Cottage Norwich,61 Park Road,Norwich,NR3 7AB,505000
6 Bedroom Apartment London,114 King Street,London,E7 9AB,810000
1 Bedroom House Chelmsford,285 Springfield Road,Chelmsford,CM2 1AB,550000
3 Bedroom Apartment Chelmsford,232 Mill Lane,Chelmsford,CM3 7AB,255000
1 Bedroom Cottage Ipswich,197 King Street,Ipswich,IP1 5AB,1470000
5 Bedroom House Colchester,229 Church Road,Colchester,CO9 9AB,985000
3 Bedroom House Colchester,192 Station Road,Colchester,CO2 4AB,705000
1 Bedroom House Cambridge,292 Queen Street,Cambridge,CB7 2AB,585000
6 Bedroom Apartment Chelmsford,251 Mill Lane,Chelmsford,CM2 8AB,165000
3 Bedroom Bungalow Norwich,221 Springfield Road,Norwich,NR4 3AB,215000
6 Bedroom Cottage Norwich,245 London Road,Norwich,NR6 2AB,625000
3 Bedroom Cottage Chelmsford,207 Park Road,Chelmsford,CM8 5AB,1355000
6 Bedroom Cottage Norwich,77 Queen Street,Norwich,NR6 3AB,245000
6 Bedroom Apartment Cambridge,124 Station Road,Cambridge,CB3 6AB,705000
5 Bedroom Bungalow Ipswich,111 Church Road,Ipswich,IP7 6AB,900000
5 Bedroom Bungalow London,121 Park Road,London,E5 5AB,1090000
3 Bedroom House London,96 Springfield Road,London,E3 3AB,675000
4 Bedroom Apartment Colchester,6 King Street,Colchester,CO1 6AB,260000
2 Bedroom Cottage Colchester,196 High Street,Colchester,CO8 1AB,295000
4 Bedroom Cottage London,277 High Street,London,E9 1AB,1205000
3 Bedroom Apartment Colchester,80 Church Road,Colchester,CO1 3AB,890000
2 Bedroom Apartment Chelmsford,96 Station Road,Chelmsford,CM4 5AB,940000
4 Bedroom House London,276 Queen Street,London,E1 9AB,460000
1 Bedroom Bungalow Chelmsford,166 King Street,Chelmsford,CM3 8AB,230000
1 Bedroom House London,64 London Road,London,E3 8AB,1070000
2 Bedroom Apartment Colchester,23 Station Road,Colchester,CO2 3AB,770000
6 Bedroom House Norwich,216 King Street,Norwich,NR1 4AB,1430000
2 Bedroom Bungalow Ipswich,190 High Street,Ipswich,IP3 7AB,270000
3 Bedroom Apartment Norwich,196 Mill Lane,Norwich,NR9 2AB,1245000
4 Bedroom Bungalow Chelmsford,258 Church Road,Chelmsford,CM3 8AB,980000
1 Bedroom House Chelmsford,243 Park Road,Chelmsford,CM3 3AB,530000
2 Bedroom Apartment Norwich,148 King Street,Norwich,NR3 3AB,375000
2 Bedroom Cottage Norwich,138 High Street,Norwich,NR7 9AB,680000
4 Bedroom Apartment Chelmsford,184 London Road,Chelmsford,CM2 4AB,785000
6 Bedroom Cottage Ipswich,21 King Street,Ipswich,IP8 4AB,1175000
6 Bedroom Apartment London,216 High Street,London,E2 3AB,390000
1 Bedroom House Cambridge,92 Station Road,Cambridge,CB9 8AB,1075000
6 Bedroom Bungalow Colchester,238 Church Road,Colchester,CO9 6AB,915000
2 Bedroom House Cambridge,54 Victoria Road,Cambridge,CB9 2AB,425000
1 Bedroom Apartment Norwich,106 Mill Lane,Norwich,NR7 7AB,1325000
4 Bedroom Bungalow Colchester,283 Victoria Road,Colchester,CO4 6AB,1270000
1 Bedroom Apartment Colchester,182 Queen Street,Colchester,CO5 5AB,360000
1 Bedroom House Colchester,73 Victoria Road,Colchester,CO1 2AB,815000
3 Bedroom House Chelmsford,290 Queen Street,Chelmsford,CM1 9AB,1110000
6 Bedroom Bungalow Chelmsford,246 Mill Lane,Chelmsford,CM8 7AB,1485000
5 Bedroom House Ipswich,94 Victoria Road,Ipswich,IP4 8AB,885000
4 Bedroom House Norwich,28 Park Road,Norwich,NR5 2AB,1275000
6 Bedroom Bungalow Colchester,53 London Road,Colchester,CO3 6AB,485000
5 Bedroom Cottage Norwich,9 High Street,Norwich,NR7 2AB,415000
4 Bedroom Cottage Colchester,258 King Street,Colchester,CO6 3AB,530000
4 Bedroom Apartment Chelmsford,292 Mill Lane,Chelmsford,CM4 5AB,690000
1 Bedroom Bungalow Chelmsford,248 London Road,Chelmsford,CM4 5AB,1465000
1 Bedroom Bungalow Chelmsford,225 Mill Lane,Chelmsford,CM1 7AB,1105000
5 Bedroom Cottage London,108 Station Road,London,E5 4AB,830000
6 Bedroom Bungalow Cambridge,112 London Road,Cambridge,CB3 1AB,175000
1 Bedroom House Ipswich,75 King Street,Ipswich,IP5 2AB,740000
6 Bedroom Bungalow Norwich,142 Church Road,Norwich,NR7 4AB,755000
2 Bedroom Bungalow Colchester,60 London Road,Colchester,CO6 3AB,645000
3 Bedroom Bungalow Colchester,169 London Road,Colchester,CO6 8AB,1240000
2 Bedroom House Colchester,30 Mill Lane,Colchester,CO6 3AB,685000
6 Bedroom Bungalow Colchester,26 Church Road,Colchester,CO7 9AB,535000
4 Bedroom Apartment Ipswich,262 Church Road,Ipswich,IP4 6AB,1470000
5 Bedroom House Norwich,247 High Street,Norwich,NR7 6AB,595000
5 Bedroom House London,82 Station Road,London,E3 5AB,1325000
4 Bedroom Bungalow Norwich,300 Mill Lane,Norwich,NR4 2AB,960000
6 Bedroom House Chelmsford,104 King Street,Chelmsford,CM6 3AB,1090000
6 Bedroom Apartment Cambridge,107 Church Road,Cambridge,CB6 9AB,975000
5 Bedroom House Chelmsford,37 Springfield Road,Chelmsford,CM7 2AB,555000
4 Bedroom Bungalow Norwich,70 Victoria Road,Norwich,NR2 2AB,710000
2 Bedroom Bungalow London,126 King Street,London,E2 2AB,590000
1 Bedroom Bungalow Chelmsford,122 Queen Street,Chelmsford,CM7 6AB,1385000
3 Bedroom Bungalow Norwich,191 Victoria Road,Norwich,NR3 1AB,1245000
6 Bedroom Bungalow Cambridge,57 Mill Lane,Cambridge,CB2 5AB,1000000
4 Bedroom Bungalow London,244 Station Road,London,E2 7AB,365000
1 Bedroom Cottage Norwich,43 Springfield Road,Norwich,NR1 4AB,610000
3 Bedroom Cottage London,209 Church Road,London,E7 6AB,1335000
5 Bedroom Apartment Colchester,172 High Street,Colchester,CO6 1AB,1255000
4 Bedroom Apartment London,250 Victoria Road,London,E4 1AB,330000
1 Bedroom Cottage London,61 Mill Lane,London,E6 3AB,200000
4 Bedroom House Cambridge,175 Park Road,Cambridge,CB3 6AB,390000
1 Bedroom Cottage London,75 Park Road,London,E6 8AB,745000
1 Bedroom House Colchester,198 Queen Street,Colchester,CO7 4AB,605000
6 Bedroom Bungalow Norwich,3 Park Road,Norwich,NR8 6AB,1095000
3 Bedroom Apartment London,177 London Road,London,E7 3AB,1030000
6 Bedroom Bungalow Chelmsford,206 Park Road,Chelmsford,CM5 7AB,1455000
5 Bedroom Bungalow Chelmsford,17 King Street,Chelmsford,CM2 7AB,445000
2 Bedroom House London,222 Queen Street,London,E3 3AB,530000
4 Bedroom Bungalow Cambridge,139 Park Road,Cambridge,CB5 9AB,315000
4 Bedroom Bungalow Ipswich,265 King Street,Ipswich,IP1 7AB,1355000
6 Bedroom Apartment Chelmsford,167 Springfield Road,Chelmsford,CM7 1AB,1305000
5 Bedroom Cottage Cambridge,196 Victoria Road,Cambridge,CB7 7AB,1465000
3 Bedroom Cottage Cambridge,264 Queen Street,Cambridge,CB5 9AB,160000
4 Bedroom Cottage Cambridge,61 London Road,Cambridge,CB4 9AB,1475000
3 Bedroom Cottage Norwich,167 Mill Lane,Norwich,NR3 8AB,600000
4 Bedroom Bungalow Cambridge,159 Mill Lane,Cambridge,CB7 5AB,625000
6 Bedroom Cottage Chelmsford,212 King Street,Chelmsford,CM7 8AB,360000
6 Bedroom House Chelmsford,163 Victoria Road,Chelmsford,CM6 3AB,750000
6 Bedroom Cottage Cambridge,152 King Street,Cambridge,CB2 2AB,420000
1 Bedroom Cottage Norwich,284 London Road,Norwich,NR2 4AB,290000
4 Bedroom House Ipswich,103 Mill Lane,Ipswich,IP6 1AB,185000
6 Bedroom Cottage Chelmsford,226 Queen Street,Chelmsford,CM8 4AB,1105000
2 Bedroom Bungalow Ipswich,6 Springfield Road,Ipswich,IP5 7AB,350000
5 Bedroom Apartment Norwich,140 Springfield Road,Norwich,NR5 1AB,490000
3 Bedroom Cottage Chelmsford,275 High Street,Chelmsford,CM7 9AB,1265000
5 Bedroom Cottage Cambridge,94 King Street,Cambridge,CB9 2AB,865000
1 Bedroom Apartment Colchester,253 High Street,Colchester,CO1 5AB,725000
2 Bedroom House London,162 Church Road,London,E4 4AB,270000
5 Bedroom Cottage Norwich,192 Mill Lane,Norwich,NR6 8AB,1450000
5 Bedroom Apartment Colchester,246 Victoria Road,Colchester,CO4 9AB,880000
5 Bedroom House London,126 Springfield Road,London,E7 4AB,1475000
1 Bedroom Cottage Chelmsford,134 High Street,Chelmsford,CM6 7AB,680000
1 Bedroom Bungalow London,85 Park Road,London,E3 2AB,585000
2 Bedroom Apartment London,290 London Road,London,E7 3AB,560000
3 Bedroom Cottage Chelmsford,107 Station Road,Chelmsford,CM5 5AB,1305000
5 Bedroom House Norwich,74 London Road,Norwich,NR2 8AB,550000
3 Bedroom Cottage London,154 London Road,London,E2 3AB,165000
3 Bedroom House Colchester,230 King Street,Colchester,CO8 9AB,1345000
5 Bedroom Cottage Colchester,207 Mill Lane,Colchester,CO6 5AB,730000
2 Bedroom Apartment Cambridge,12 High Street,Cambridge,CB3 9AB,835000
3 Bedroom Apartment Ipswich,216 Springfield Road,Ipswich,IP1 1AB,580000
6 Bedroom Bungalow Norwich,156 Park Road,Norwich,NR6 5AB,740000
1 Bedroom Cottage Norwich,156 Mill Lane,Norwich,NR8 7AB,920000
6 Bedroom Bungalow London,229 Church Road,London,E9 8AB,1230000
4 Bedroom Bungalow Ipswich,101 Church Road,Ipswich,IP2 8AB,1175000
4 Bedroom Bungalow Norwich,284 London Road,Norwich,NR1 3AB,1235000
2 Bedroom House Cambridge,228 Church Road,Cambridge,CB6 7AB,275000
1 Bedroom Apartment Norwich,77 London Road,Norwich,NR1 8AB,665000
6 Bedroom Apartment London,132 Victoria Road,London,E1 4AB,1270000
5 Bedroom Apartment Cambridge,214 Mill Lane,Cambridge,CB4 9AB,150000
5 Bedroom Bungalow Colchester,183 Victoria Road,Colchester,CO1 9AB,1180000
1 Bedroom Cottage Colchester,66 Victoria Road,Colchester,CO5 3AB,320000
6 Bedroom Bungalow London,236 Springfield Road,London,E8 1AB,1185000
5 Bedroom Apartment Norwich,257 Victoria Road,Norwich,NR7 5AB,1025000
4 Bedroom Bungalow London,292 Queen Street,London,E3 5AB,835000
2 Bedroom Cottage Colchester,275 Station Road,Colchester,CO4 5AB,1070000
1 Bedroom Apartment Cambridge,156 Queen Street,Cambridge,CB8 1AB,730000
6 Bedroom House Colchester,218 Victoria Road,Colchester,CO3 4AB,355000
5 Bedroom Cottage Chelmsford,133 Mill Lane,Chelmsford,CM7 8AB,780000
2 Bedroom House Chelmsford,42 Victoria Road,Chelmsford,CM3 1AB,595000
2 Bedroom Cottage Cambridge,95 Church Road,Cambridge,CB2 7AB,975000
4 Bedroom Cottage Ipswich,130 Mill Lane,Ipswich,IP8 9AB,1250000
2 Bedroom Bungalow London,238 Park Road,London,E7 3AB,185000
5 Bedroom Cottage Colchester,264 King Street,Colchester,CO4 3AB,1010000
4 Bedroom Apartment Norwich,12 Station Road,Norwich,NR2 6AB,335000
4 Bedroom Apartment Cambridge,287 High Street,Cambridge,CB6 5AB,195000
5 Bedroom House Norwich,117 Station Road,Norwich,NR8 5AB,1455000
4 Bedroom Bungalow Ipswich,287 Springfield Road,Ipswich,IP9 6AB,1195000
3 Bedroom Cottage Cambridge,266 Church Road,Cambridge,CB6 6AB,160000
4 Bedroom Apartment Cambridge,29 Mill Lane,Cambridge,CB7 7AB,925000
5 Bedroom Cottage Colchester,128 Victoria Road,Colchester,CO1 6AB,325000
4 Bedroom Apartment Norwich,277 Church Road,Norwich,NR5 3AB,210000
4 Bedroom Cottage London,174 Queen Street,London,E1 2AB,625000
1 Bedroom House Cambridge,267 Springfield Road,Cambridge,CB1 9AB,1320000
3 Bedroom Apartment Cambridge,155 Station Road,Cambridge,CB1 5AB,700000
2 Bedroom Apartment Norwich,147 Springfield Road,Norwich,NR1 4AB,935000
6 Bedroom Cottage Colchester,35 Mill Lane,Colchester,CO9 8AB,1375000
2 Bedroom House London,180 Mill Lane,London,E2 3AB,1060000
4 Bedroom House Chelmsford,100 Church Road,Chelmsford,CM4 5AB,1350000
1 Bedroom Cottage Chelmsford,300 Park Road,Chelmsford,CM4 6AB,705000
2 Bedroom Bungalow Norwich,257 Church Road,Norwich,NR7 5AB,1325000
3 Bedroom Apartment Chelmsford,213 Queen Street,Chelmsford,CM1 9AB,560000
3 Bedroom House Ipswich,212 Victoria Road,Ipswich,IP9 4AB,735000
2 Bedroom House London,136 Station Road,London,E4 9AB,805000
6 Bedroom House Chelmsford,252 High Street,Chelmsford,CM7 1AB,995000
1 Bedroom Bungalow London,72 Victoria Road,London,E1 9AB,1310000
1 Bedroom Bungalow Ipswich,76 Mill Lane,Ipswich,IP1 8AB,1385000
6 Bedroom Bungalow London,149 Queen Street,London,E6 6AB,1270000
5 Bedroom Cottage Norwich,56 Church Road,Norwich,NR1 2AB,1185000
5 Bedroom Bungalow Colchester,132 Queen Street,Colchester,CO4 8AB,735000
2 Bedroom Apartment Chelmsford,87 Station Road,Chelmsford,CM8 8AB,1425000
3 Bedroom Apartment Chelmsford,5 High Street,Chelmsford,CM3 3AB,1105000
4 Bedroom House Chelmsford,235 Church Road,Chelmsford,CM3 5AB,785000
5 Bedroom Cottage Ipswich,201 High Street,Ipswich,IP8 6AB,715000
5 Bedroom Apartment Chelmsford,50 King Street,Chelmsford,CM6 3AB,690000
5 Bedroom Cottage London,109 Station Road,London,E4 1AB,800000
5 Bedroom Bungalow Ipswich,54 Springfield Road,Ipswich,IP1 5AB,225000
1 Bedroom Cottage London,112 King Street,London,E2 7AB,1165000
2 Bedroom Apartment Norwich,247 High Street,Norwich,NR1 1AB,1310000
2 Bedroom Cottage London,217 Church Road,London,E3 1AB,1230000
3 Bedroom Bungalow Norwich,123 Mill Lane,Norwich,NR7 1AB,240000
3 Bedroom Bungalow Norwich,269 Springfield Road,Norwich,NR1 2AB,1375000
6 Bedroom Apartment London,129 Queen Street,London,E4 3AB,235000
4 Bedroom House Colchester,210 Victoria Road,Colchester,CO3 7AB,1225000
4 Bedroom Apartment London,53 King Street,London,E9 6AB,280000
4 Bedroom Apartment Chelmsford,32 Victoria Road,Chelmsford,CM5 5AB,640000
1 Bedroom House Norwich,24 King Street,Norwich,NR5 6AB,1170000
2 Bedroom House Chelmsford,224 Mill Lane,Chelmsford,CM9 3AB,1340000
6 Bedroom Apartment Cambridge,253 London Road,Cambridge,CB4 4AB,630000
6 Bedroom Apartment Colchester,34 Church Road,Colchester,CO8 4AB,1475000
3 Bedroom Apartment Colchester,38 Park Road,Colchester,CO3 7AB,865000
1 Bedroom Bungalow Chelmsford,121 London Road,Chelmsford,CM8 3AB,1360000
3 Bedroom Cottage London,192 London Road,London,E8 1AB,1115000
4 Bedroom Bungalow Colchester,169 High Street,Colchester,CO9 3AB,1340000
4 Bedroom Cottage Chelmsford,35 Park Road,Chelmsford,CM7 6AB,1245000
6 Bedroom Apartment London,142 Queen Street,London,E8 6AB,1065000
5 Bedroom House Norwich,59 Queen Street,Norwich,NR9 1AB,505000
5 Bedroom House Colchester,133 High Street,Colchester,CO6 5AB,1245000
4 Bedroom Cottage London,75 Queen Street,London,E3 2AB,930000
4 Bedroom Bungalow Colchester,101 Mill Lane,Colchester,CO9 8AB,415000
6 Bedroom House Ipswich,274 Victoria Road,Ipswich,IP1 4AB,1450000
5 Bedroom Bungalow Colchester,137 Park Road,Colchester,CO3 4AB,1365000
6 Bedroom House Chelmsford,280 Queen Street,Chelmsford,CM6 3AB,530000
2 Bedroom Bungalow Chelmsford,238 Springfield Road,Chelmsford,CM8 7AB,505000
1 Bedroom Apartment Norwich,204 Station Road,Norwich,NR8 4AB,1185000
3 Bedroom House Cambridge,198 King Street,Cambridge,CB8 5AB,620000
2 Bedroom Apartment Chelmsford,170 High Street,Chelmsford,CM5 6AB,1360000
1 Bedroom Apartment Norwich,22 King Street,Norwich,NR9 5AB,735000
3 Bedroom Bungalow London,58 Station Road,London,E2 8AB,850000
6 Bedroom Cottage Norwich,64 Victoria Road,Norwich,NR6 2AB,1215000
3 Bedroom Cottage Ipswich,62 Church Road,Ipswich,IP8 2AB,1315000
1 Bedroom Bungalow Cambridge,124 Church Road,Cambridge,CB2 3AB,1255000
2 Bedroom House Ipswich,64 Park Road,Ipswich,IP9 3AB,1060000
1 Bedroom Cottage Cambridge,107 Church Road,Cambridge,CB7 9AB,1435000
2 Bedroom House Norwich,83 King Street,Norwich,NR8 4AB,1320000
4 Bedroom Cottage Cambridge,171 Victoria Road,Cambridge,CB3 8AB,205000
5 Bedroom Cottage London,167 Victoria Road,London,E9 3AB,1270000
2 Bedroom Bungalow Ipswich,281 Church Road,Ipswich,IP7 6AB,570000
6 Bedroom Cottage Colchester,219 King Street,Colchester,CO2 1AB,445000
2 Bedroom House Norwich,139 Station Road,Norwich,NR6 3AB,355000
6 Bedroom Bungalow Colchester,67 Station Road,Colchester,CO3 8AB,1430000
2 Bedroom House Chelmsford,130 London Road,Chelmsford,CM2 2AB,675000
4 Bedroom Bungalow London,281 Victoria Road,London,E4 3AB,1220000
1 Bedroom Apartment Cambridge,200 Mill Lane,Cambridge,CB7 8AB,875000
6 Bedroom Cottage Chelmsford,251 High Street,Chelmsford,CM7 3AB,1070000
3 Bedroom Bungalow Ipswich,119 London Road,Ipswich,IP5 2AB,1170000
5 Bedroom Cottage London,238 Victoria Road,London,E2 3AB,415000
3 Bedroom Apartment Chelmsford,142 Mill Lane,Chelmsford,CM4 5AB,625000
3 Bedroom Bungalow Norwich,165 Springfield Road,Norwich,NR5 5AB,185000
2 Bedroom House Cambridge,251 Church Road,Cambridge,CB9 4AB,475000
6 Bedroom Apartment Colchester,277 Victoria Road,Colchester,CO6 8AB,1360000
5 Bedroom House London,224 London Road,London,E4 5AB,1065000
3 Bedroom House Colchester,62 Station Road,Colchester,CO9 9AB,1470000
4 Bedroom House Ipswich,45 Springfield Road,Ipswich,IP7 2AB,1010000
5 Bedroom House Cambridge,226 Church Road,Cambridge,CB2 9AB,975000
4 Bedroom Cottage London,36 Springfield Road,London,E6 2AB,1065000
2 Bedroom House London,127 Victoria Road,London,E2 1AB,1430000
5 Bedroom Bungalow Cambridge,128 King Street,Cambridge,CB4 7AB,975000
6 Bedroom Bungalow Cambridge,297 Park Road,Cambridge,CB1 6AB,885000
1 Bedroom House Chelmsford,32 Queen Street,Chelmsford,CM7 4AB,685000
6 Bedroom Apartment London,56 High Street,London,E7 3AB,430000
2 Bedroom House Norwich,139 Queen Street,Norwich,NR8 9AB,480000
1 Bedroom Apartment Chelmsford,59 London Road,Chelmsford,CM6 8AB,1285000
5 Bedroom Cottage Chelmsford,122 Park Road,Chelmsford,CM4 8AB,850000
3 Bedroom Apartment Cambridge,169 High Street,Cambridge,CB3 5AB,1185000
6 Bedroom Bungalow London,215 Mill Lane,London,E9 2AB,1085000
3 Bedroom Cottage London,124 Station Road,London,E8 5AB,855000
1 Bedroom House Cambridge,202 Church Road,Cambridge,CB7 6AB,1315000
2 Bedroom House London,226 Mill Lane,London,E7 7AB,985000
3 Bedroom Bungalow Norwich,151 Queen Street,Norwich,NR6 2AB,420000
4 Bedroom Bungalow Norwich,92 London Road,Norwich,NR8 7AB,685000
1 Bedroom Bungalow Cambridge,96 Church Road,Cambridge,CB1 1AB,1055000
6 Bedroom House Chelmsford,110 Springfield Road,Chelmsford,CM6 3AB,665000
6 Bedroom Cottage Chelmsford,27 King Street,Chelmsford,CM2 8AB,675000
2 Bedroom Cottage Norwich,245 Queen Street,Norwich,NR6 4AB,995000
4 Bedroom Cottage Cambridge,173 Queen Street,Cambridge,CB8 9AB,1320000
5 Bedroom House Norwich,277 Victoria Road,Norwich,NR3 5AB,295000
6 Bedroom House Cambridge,290 Springfield Road,Cambridge,CB5 9AB,1180000
4 Bedroom House Ipswich,75 Church Road,Ipswich,IP3 9AB,1165000
5 Bedroom Cottage London,112 King Street,London,E9 2AB,555000
3 Bedroom Cottage Norwich,292 King Street,Norwich,NR3 3AB,945000
2 Bedroom Cottage Norwich,21 King Street,Norwich,NR6 2AB,850000
5 Bedroom Apartment Norwich,212 Springfield Road,Norwich,NR1 9AB,710000
6 Bedroom House Ipswich,152 Park Road,Ipswich,IP9 3AB,1010000
5 Bedroom Bungalow Cambridge,135 Park Road,Cambridge,CB5 1AB,775000
6 Bedroom Cottage London,223 Mill Lane,London,E5 8AB,415000
3 Bedroom Bungalow Norwich,237 King Street,Norwich,NR8 3AB,415000
3 Bedroom House Chelmsford,105 Mill Lane,Chelmsford,CM6 4AB,1110000
4 Bedroom Cottage Cambridge,81 Church Road,Cambridge,CB6 8AB,1315000
5 Bedroom Apartment Cambridge,35 King Street,Cambridge,CB3 8AB,1090000
1 Bedroom House Cambridge,252 Station Road,Cambridge,CB2 4AB,845000
6 Bedroom Bungalow London,117 Station Road,London,E4 3AB,1025000
2 Bedroom Bungalow Ipswich,229 Station Road,Ipswich,IP1 9AB,325000
6 Bedroom Apartment Chelmsford,172 London Road,Chelmsford,CM7 3AB,1185000
3 Bedroom House London,152 Victoria Road,London,E1 3AB,800000
2 Bedroom Apartment Chelmsford,131 Station Road,Chelmsford,CM8 2AB,695000
5 Bedroom Cottage Colchester,231 High Street,Colchester,CO8 2AB,750000
6 Bedroom Cottage Norwich,225 Church Road,Norwich,NR9 6AB,395000
4 Bedroom Cottage Chelmsford,81 High Street,Chelmsford,CM2 5AB,895000
3 Bedroom Cottage Cambridge,269 Mill Lane,Cambridge,CB8 4AB,1390000
2 Bedroom Bungalow Chelmsford,258 Park Road,Chelmsford,CM4 5AB,1080000
6 Bedroom House Ipswich,260 Mill Lane,Ipswich,IP4 5AB,780000
1 Bedroom Bungalow London,65 Park Road,London,E5 4AB,1385000
4 Bedroom Cottage Cambridge,293 King Street,Cambridge,CB1 2AB,1040000
5 Bedroom Bungalow Cambridge,74 Springfield Road,Cambridge,CB6 5AB,980000
2 Bedroom Bungalow London,14 King Street,London,E7 5AB,980000
5 Bedroom Apartment London,238 Church Road,London,E3 1AB,225000
2 Bedroom Apartment Colchester,196 Station Road,Colchester,CO4 8AB,595000
1 Bedroom Cottage Cambridge,144 Victoria Road,Cambridge,CB9 7AB,805000
3 Bedroom House London,217 Park Road,London,E5 1AB,1120000
1 Bedroom Apartment Cambridge,248 Mill Lane,Cambridge,CB1 8AB,1285000
3 Bedroom Cottage Norwich,281 Park Road,Norwich,NR4 8AB,420000
3 Bedroom Bungalow Ipswich,33 Mill Lane,Ipswich,IP9 1AB,820000
2 Bedroom Cottage Ipswich,46 Victoria Road,Ipswich,IP1 2AB,415000
6 Bedroom Bungalow Colchester,139 King Street,Colchester,CO3 5AB,355000
5 Bedroom House Chelmsford,260 Church Road,Chelmsford,CM6 3AB,345000
4 Bedroom Apartment Cambridge,162 Victoria Road,Cambridge,CB5 6AB,1120000
2 Bedroom Apartment Chelmsford,138 London Road,Chelmsford,CM3 1AB,600000
1 Bedroom Bungalow London,109 High Street,London,E2 7AB,305000
2 Bedroom Apartment Chelmsford,212 Park Road,Chelmsford,CM9 8AB,650000
5 Bedroom Cottage Norwich,250 Station Road,Norwich,NR7 3AB,710000
1 Bedroom Apartment London,70 King Street,London,E3 7AB,540000
3 Bedroom House Cambridge,111 Mill Lane,Cambridge,CB4 4AB,1315000
2 Bedroom House Chelmsford,191 Mill Lane,Chelmsford,CM2 8AB,200000
3 Bedroom Apartment Colchester,93 King Street,Colchester,CO6 4AB,765000
5 Bedroom Cottage Colchester,8 Queen Street,Colchester,CO8 5AB,340000
5 Bedroom Bungalow Norwich,123 London Road,Norwich,NR2 7AB,820000
3 Bedroom Cottage Chelmsford,274 King Street,Chelmsford,CM6 2AB,695000
3 Bedroom Cottage Chelmsford,49 Victoria Road,Chelmsford,CM2 5AB,1145000
4 Bedroom Bungalow London,180 London Road,London,E3 3AB,1495000
3 Bedroom House Cambridge,256 Park Road,Cambridge,CB2 4AB,230000
4 Bedroom Bungalow Ipswich,252 Springfield Road,Ipswich,IP5 7AB,1035000
6 Bedroom House London,13 King Street,London,E4 8AB,285000
5 Bedroom Bungalow Cambridge,103 High Street,Cambridge,CB8 3AB,1430000
5 Bedroom House London,254 Park Road,London,E1 5AB,185000
2 Bedroom Cottage Norwich,46 Victoria Road,Norwich,NR3 1AB,845000
1 Bedroom Bungalow Chelmsford,259 King Street,Chelmsford,CM4 1AB,920000
4 Bedroom Cottage Chelmsford,34 Station Road,Chelmsford,CM1 5AB,1475000
4 Bedroom Bungalow Cambridge,48 Church Road,Cambridge,CB7 8AB,910000
3 Bedroom House Chelmsford,37 King Street,Chelmsford,CM5 2AB,310000
5 Bedroom Cottage Ipswich,146 Queen Street,Ipswich,IP6 2AB,1440000
4 Bedroom Bungalow Chelmsford,31 Victoria Road,Chelmsford,CM2 6AB,405000
6 Bedroom House London,137 Park Road,London,E6 2AB,150000
5 Bedroom Apartment Cambridge,289 High Street,Cambridge,CB7 9AB,265000
1 Bedroom Bungalow Colchester,90 Station Road,Colchester,CO6 2AB,1310000
5 Bedroom Cottage Colchester,37 Queen Street,Colchester,CO5 8AB,1450000
5 Bedroom House Norwich,197 Station Road,Norwich,NR9 3AB,300000
6 Bedroom Cottage London,240 Springfield Road,London,E3 2AB,1290000
1 Bedroom Apartment Norwich,139 London Road,Norwich,NR1 3AB,265000
6 Bedroom Apartment London,225 Mill Lane,London,E9 2AB,400000
1 Bedroom Cottage Cambridge,23 London Road,Cambridge,CB5 2AB,470000
3 Bedroom Apartment Cambridge,159 Station Road,Cambridge,CB8 5AB,565000
3 Bedroom Bungalow Colchester,166 King Street,Colchester,CO1 8AB,910000
3 Bedroom Bungalow Cambridge,248 Victoria Road,Cambridge,CB6 4AB,760000
6 Bedroom House Norwich,286 Victoria Road,Norwich,NR5 6AB,510000
6 Bedroom Cottage Colchester,117 Church Road,Colchester,CO4 1AB,685000
1 Bedroom Cottage London,194 High Street,London,E4 3AB,350000
4 Bedroom Cottage London,292 Springfield Road,London,E9 7AB,745000
5 Bedroom Bungalow Ipswich,17 Mill Lane,Ipswich,IP4 9AB,680000
3 Bedroom Apartment Norwich,127 Church Road,Norwich,NR8 6AB,330000
5 Bedroom Cottage Ipswich,249 Church Road,Ipswich,IP6 1AB,905000
4 Bedroom House Norwich,118 Victoria Road,Norwich,NR2 5AB,1320000
1 Bedroom Bungalow Colchester,38 Victoria Road,Colchester,CO2 6AB,185000
6 Bedroom Cottage Chelmsford,160 Park Road,Chelmsford,CM8 7AB,215000
5 Bedroom House Norwich,31 Victoria Road,Norwich,NR4 8AB,1350000
2 Bedroom Apartment London,281 London Road,London,E3 3AB,280000
1 Bedroom House Ipswich,123 Church Road,Ipswich,IP6 3AB,390000
6 Bedroom Cottage Norwich,96 Church Road,Norwich,NR4 1AB,645000
4 Bedroom Cottage Norwich,252 Victoria Road,Norwich,NR4 3AB,985000
4 Bedroom House Colchester,279 High Street,Colchester,CO9 5AB,625000
2 Bedroom House London,262 Victoria Road,London,E1 6AB,1325000
3 Bedroom Bungalow Colchester,214 Mill Lane,Colchester,CO1 2AB,655000
3 Bedroom Cottage Chelmsford,233 Mill Lane,Chelmsford,CM5 9AB,1460000
6 Bedroom House Norwich,195 King Street,Norwich,NR8 2AB,1485000
3 Bedroom House Norwich,27 Springfield Road,Norwich,NR5 7AB,1360000
3 Bedroom House London,192 Queen Street,London,E5 5AB,1170000
5 Bedroom Apartment Norwich,291 King Street,Norwich,NR2 6AB,1225000
4 Bedroom Bungalow Cambridge,133 Station Road,Cambridge,CB6 4AB,740000
4 Bedroom Bungalow Chelmsford,280 Station Road,Chelmsford,CM3 8AB,630000
4 Bedroom House Colchester,237 King Street,Colchester,CO5 1AB,365000
2 Bedroom Cottage London,182 Church Road,London,E7 5AB,685000
4 Bedroom Apartment Chelmsford,200 Victoria Road,Chelmsford,CM4 4AB,1250000
1 Bedroom House Cambridge,254 Mill Lane,Cambridge,CB6 2AB,1420000
3 Bedroom Apartment Norwich,20 Station Road,Norwich,NR1 6AB,1405000
6 Bedroom Bungalow Colchester,239 Victoria Road,Colchester,CO3 7AB,735000
1 Bedroom Cottage London,210 Station Road,London,E7 4AB,1125000
5 Bedroom Bungalow Cambridge,66 Station Road,Cambridge,CB7 3AB,1015000
5 Bedroom Bungalow Chelmsford,285 High Street,Chelmsford,CM3 6AB,585000
1 Bedroom Apartment Norwich,210 Mill Lane,Norwich,NR1 8AB,1075000
3 Bedroom Bungalow London,152 Springfield Road,London,E2 7AB,1335000
2 Bedroom Apartment Chelmsford,206 King Street,Chelmsford,CM5 1AB,1275000
5 Bedroom Apartment Chelmsford,86 Springfield Road,Chelmsford,CM1 9AB,1475000
6 Bedroom House Norwich,169 King Street,Norwich,NR1 2AB,585000
4 Bedroom House Cambridge,73 Church Road,Cambridge,CB8 7AB,1250000
1 Bedroom House Ipswich,35 Mill Lane,Ipswich,IP3 1AB,255000
3 Bedroom House Cambridge,180 High Street,Cambridge,CB6 6AB,1130000
1 Bedroom House Norwich,135 Station Road,Norwich,NR3 8AB,225000
2 Bedroom Cottage London,288 King Street,London,E7 8AB,905000
1 Bedroom Bungalow Ipswich,160 Springfield Road,Ipswich,IP5 1AB,300000
4 Bedroom House Ipswich,289 Mill Lane,Ipswich,IP4 4AB,775000
4 Bedroom Cottage Chelmsford,255 London Road,Chelmsford,CM7 9AB,440000
5 Bedroom Apartment Chelmsford,204 Station Road,Chelmsford,CM3 4AB,685000
4 Bedroom Apartment Norwich,12 King Street,Norwich,NR7 4AB,175000
1 Bedroom Cottage Cambridge,118 Queen Street,Cambridge,CB7 8AB,635000
3 Bedroom Apartment Cambridge,115 Park Road,Cambridge,CB8 6AB,1285000
3 Bedroom Bungalow Chelmsford,121 Mill Lane,Chelmsford,CM4 2AB,1310000
4 Bedroom Apartment Ipswich,170 Park Road,Ipswich,IP2 8AB,540000
4 Bedroom Bungalow Ipswich,77 Mill Lane,Ipswich,IP8 5AB,1425000
6 Bedroom Apartment Chelmsford,78 Springfield Road,Chelmsford,CM5 6AB,670000
1 Bedroom House Ipswich,149 Station Road,Ipswich,IP8 8AB,1385000
5 Bedroom Apartment Colchester,130 Park Road,Colchester,CO2 3AB,700000
4 Bedroom Apartment Ipswich,54 Springfield Road,Ipswich,IP8 5AB,1015000
3 Bedroom House Colchester,55 Springfield Road,Colchester,CO4 4AB,815000
1 Bedroom Apartment Cambridge,217 Springfield Road,Cambridge,CB4 6AB,1310000
3 Bedroom Cottage London,127 King Street,London,E4 9AB,185000
5 Bedroom Apartment Norwich,248 Church Road,Norwich,NR1 3AB,745000
6 Bedroom House London,252 Queen Street,London,E3 9AB,845000
1 Bedroom Apartment Cambridge,92 Victoria Road,Cambridge,CB7 1AB,470000
5 Bedroom Cottage Colchester,201 Church Road,Colchester,CO9 3AB,1420000
6 Bedroom House Ipswich,202 High Street,Ipswich,IP2 3AB,1405000
2 Bedroom Cottage Colchester,231 Queen Street,Colchester,CO4 5AB,1325000
2 Bedroom Bungalow Colchester,100 King Street,Colchester,CO5 5AB,570000
5 Bedroom Apartment Cambridge,135 Station Road,Cambridge,CB3 4AB,1235000
6 Bedroom House Cambridge,241 King Street,Cambridge,CB4 8AB,1030000
5 Bedroom Bungalow Ipswich,54 Church Road,Ipswich,IP1 1AB,1490000
2 Bedroom Apartment Cambridge,128 London Road,Cambridge,CB2 8AB,710000
1 Bedroom Bungalow Norwich,297 Queen Street,Norwich,NR5 2AB,690000
6 Bedroom Apartment Chelmsford,283 Queen Street,Chelmsford,CM6 6AB,325000
5 Bedroom Apartment Ipswich,284 Church Road,Ipswich,IP9 9AB,1285000
6 Bedroom Cottage Norwich,251 Springfield Road,Norwich,NR4 9AB,210000
4 Bedroom Apartment Ipswich,149 Victoria Road,Ipswich,IP1 6AB,890000
5 Bedroom Bungalow Colchester,257 Park Road,Colchester,CO4 7AB,1460000
3 Bedroom Cottage Colchester,207 King Street,Colchester,CO8 3AB,1165000
5 Bedroom Cottage Chelmsford,113 High Street,Chelmsford,CM1 6AB,1250000
5 Bedroom Cottage Chelmsford,45 Church Road,Chelmsford,CM8 5AB,1465000
4 Bedroom Cottage Ipswich,39 London Road,Ipswich,IP5 1AB,1055000
3 Bedroom Bungalow London,282 Church Road,London,E6 1AB,455000
5 Bedroom Cottage Colchester,273 London Road,Colchester,CO6 9AB,1085000
3 Bedroom Bungalow London,105 London Road,London,E1 7AB,475000
6 Bedroom Bungalow Cambridge,156 High Street,Cambridge,CB3 2AB,1220000
3 Bedroom Bungalow Cambridge,129 Park Road,Cambridge,CB4 2AB,800000
2 Bedroom Apartment Norwich,131 Church Road,Norwich,NR3 1AB,425000
5 Bedroom House Norwich,124 High Street,Norwich,NR7 3AB,595000
5 Bedroom House Chelmsford,143 Victoria Road,Chelmsford,CM4 8AB,835000
1 Bedroom House Colchester,162 Station Road,Colchester,CO4 1AB,1260000
3 Bedroom House Chelmsford,148 Mill Lane,Chelmsford,CM8 8AB,1490000
4 Bedroom Cottage Cambridge,175 Park Road,Cambridge,CB1 7AB,435000
3 Bedroom Cottage Chelmsford,182 Church Road,Chelmsford,CM8 1AB,880000
2 Bedroom Bungalow Ipswich,267 King Street,Ipswich,IP2 5AB,150000
3 Bedroom Cottage London,126 Mill Lane,London,E3 3AB,350000
2 Bedroom Bungalow London,48 Victoria Road,London,E9 5AB,1405000
5 Bedroom Cottage Colchester,118 Station Road,Colchester,CO8 9AB,860000
3 Bedroom Bungalow Cambridge,292 London Road,Cambridge,CB5 9AB,1175000
1 Bedroom House Cambridge,245 London Road,Cambridge,CB6 9AB,865000
4 Bedroom House London,43 High Street,London,E5 7AB,825000
2 Bedroom Apartment London,72 Park Road,London,E5 9AB,645000
1 Bedroom House Colchester,143 Park Road,Colchester,CO1 2AB,500000
6 Bedroom Apartment Norwich,164 King Street,Norwich,NR7 6AB,1020000
6 Bedroom Apartment Colchester,284 London Road,Colchester,CO4 8AB,955000
5 Bedroom House Norwich,84 Mill Lane,Norwich,NR3 7AB,1310000
3 Bedroom Bungalow Chelmsford,262 King Street,Chelmsford,CM7 7AB,1165000
5 Bedroom Bungalow Norwich,298 High Street,Norwich,NR7 9AB,240000
4 Bedroom House Cambridge,282 Station Road,Cambridge,CB3 4AB,925000
4 Bedroom Apartment Chelmsford,256 King Street,Chelmsford,CM5 5AB,1120000
1 Bedroom Apartment Chelmsford,216 Victoria Road,Chelmsford,CM1 3AB,760000
6 Bedroom Apartment Norwich,287 Victoria Road,Norwich,NR7 8AB,560000
5 Bedroom Bungalow Ipswich,232 Queen Street,Ipswich,IP2 7AB,1000000
2 Bedroom Cottage Cambridge,298 Springfield Road,Cambridge,CB8 8AB,1470000
1 Bedroom Apartment Colchester,150 London Road,Colchester,CO2 3AB,1050000
4 Bedroom Apartment Ipswich,25 London Road,Ipswich,IP6 8AB,290000
2 Bedroom Apartment London,84 Church Road,London,E5 8AB,1050000
3 Bedroom Bungalow Norwich,286 Mill Lane,Norwich,NR3 1AB,550000
2 Bedroom Cottage Norwich,40 London Road,Norwich,NR2 8AB,1095000
4 Bedroom Cottage Colchester,55 Station Road,Colchester,CO7 6AB,185000
4 Bedroom Bungalow Norwich,45 London Road,Norwich,NR5 2AB,435000
5 Bedroom Bungalow Colchester,241 Station Road,Colchester,CO3 6AB,520000
1 Bedroom Bungalow Chelmsford,177 Station Road,Chelmsford,CM3 3AB,835000
4 Bedroom House Cambridge,11 High Street,Cambridge,CB4 5AB,500000
1 Bedroom Cottage Chelmsford,238 Station Road,Chelmsford,CM9 4AB,1120000
2 Bedroom House Norwich,202 Station Road,Norwich,NR3 2AB,245000
1 Bedroom House Norwich,71 Victoria Road,Norwich,NR2 2AB,180000
4 Bedroom Cottage Norwich,106 Queen Street,Norwich,NR9 9AB,190000
2 Bedroom Apartment Chelmsford,266 Mill Lane,Chelmsford,CM9 4AB,1385000
1 Bedroom House Norwich,299 Queen Street,Norwich,NR5 3AB,1010000
5 Bedroom Apartment Chelmsford,108 Station Road,Chelmsford,CM5 1AB,1370000
5 Bedroom Cottage London,133 High Street,London,E5 1AB,770000
1 Bedroom Apartment Norwich,24 Station Road,Norwich,NR3 4AB,155000
3 Bedroom Cottage Cambridge,124 Victoria Road,Cambridge,CB4 3AB,310000
1 Bedroom Cottage Colchester,207 Station Road,Colchester,CO1 5AB,530000
1 Bedroom Apartment Cambridge,123 Mill Lane,Cambridge,CB7 6AB,1065000
5 Bedroom Apartment Ipswich,83 Station Road,Ipswich,IP1 7AB,1350000
4 Bedroom House Norwich,174 Victoria Road,Norwich,NR9 2AB,1225000
5 Bedroom Bungalow London,134 Station Road,London,E2 7AB,920000
5 Bedroom House Norwich,81 Springfield Road,Norwich,NR9 8AB,690000
1 Bedroom House London,72 Queen Street,London,E9 5AB,600000
3 Bedroom Bungalow Colchester,104 Victoria Road,Colchester,CO6 4AB,1105000
5 Bedroom Cottage London,181 Church Road,London,E7 5AB,1355000
5 Bedroom Bungalow Norwich,30 Victoria Road,Norwich,NR1 5AB,695000
1 Bedroom Bungalow Colchester,280 Queen Street,Colchester,CO3 5AB,1180000
5 Bedroom Bungalow Cambridge,232 Mill Lane,Cambridge,CB6 3AB,225000
2 Bedroom Bungalow Chelmsford,17 London Road,Chelmsford,CM2 4AB,170000
1 Bedroom Bungalow Norwich,87 London Road,Norwich,NR3 8AB,1160000
6 Bedroom Bungalow Colchester,156 Park Road,Colchester,CO7 4AB,160000
2 Bedroom Cottage Ipswich,253 King Street,Ipswich,IP1 8AB,965000
3 Bedroom Apartment London,233 King Street,London,E9 7AB,855000
1 Bedroom Bungalow Chelmsford,89 London Road,Chelmsford,CM7 8AB,830000
2 Bedroom House Cambridge,127 Springfield Road,Cambridge,CB2 1AB,1130000
4 Bedroom Cottage Chelmsford,36 Springfield Road,Chelmsford,CM1 4AB,1325000
2 Bedroom House Norwich,82 Springfield Road,Norwich,NR7 8AB,1295000
6 Bedroom Apartment London,189 Victoria Road,London,E3 3AB,480000
5 Bedroom House Cambridge,284 Victoria Road,Cambridge,CB3 4AB,800000
2 Bedroom House Cambridge,151 Church Road,Cambridge,CB8 5AB,955000
4 Bedroom Apartment Chelmsford,22 London Road,Chelmsford,CM1 3AB,435000
3 Bedroom Apartment London,156 London Road,London,E1 3AB,610000
5 Bedroom Cottage Colchester,202 London Road,Colchester,CO8 4AB,695000
4 Bedroom Bungalow Colchester,47 Queen Street,Colchester,CO5 9AB,500000
2 Bedroom Apartment Colchester,196 Church Road,Colchester,CO9 9AB,385000
4 Bedroom Bungalow Colchester,249 Queen Street,Colchester,CO5 5AB,255000
1 Bedroom Cottage Ipswich,98 High Street,Ipswich,IP8 2AB,280000
1 Bedroom Cottage Ipswich,41 Mill Lane,Ipswich,IP1 3AB,1200000
1 Bedroom House Ipswich,194 London Road,Ipswich,IP4 5AB,850000
4 Bedroom Bungalow Ipswich,269 Victoria Road,Ipswich,IP9 1AB,375000
1 Bedroom Cottage London,116 High Street,London,E3 1AB,160000
1 Bedroom Cottage Cambridge,50 London Road,Cambridge,CB3 2AB,450000
4 Bedroom Cottage Colchester,205 Park Road,Colchester,CO7 9AB,485000
6 Bedroom Cottage London,63 Station Road,London,E8 7AB,1400000
4 Bedroom Apartment Cambridge,196 Victoria Road,Cambridge,CB8 6AB,175000
3 Bedroom Apartment Norwich,2 King Street,Norwich,NR2 5AB,1235000
1 Bedroom House Norwich,98 High Street,Norwich,NR3 1AB,260000
4 Bedroom House Ipswich,274 London Road,Ipswich,IP5 1AB,790000
3 Bedroom Cottage London,177 London Road,London,E1 8AB,1075000
1 Bedroom Bungalow Cambridge,7 Park Road,Cambridge,CB7 1AB,490000
6 Bedroom Bungalow London,268 High Street,London,E1 5AB,1045000
6 Bedroom Cottage Cambridge,267 High Street,Cambridge,CB5 7AB,1010000
5 Bedroom House Colchester,274 Park Road,Colchester,CO2 1AB,1100000
4 Bedroom House London,177 King Street,London,E9 8AB,1385000
4 Bedroom Cottage Norwich,253 Queen Street,Norwich,NR8 6AB,410000
4 Bedroom Cottage London,72 Station Road,London,E7 7AB,1400000
4 Bedroom House London,32 Park Road,London,E5 2AB,210000
6 Bedroom Cottage Chelmsford,293 Park Road,Chelmsford,CM3 2AB,365000
2 Bedroom Bungalow Colchester,79 London Road,Colchester,CO7 9AB,1445000
5 Bedroom Cottage Chelmsford,37 Church Road,Chelmsford,CM1 8AB,1110000
4 Bedroom Bungalow Colchester,128 Church Road,Colchester,CO8 4AB,1375000
2 Bedroom House Norwich,198 Victoria Road,Norwich,NR7 2AB,565000
2 Bedroom Cottage Norwich,203 Springfield Road,Norwich,NR4 9AB,630000
5 Bedroom Bungalow Ipswich,114 Park Road,Ipswich,IP9 8AB,720000
1 Bedroom Bungalow Norwich,78 Springfield Road,Norwich,NR5 8AB,1220000
3 Bedroom House Norwich,96 Queen Street,Norwich,NR8 1AB,880000
6 Bedroom Cottage Norwich,249 Park Road,Norwich,NR2 4AB,1055000
1 Bedroom Bungalow Norwich,175 Park Road,Norwich,NR8 1AB,770000
4 Bedroom Apartment Cambridge,99 King Street,Cambridge,CB6 9AB,1075000
5 Bedroom Apartment Colchester,116 High Street,Colchester,CO9 1AB,1185000
4 Bedroom Cottage Chelmsford,92 Station Road,Chelmsford,CM1 8AB,1415000
6 Bedroom House Colchester,64 Victoria Road,Colchester,CO6 6AB,335000
5 Bedroom Bungalow Colchester,18 Queen Street,Colchester,CO4 5AB,195000
2 Bedroom Bungalow Norwich,189 Station Road,Norwich,NR5 3AB,895000
5 Bedroom Bungalow Norwich,135 High Street,Norwich,NR1 1AB,1145000
4 Bedroom Apartment Chelmsford,181 High Street,Chelmsford,CM7 5AB,350000
5 Bedroom House London,83 Church Road,London,E8 1AB,890000
4 Bedroom Bungalow London,79 Victoria Road,London,E2 1AB,1120000
5 Bedroom House Cambridge,63 Station Road,Cambridge,CB2 5AB,790000
1 Bedroom Cottage London,12 Park Road,London,E3 2AB,1450000
6 Bedroom Apartment Ipswich,52 Church Road,Ipswich,IP8 8AB,155000
5 Bedroom Apartment Chelmsford,289 Springfield Road,Chelmsford,CM7 7AB,310000
1 Bedroom Bungalow Norwich,69 Mill Lane,Norwich,NR3 8AB,260000
4 Bedroom Cottage Norwich,141 Mill Lane,Norwich,NR8 6AB,560000
1 Bedroom Cottage Norwich,163 Park Road,Norwich,NR9 1AB,500000
6 Bedroom Bungalow Norwich,126 Mill Lane,Norwich,NR6 1AB,1045000
6 Bedroom Bungalow Cambridge,149 Queen Street,Cambridge,CB2 7AB,1030000
2 Bedroom Apartment London,116 Springfield Road,London,E7 1AB,1030000
6 Bedroom Bungalow Cambridge,245 Mill Lane,Cambridge,CB6 1AB,1375000
4 Bedroom Apartment Norwich,140 Station Road,Norwich,NR7 7AB,260000
2 Bedroom Apartment Cambridge,250 King Street,Cambridge,CB1 5AB,665000
1 Bedroom House Cambridge,93 Station Road,Cambridge,CB7 1AB,1470000
1 Bedroom Cottage Norwich,77 Mill Lane,Norwich,NR9 2AB,915000
3 Bedroom Bungalow Colchester,141 Victoria Road,Colchester,CO8 9AB,585000
2 Bedroom House Cambridge,286 Victoria Road,Cambridge,CB3 3AB,850000
6 Bedroom House Chelmsford,223 Station Road,Chelmsford,CM7 3AB,910000
3 Bedroom Bungalow London,226 London Road,London,E7 3AB,970000
4 Bedroom Bungalow Cambridge,8 Park Road,Cambridge,CB4 3AB,1440000
1 Bedroom Cottage Colchester,143 Queen Street,Colchester,CO2 8AB,795000
2 Bedroom House London,72 Springfield Road,London,E1 2AB,1270000
3 Bedroom Bungalow Colchester,16 Mill Lane,Colchester,CO3 5AB,750000
2 Bedroom House London,259 Victoria Road,London,E4 4AB,310000
1 Bedroom Apartment Norwich,156 Queen Street,Norwich,NR2 2AB,700000
3 Bedroom Apartment Cambridge,298 King Street,Cambridge,CB7 9AB,885000
3 Bedroom House London,22 Church Road,London,E7 1AB,415000
3 Bedroom Bungalow Ipswich,90 Church Road,Ipswich,IP6 2AB,235000
5 Bedroom House Chelmsford,186 Station Road,Chelmsford,CM5 2AB,695000
4 Bedroom Bungalow London,75 Church Road,London,E4 1AB,850000
3 Bedroom Bungalow London,143 King Street,London,E2 9AB,1305000
4 Bedroom Cottage Chelmsford,147 Victoria Road,Chelmsford,CM3 1AB,1490000
6 Bedroom Apartment London,4 High Street,London,E6 2AB,1385000
1 Bedroom Cottage Ipswich,229 Park Road,Ipswich,IP6 3AB,1025000
6 Bedroom Bungalow Cambridge,254 Springfield Road,Cambridge,CB8 6AB,930000
6 Bedroom Bungalow London,139 Station Road,London,E8 7AB,730000
1 Bedroom House Colchester,196 Springfield Road,Colchester,CO3 8AB,185000
4 Bedroom Apartment Colchester,244 Queen Street,Colchester,CO8 5AB,185000
2 Bedroom Cottage Colchester,45 High Street,Colchester,CO6 5AB,975000
6 Bedroom Bungalow Ipswich,91 Station Road,Ipswich,IP1 9AB,1200000
2 Bedroom Apartment London,266 Mill Lane,London,E9 6AB,1310000
1 Bedroom House Colchester,189 Church Road,Colchester,CO8 4AB,725000
6 Bedroom House Ipswich,298 Springfield Road,Ipswich,IP2 9AB,780000
6 Bedroom House Ipswich,274 Queen Street,Ipswich,IP1 9AB,720000
2 Bedroom Cottage Chelmsford,100 Springfield Road,Chelmsford,CM4 6AB,525000
6 Bedroom Cottage Chelmsford,172 London Road,Chelmsford,CM2 2AB,810000
4 Bedroom Bungalow Colchester,83 Mill Lane,Colchester,CO2 9AB,645000
3 Bedroom Bungalow Norwich,141 Park Road,Norwich,NR5 9AB,1480000
1 Bedroom House London,51 Springfield Road,London,E9 8AB,1315000
1 Bedroom Cottage Chelmsford,131 Park Road,Chelmsford,CM8 5AB,835000
3 Bedroom House London,64 London Road,London,E7 1AB,590000
1 Bedroom Bungalow Cambridge,48 King Street,Cambridge,CB6 1AB,1100000
3 Bedroom Bungalow Cambridge,245 Springfield Road,Cambridge,CB7 7AB,350000
2 Bedroom Apartment Ipswich,73 Springfield Road,Ipswich,IP9 6AB,1120000
5 Bedroom Cottage Colchester,237 High Street,Colchester,CO8 8AB,1035000
5 Bedroom House Norwich,92 Queen Street,Norwich,NR3 3AB,360000
1 Bedroom House London,116 Springfield Road,London,E8 7AB,450000
3 Bedroom Apartment Ipswich,128 King Street,Ipswich,IP7 9AB,475000
4 Bedroom Bungalow Cambridge,65 Mill Lane,Cambridge,CB3 8AB,1230000
1 Bedroom Cottage Chelmsford,17 Church Road,Chelmsford,CM3 2AB,1350000
3 Bedroom Cottage Colchester,87 Station Road,Colchester,CO6 6AB,1150000
1 Bedroom Apartment London,17 Station Road,London,E3 7AB,1260000
5 Bedroom House Colchester,163 Victoria Road,Colchester,CO4 4AB,1185000
3 Bedroom Apartment Chelmsford,300 Station Road,Chelmsford,CM7 5AB,570000
3 Bedroom Bungalow Chelmsford,249 London Road,Chelmsford,CM1 6AB,1095000
1 Bedroom House Chelmsford,125 Church Road,Chelmsford,CM3 2AB,760000
6 Bedroom House London,299 Mill Lane,London,E7 4AB,695000
6 Bedroom Apartment Norwich,88 High Street,Norwich,NR5 5AB,960000
4 Bedroom Bungalow Ipswich,110 Victoria Road,Ipswich,IP4 2AB,1280000
5 Bedroom Cottage Norwich,18 London Road,Norwich,NR6 9AB,1270000
6 Bedroom Cottage Colchester,56 Park Road,Colchester,CO6 5AB,350000
2 Bedroom Cottage Norwich,300 Mill Lane,Norwich,NR4 2AB,645000
3 Bedroom Cottage Ipswich,101 Station Road,Ipswich,IP5 8AB,1300000
4 Bedroom House Chelmsford,291 Park Road,Chelmsford,CM1 1AB,1265000
1 Bedroom Bungalow London,67 Mill Lane,London,E7 2AB,285000
6 Bedroom Apartment London,152 Station Road,London,E3 5AB,680000
5 Bedroom Bungalow London,284 Mill Lane,London,E5 2AB,535000
2 Bedroom Apartment Colchester,215 Victoria Road,Colchester,CO6 1AB,685000
5 Bedroom Bungalow Norwich,237 Church Road,Norwich,NR4 5AB,1145000
2 Bedroom Cottage Ipswich,44 Springfield Road,Ipswich,IP2 8AB,1490000
2 Bedroom Apartment Ipswich,131 High Street,Ipswich,IP7 6AB,640000
2 Bedroom Bungalow Chelmsford,32 London Road,Chelmsford,CM8 3AB,1255000
2 Bedroom Apartment Colchester,177 Church Road,Colchester,CO1 9AB,1180000
6 Bedroom Bungalow Norwich,55 King Street,Norwich,NR4 7AB,1340000
5 Bedroom Apartment Colchester,130 King Street,Colchester,CO1 7AB,880000
6 Bedroom Apartment London,82 Park Road,London,E5 7AB,970000
5 Bedroom Apartment Colchester,286 Mill Lane,Colchester,CO7 1AB,1445000
2 Bedroom Apartment Norwich,272 Mill Lane,Norwich,NR4 8AB,340000
2 Bedroom House Chelmsford,129 London Road,Chelmsford,CM7 8AB,510000
4 Bedroom Cottage Ipswich,53 High Street,Ipswich,IP9 7AB,1420000
6 Bedroom House Colchester,27 Mill Lane,Colchester,CO9 3AB,925000
5 Bedroom Apartment Colchester,214 High Street,Colchester,CO9 7AB,830000
3 Bedroom Apartment Ipswich,21 King Street,Ipswich,IP6 2AB,460000
5 Bedroom Bungalow Cambridge,125 Church Road,Cambridge,CB7 8AB,685000
6 Bedroom Apartment Colchester,48 Station Road,Colchester,CO7 7AB,300000
3 Bedroom Bungalow Chelmsford,114 High Street,Chelmsford,CM6 8AB,325000
6 Bedroom Cottage Chelmsford,245 Park Road,Chelmsford,CM6 7AB,1250000
4 Bedroom House London,169 High Street,London,E3 8AB,725000
2 Bedroom House Colchester,162 Mill Lane,Colchester,CO8 2AB,790000
6 Bedroom Cottage London,69 King Street,London,E9 5AB,1125000
6 Bedroom Apartment Ipswich,214 Queen Street,Ipswich,IP9 1AB,465000
6 Bedroom House London,7 Mill Lane,London,E3 5AB,1440000
1 Bedroom Apartment Colchester,291 London Road,Colchester,CO7 1AB,195000
4 Bedroom Apartment Ipswich,122 London Road,Ipswich,IP5 3AB,520000
5 Bedroom Bungalow Cambridge,277 Station Road,Cambridge,CB5 7AB,780000
5 Bedroom Bungalow Cambridge,255 Mill Lane,Cambridge,CB6 4AB,470000
4 Bedroom House Colchester,117 Queen Street,Colchester,CO2 7AB,745000
4 Bedroom Apartment Cambridge,173 Park Road,Cambridge,CB8 7AB,340000
2 Bedroom Bungalow London,186 High Street,London,E9 6AB,1370000
5 Bedroom Bungalow Colchester,63 Park Road,Colchester,CO4 4AB,1050000
1 Bedroom Apartment Norwich,95 Springfield Road,Norwich,NR3 2AB,955000
5 Bedroom House Colchester,241 King Street,Colchester,CO5 1AB,1355000
2 Bedroom Bungalow Norwich,26 Church Road,Norwich,NR5 8AB,1095000
2 Bedroom House Cambridge,258 Park Road,Cambridge,CB4 2AB,360000
4 Bedroom Cottage Norwich,141 Queen Street,Norwich,NR9 5AB,1330000
4 Bedroom House Ipswich,177 High Street,Ipswich,IP7 9AB,555000
1 Bedroom House Chelmsford,110 Station Road,Chelmsford,CM6 7AB,205000
6 Bedroom Bungalow Cambridge,184 Queen Street,Cambridge,CB7 6AB,970000
5 Bedroom Apartment Cambridge,173 Church Road,Cambridge,CB8 1AB,990000
4 Bedroom Bungalow Ipswich,139 Queen Street,Ipswich,IP4 6AB,505000
3 Bedroom House London,137 Queen Street,London,E5 7AB,615000
2 Bedroom Bungalow London,49 London Road,London,E2 1AB,1365000
5 Bedroom House London,292 London Road,London,E9 6AB,1225000
2 Bedroom Bungalow Ipswich,95 London Road,Ipswich,IP9 5AB,1110000
4 Bedroom Bungalow Norwich,255 Mill Lane,Norwich,NR6 2AB,720000
2 Bedroom Apartment Colchester,24 Queen Street,Colchester,CO1 7AB,380000
3 Bedroom Cottage Cambridge,124 Station Road,Cambridge,CB4 3AB,410000
2 Bedroom Apartment Colchester,276 Station Road,Colchester,CO7 5AB,945000
4 Bedroom Bungalow Ipswich,267 London Road,Ipswich,IP2 3AB,1145000
5 Bedroom House London,276 Victoria Road,London,E3 1AB,1445000
3 Bedroom Apartment Colchester,95 Church Road,Colchester,CO7 6AB,1110000
5 Bedroom Apartment Norwich,92 Church Road,Norwich,NR8 6AB,315000
3 Bedroom Cottage London,289 Station Road,London,E1 4AB,450000
1 Bedroom Apartment Cambridge,108 Victoria Road,Cambridge,CB5 5AB,1465000
4 Bedroom Cottage Colchester,31 High Street,Colchester,CO1 5AB,700000
5 Bedroom Apartment London,275 Victoria Road,London,E2 4AB,800000
1 Bedroom House Cambridge,184 Queen Street,Cambridge,CB1 6AB,415000
5 Bedroom Apartment Cambridge,133 Station Road,Cambridge,CB2 4AB,520000
6 Bedroom House Cambridge,224 Queen Street,Cambridge,CB6 2AB,555000
2 Bedroom Apartment Colchester,24 Park Road,Colchester,CO2 2AB,625000
5 Bedroom House Chelmsford,124 Church Road,Chelmsford,CM5 6AB,955000
2 Bedroom Bungalow Norwich,43 Station Road,Norwich,NR4 1AB,835000
3 Bedroom Bungalow Cambridge,253 Springfield Road,Cambridge,CB4 4AB,1360000
2 Bedroom Bungalow London,63 High Street,London,E3 7AB,815000
1 Bedroom Bungalow London,209 Queen Street,London,E1 8AB,830000
5 Bedroom Bungalow Ipswich,232 Station Road,Ipswich,IP4 1AB,325000
1 Bedroom Cottage Ipswich,20 Queen Street,Ipswich,IP4 9AB,1385000
6 Bedroom Cottage Ipswich,11 Springfield Road,Ipswich,IP6 6AB,1415000
5 Bedroom House Cambridge,187 High Street,Cambridge,CB6 2AB,505000
1 Bedroom Apartment Norwich,17 London Road,Norwich,NR9 3AB,585000
2 Bedroom Cottage Colchester,104 London Road,Colchester,CO1 4AB,430000
6 Bedroom Bungalow Cambridge,234 King Street,Cambridge,CB4 7AB,305000
2 Bedroom Cottage Colchester,8 Station Road,Colchester,CO9 3AB,745000
6 Bedroom House Norwich,20 Park Road,Norwich,NR2 5AB,315000
5 Bedroom Cottage Colchester,130 King Street,Colchester,CO5 3AB,865000
3 Bedroom Apartment Ipswich,225 Park Road,Ipswich,IP1 3AB,1135000
1 Bedroom Apartment London,226 Station Road,London,E4 5AB,580000
5 Bedroom Apartment Cambridge,269 Church Road,Cambridge,CB1 5AB,490000
3 Bedroom Apartment Ipswich,15 Springfield Road,Ipswich,IP1 1AB,210000
4 Bedroom Bungalow Cambridge,107 Church Road,Cambridge,CB6 1AB,940000
5 Bedroom Bungalow Ipswich,278 Victoria Road,Ipswich,IP1 3AB,415000
6 Bedroom House Chelmsford,4 London Road,Chelmsford,CM4 3AB,185000
5 Bedroom House Norwich,202 Mill Lane,Norwich,NR9 8AB,1390000
6 Bedroom Cottage Cambridge,112 Station Road,Cambridge,CB4 6AB,680000
3 Bedroom Apartment London,284 Mill Lane,London,E9 3AB,1220000
1 Bedroom Cottage Cambridge,102 King Street,Cambridge,CB4 1AB,510000
5 Bedroom Apartment London,142 High Street,London,E2 4AB,585000
2 Bedroom Bungalow Ipswich,36 London Road,Ipswich,IP3 3AB,735000
1 Bedroom Apartment Ipswich,165 Mill Lane,Ipswich,IP4 3AB,850000
5 Bedroom Bungalow London,33 London Road,London,E9 4AB,655000
5 Bedroom House Chelmsford,197 Springfield Road,Chelmsford,CM8 3AB,880000
6 Bedroom House Colchester,277 Mill Lane,Colchester,CO4 9AB,920000
1 Bedroom Cottage Norwich,53 Springfield Road,Norwich,NR4 8AB,655000
5 Bedroom House Chelmsford,264 Springfield Road,Chelmsford,CM2 4AB,845000
4 Bedroom Bungalow Ipswich,246 London Road,Ipswich,IP6 8AB,155000
5 Bedroom Cottage Colchester,295 Queen Street,Colchester,CO4 2AB,1265000
2 Bedroom House Ipswich,161 King Street,Ipswich,IP4 3AB,295000
3 Bedroom Apartment Norwich,12 Mill Lane,Norwich,NR1 2AB,1125000
1 Bedroom Bungalow Chelmsford,231 Station Road,Chelmsford,CM7 5AB,890000
5 Bedroom Cottage Cambridge,279 London Road,Cambridge,CB2 3AB,310000
1 Bedroom House London,278 Station Road,London,E5 1AB,565000
4 Bedroom Bungalow Norwich,194 Queen Street,Norwich,NR3 3AB,285000
5 Bedroom Cottage Colchester,269 Church Road,Colchester,CO4 2AB,1170000
5 Bedroom House Chelmsford,213 Church Road,Chelmsford,CM7 2AB,1410000
6 Bedroom Cottage Ipswich,187 Queen Street,Ipswich,IP1 9AB,1095000
4 Bedroom Cottage Chelmsford,26 High Street,Chelmsford,CM1 8AB,155000
1 Bedroom Apartment Norwich,231 High Street,Norwich,NR2 6AB,780000
2 Bedroom Apartment Norwich,223 Church Road,Norwich,NR7 4AB,845000
6 Bedroom Apartment Ipswich,63 High Street,Ipswich,IP2 1AB,1330000
1 Bedroom House London,49 King Street,London,E3 8AB,935000
3 Bedroom Bungalow Colchester,205 Mill Lane,Colchester,CO8 3AB,1075000
2 Bedroom Bungalow Ipswich,256 Church Road,Ipswich,IP9 9AB,345000
1 Bedroom Bungalow Norwich,143 Queen Street,Norwich,NR6 2AB,245000
2 Bedroom Apartment Ipswich,129 Park Road,Ipswich,IP7 2AB,185000
5 Bedroom House Chelmsford,255 Queen Street,Chelmsford,CM6 6AB,1245000
3 Bedroom Apartment Ipswich,149 London Road,Ipswich,IP1 5AB,315000
1 Bedroom House Norwich,94 Mill Lane,Norwich,NR5 5AB,885000
6 Bedroom House Norwich,12 Springfield Road,Norwich,NR2 2AB,530000
4 Bedroom Bungalow Ipswich,123 Springfield Road,Ipswich,IP3 1AB,1365000
4 Bedroom Bungalow Cambridge,167 Queen Street,Cambridge,CB1 1AB,1085000
2 Bedroom House Ipswich,165 King Street,Ipswich,IP7 6AB,610000
1 Bedroom Apartment Chelmsford,200 High Street,Chelmsford,CM3 6AB,420000
4 Bedroom House Cambridge,119 Station Road,Cambridge,CB1 8AB,1015000
4 Bedroom Bungalow Cambridge,157 London Road,Cambridge,CB4 3AB,1065000
6 Bedroom Cottage London,89 Station Road,London,E9 2AB,225000
6 Bedroom Cottage Norwich,239 Park Road,Norwich,NR4 1AB,540000
3 Bedroom House Colchester,160 Mill Lane,Colchester,CO6 1AB,1060000
4 Bedroom House Chelmsford,255 Park Road,Chelmsford,CM9 7AB,1415000
6 Bedroom Bungalow Cambridge,46 Park Road,Cambridge,CB5 1AB,1390000
1 Bedroom House London,193 Springfield Road,London,E5 7AB,355000
4 Bedroom House Colchester,98 High Street,Colchester,CO8 8AB,1360000
6 Bedroom Cottage Colchester,21 King Street,Colchester,CO6 6AB,840000
6 Bedroom Bungalow Colchester,98 Queen Street,Colchester,CO9 1AB,220000
1 Bedroom Apartment Chelmsford,129 Park Road,Chelmsford,CM1 1AB,205000
2 Bedroom Cottage Chelmsford,233 Victoria Road,Chelmsford,CM5 3AB,1000000
3 Bedroom Bungalow Cambridge,29 Springfield Road,Cambridge,CB2 7AB,1245000
2 Bedroom Cottage Colchester,43 Queen Street,Colchester,CO3 2AB,760000
1 Bedroom Apartment Chelmsford,112 Queen Street,Chelmsford,CM2 3AB,195000
4 Bedroom Bungalow Chelmsford,20 Station Road,Chelmsford,CM3 6AB,640000
3 Bedroom House Ipswich,266 High Street,Ipswich,IP9 4AB,275000
5 Bedroom Bungalow Cambridge,129 Park Road,Cambridge,CB3 6AB,1010000
6 Bedroom Apartment Ipswich,120 Springfield Road,Ipswich,IP3 8AB,1105000
3 Bedroom Apartment Colchester,112 Mill Lane,Colchester,CO8 6AB,1150000
5 Bedroom Apartment London,270 Springfield Road,London,E8 3AB,655000
3 Bedroom Bungalow Ipswich,240 King Street,Ipswich,IP5 1AB,1175000
3 Bedroom Bungalow Chelmsford,185 King Street,Chelmsford,CM7 8AB,520000
3 Bedroom Apartment Chelmsford,19 Springfield Road,Chelmsford,CM1 9AB,355000
5 Bedroom Bungalow Chelmsford,53 London Road,Chelmsford,CM3 3AB,1225000
6 Bedroom House Cambridge,60 Victoria Road,Cambridge,CB3 8AB,1465000
6 Bedroom Cottage London,24 Station Road,London,E8 8AB,740000
6 Bedroom Cottage Ipswich,123 Mill Lane,Ipswich,IP1 6AB,240000
2 Bedroom House Colchester,143 Victoria Road,Colchester,CO5 9AB,1350000
2 Bedroom Bungalow Chelmsford,109 High Street,Chelmsford,CM8 7AB,385000
4 Bedroom Apartment London,265 King Street,London,E9 7AB,340000
5 Bedroom Bungalow Colchester,126 King Street,Colchester,CO3 1AB,200000
2 Bedroom Cottage Norwich,293 Springfield Road,Norwich,NR4 6AB,680000
1 Bedroom Bungalow Colchester,300 Church Road,Colchester,CO1 2AB,460000
4 Bedroom Bungalow Colchester,19 King Street,Colchester,CO2 5AB,770000
3 Bedroom Apartment Chelmsford,265 Victoria Road,Chelmsford,CM9 2AB,910000
3 Bedroom House Cambridge,57 Mill Lane,Cambridge,CB9 1AB,775000
5 Bedroom House Chelmsford,94 Park Road,Chelmsford,CM9 9AB,1110000
4 Bedroom Apartment Norwich,68 Queen Street,Norwich,NR7 1AB,1225000
1 Bedroom Bungalow Colchester,119 London Road,Colchester,CO3 1AB,940000
4 Bedroom Bungalow London,60 Springfield Road,London,E3 8AB,1370000
3 Bedroom Cottage Ipswich,250 Park Road,Ipswich,IP1 2AB,1250000
4 Bedroom Apartment Ipswich,113 High Street,Ipswich,IP8 1AB,1380000
6 Bedroom Bungalow Cambridge,154 London Road,Cambridge,CB4 7AB,760000
6 Bedroom Bungalow Ipswich,105 Park Road,Ipswich,IP2 4AB,1455000
5 Bedroom Cottage Chelmsford,169 Mill Lane,Chelmsford,CM5 4AB,1115000
4 Bedroom Apartment London,270 Victoria Road,London,E2 1AB,1130000
5 Bedroom Apartment Norwich,234 Station Road,Norwich,NR6 1AB,790000
4 Bedroom House Chelmsford,84 Park Road,Chelmsford,CM9 3AB,965000
3 Bedroom Cottage Ipswich,119 King Street,Ipswich,IP6 2AB,800000
1 Bedroom Bungalow Ipswich,7 Queen Street,Ipswich,IP9 3AB,315000
1 Bedroom Bungalow Cambridge,114 Mill Lane,Cambridge,CB9 7AB,1400000
3 Bedroom Apartment Norwich,266 Church Road,Norwich,NR7 2AB,490000
4 Bedroom Bungalow Ipswich,214 Queen Street,Ipswich,IP4 5AB,600000
4 Bedroom Apartment Cambridge,3 Church Road,Cambridge,CB5 1AB,1450000
3 Bedroom Bungalow London,42 High Street,London,E1 4AB,320000
6 Bedroom Apartment Chelmsford,266 High Street,Chelmsford,CM8 3AB,1025000
5 Bedroom Bungalow Chelmsford,144 London Road,Chelmsford,CM2 8AB,795000
1 Bedroom Apartment Colchester,89 High Street,Colchester,CO6 7AB,320000
4 Bedroom House Chelmsford,147 Park Road,Chelmsford,CM7 1AB,705000
1 Bedroom Apartment Chelmsford,280 Station Road,Chelmsford,CM8 3AB,1220000
2 Bedroom House Cambridge,217 Mill Lane,Cambridge,CB2 7AB,865000
4 Bedroom House Chelmsford,220 London Road,Chelmsford,CM2 8AB,650000
4 Bedroom Cottage Norwich,291 Victoria Road,Norwich,NR4 2AB,1465000
6 Bedroom Apartment London,96 Station Road,London,E6 2AB,660000
2 Bedroom Cottage Ipswich,222 High Street,Ipswich,IP2 5AB,615000
1 Bedroom Apartment Colchester,256 Queen Street,Colchester,CO7 6AB,260000
4 Bedroom Apartment Colchester,230 Victoria Road,Colchester,CO6 8AB,895000
5 Bedroom House Cambridge,224 King Street,Cambridge,CB1 1AB,880000
3 Bedroom Cottage Cambridge,104 London Road,Cambridge,CB9 3AB,1250000
2 Bedroom Apartment Ipswich,1 Station Road,Ipswich,IP5 6AB,265000
4 Bedroom Apartment Colchester,51 Park Road,Colchester,CO8 7AB,280000
2 Bedroom Bungalow London,46 Church Road,London,E2 5AB,785000
5 Bedroom House Chelmsford,9 London Road,Chelmsford,CM2 9AB,1050000
5 Bedroom Apartment Norwich,105 Church Road,Norwich,NR9 1AB,425000
4 Bedroom House Chelmsford,18 Victoria Road,Chelmsford,CM7 5AB,1420000
3 Bedroom Apartment Chelmsford,231 Church Road,Chelmsford,CM5 8AB,1380000
4 Bedroom Cottage Chelmsford,295 London Road,Chelmsford,CM5 3AB,440000
2 Bedroom Bungalow Ipswich,93 Church Road,Ipswich,IP2 9AB,175000
4 Bedroom Apartment Colchester,278 Queen Street,Colchester,CO7 7AB,865000
5 Bedroom Apartment Ipswich,244 High Street,Ipswich,IP5 1AB,605000
6 Bedroom Apartment Chelmsford,44 King Street,Chelmsford,CM7 6AB,1045000
1 Bedroom Bungalow Colchester,37 King Street,Colchester,CO3 8AB,880000
5 Bedroom Cottage Colchester,128 King Street,Colchester,CO5 2AB,340000
6 Bedroom Cottage Colchester,113 King Street,Colchester,CO7 5AB,395000
5 Bedroom Apartment Colchester,104 Victoria Road,Colchester,CO1 7AB,240000
5 Bedroom Bungalow Ipswich,285 Church Road,Ipswich,IP1 7AB,580000
6 Bedroom Apartment Cambridge,177 Victoria Road,Cambridge,CB1 4AB,1420000
2 Bedroom Cottage Colchester,147 Springfield Road,Colchester,CO3 7AB,875000
6 Bedroom House Ipswich,281 High Street,Ipswich,IP6 9AB,255000
3 Bedroom Bungalow Colchester,37 London Road,Colchester,CO7 7AB,220000
2 Bedroom Bungalow Chelmsford,123 London Road,Chelmsford,CM9 5AB,1360000
2 Bedroom Cottage Chelmsford,255 Queen Street,Chelmsford,CM9 7AB,345000
3 Bedroom Cottage Cambridge,53 High Street,Cambridge,CB8 6AB,775000
6 Bedroom House Ipswich,237 Queen Street,Ipswich,IP2 7AB,555000
3 Bedroom Bungalow Norwich,154 Church Road,Norwich,NR7 7AB,320000
1 Bedroom House Ipswich,234 Queen Street,Ipswich,IP8 1AB,150000
2 Bedroom Apartment Norwich,259 Springfield Road,Norwich,NR7 5AB,350000
5 Bedroom House Chelmsford,108 Park Road,Chelmsford,CM3 7AB,1130000
4 Bedroom Bungalow Colchester,254 Springfield Road,Colchester,CO7 7AB,740000
4 Bedroom House Cambridge,6 Queen Street,Cambridge,CB1 8AB,310000
1 Bedroom Bungalow Chelmsford,160 King Street,Chelmsford,CM6 8AB,435000
3 Bedroom Apartment Cambridge,273 Church Road,Cambridge,CB1 6AB,920000
1 Bedroom House London,50 Victoria Road,London,E6 5AB,335000
2 Bedroom House Norwich,145 London Road,Norwich,NR2 4AB,840000
2 Bedroom Bungalow Ipswich,91 King Street,Ipswich,IP8 5AB,685000
4 Bedroom Bungalow Ipswich,26 Victoria Road,Ipswich,IP3 3AB,1290000
6 Bedroom Bungalow Chelmsford,120 King Street,Chelmsford,CM1 8AB,330000
5 Bedroom House Cambridge,193 Victoria Road,Cambridge,CB3 8AB,600000
6 Bedroom Apartment Ipswich,76 London Road,Ipswich,IP2 6AB,1185000
3 Bedroom Cottage Colchester,148 London Road,Colchester,CO1 9AB,1065000
3 Bedroom Apartment London,24 Park Road,London,E6 2AB,895000
6 Bedroom House London,280 Church Road,London,E4 9AB,1480000
3 Bedroom House Ipswich,290 Springfield Road,Ipswich,IP4 6AB,360000
3 Bedroom Apartment Cambridge,206 London Road,Cambridge,CB4 6AB,180000
1 Bedroom House London,196 King Street,London,E3 8AB,930000
6 Bedroom House Chelmsford,262 Church Road,Chelmsford,CM8 4AB,390000
4 Bedroom Cottage Colchester,172 Mill Lane,Colchester,CO5 2AB,510000
6 Bedroom House Cambridge,205 Victoria Road,Cambridge,CB2 1AB,515000
2 Bedroom Apartment Chelmsford,60 Queen Street,Chelmsford,CM9 7AB,1460000
5 Bedroom House London,207 Church Road,London,E1 7AB,785000
1 Bedroom Bungalow London,283 Church Road,London,E7 1AB,165000
4 Bedroom Cottage Norwich,12 Mill Lane,Norwich,NR3 5AB,355000
3 Bedroom Bungalow Colchester,2 Victoria Road,Colchester,CO5 8AB,1070000
4 Bedroom House Ipswich,265 Church Road,Ipswich,IP7 1AB,1140000
5 Bedroom House Ipswich,124 Victoria Road,Ipswich,IP6 3AB,830000
3 Bedroom Cottage Colchester,22 Springfield Road,Colchester,CO2 5AB,395000
6 Bedroom Bungalow Chelmsford,66 Mill Lane,Chelmsford,CM2 7AB,440000
1 Bedroom Bungalow Colchester,150 Park Road,Colchester,CO1 8AB,180000
4 Bedroom Bungalow London,200 Queen Street,London,E2 2AB,535000
4 Bedroom House Norwich,121 London Road,Norwich,NR4 9AB,1110000
3 Bedroom Bungalow Chelmsford,76 Park Road,Chelmsford,CM6 7AB,1110000
2 Bedroom Cottage Cambridge,207 Victoria Road,Cambridge,CB3 7AB,1065000
6 Bedroom House Colchester,213 Station Road,Colchester,CO8 6AB,695000
6 Bedroom Cottage Cambridge,83 Station Road,Cambridge,CB1 6AB,900000
4 Bedroom Bungalow Colchester,197 Park Road,Colchester,CO8 6AB,575000
6 Bedroom House Norwich,260 Church Road,Norwich,NR5 8AB,1435000
1 Bedroom Apartment Cambridge,138 Queen Street,Cambridge,CB5 1AB,1485000
6 Bedroom Cottage Ipswich,267 Mill Lane,Ipswich,IP2 5AB,1005000
5 Bedroom Bungalow Norwich,77 King Street,Norwich,NR1 8AB,205000
3 Bedroom Cottage London,114 Park Road,London,E2 4AB,840000
4 Bedroom Bungalow Ipswich,77 King Street,Ipswich,IP4 3AB,715000
3 Bedroom Apartment Cambridge,230 Springfield Road,Cambridge,CB4 5AB,975000
5 Bedroom Bungalow Colchester,116 Station Road,Colchester,CO9 5AB,560000
1 Bedroom Apartment Cambridge,4 King Street,Cambridge,CB9 2AB,995000
3 Bedroom House Norwich,299 Church Road,Norwich,NR7 9AB,1350000
4 Bedroom House Cambridge,261 High Street,Cambridge,CB8 3AB,1450000
1 Bedroom House Norwich,64 London Road,Norwich,NR6 4AB,550000
2 Bedroom Cottage Ipswich,73 King Street,Ipswich,IP8 3AB,400000
4 Bedroom Cottage Chelmsford,233 Church Road,Chelmsford,CM7 4AB,625000
5 Bedroom Apartment London,1 King Street,London,E2 6AB,455000
3 Bedroom House Colchester,130 Church Road,Colchester,CO3 5AB,1295000
4 Bedroom Cottage Colchester,38 Mill Lane,Colchester,CO7 3AB,235000
4 Bedroom Bungalow Norwich,75 Queen Street,Norwich,NR9 7AB,430000
2 Bedroom Bungalow Norwich,179 Church Road,Norwich,NR9 6AB,1415000
6 Bedroom Bungalow Cambridge,14 London Road,Cambridge,CB8 9AB,435000
1 Bedroom Apartment London,19 Springfield Road,London,E4 8AB,905000
5 Bedroom Cottage Chelmsford,6 King Street,Chelmsford,CM9 9AB,1280000
2 Bedroom Bungalow London,208 Church Road,London,E4 6AB,690000
4 Bedroom Cottage Norwich,272 Mill Lane,Norwich,NR7 6AB,1215000
6 Bedroom Bungalow Chelmsford,93 Station Road,Chelmsford,CM2 2AB,1095000
5 Bedroom Bungalow Ipswich,195 Mill Lane,Ipswich,IP9 8AB,1265000
5 Bedroom Cottage Colchester,153 Church Road,Colchester,CO8 3AB,1160000
6 Bedroom Cottage Chelmsford,118 Mill Lane,Chelmsford,CM7 5AB,455000
5 Bedroom Apartment Norwich,128 Mill Lane,Norwich,NR2 3AB,1485000
1 Bedroom Apartment Norwich,154 Church Road,Norwich,NR7 9AB,170000
3 Bedroom Bungalow Cambridge,123 Church Road,Cambridge,CB2 4AB,1125000
6 Bedroom Cottage Cambridge,226 London Road,Cambridge,CB3 7AB,355000
3 Bedroom Apartment Norwich,115 Station Road,Norwich,NR6 3AB,480000
4 Bedroom House Colchester,4 Queen Street,Colchester,CO3 1AB,455000
6 Bedroom Apartment Ipswich,109 Springfield Road,Ipswich,IP4 5AB,1240000
2 Bedroom Apartment Cambridge,210 Church Road,Cambridge,CB1 1AB,1075000
4 Bedroom House Chelmsford,238 Queen Street,Chelmsford,CM2 1AB,505000
3 Bedroom Apartment Cambridge,119 Park Road,Cambridge,CB5 2AB,610000
1 Bedroom Apartment Norwich,151 Victoria Road,Norwich,NR1 6AB,1230000
2 Bedroom House Colchester,192 London Road,Colchester,CO7 8AB,825000
4 Bedroom Bungalow Norwich,10 Victoria Road,Norwich,NR4 6AB,970000
6 Bedroom House Cambridge,198 King Street,Cambridge,CB1 5AB,865000
1 Bedroom Bungalow Chelmsford,181 High Street,Chelmsford,CM7 5AB,555000
3 Bedroom Cottage Ipswich,173 Park Road,Ipswich,IP7 7AB,1200000
5 Bedroom Cottage Chelmsford,55 Queen Street,Chelmsford,CM3 3AB,1290000
4 Bedroom House Cambridge,157 London Road,Cambridge,CB8 6AB,750000
5 Bedroom Cottage Colchester,40 Church Road,Colchester,CO4 4AB,975000
6 Bedroom House Cambridge,251 Springfield Road,Cambridge,CB6 3AB,985000
6 Bedroom House Ipswich,37 Church Road,Ipswich,IP7 3AB,795000
3 Bedroom House Ipswich,33 Park Road,Ipswich,IP8 8AB,185000
1 Bedroom Apartment Colchester,106 Queen Street,Colchester,CO5 7AB,235000
1 Bedroom Cottage Norwich,275 Queen Street,Norwich,NR5 1AB,1260000
6 Bedroom House Cambridge,290 Victoria Road,Cambridge,CB4 3AB,1215000
5 Bedroom House Colchester,257 London Road,Colchester,CO3 9AB,1210000
3 Bedroom Apartment Chelmsford,23 Station Road,Chelmsford,CM1 5AB,1225000
3 Bedroom Cottage Norwich,201 Station Road,Norwich,NR1 6AB,270000
3 Bedroom Bungalow Ipswich,103 Queen Street,Ipswich,IP5 7AB,1015000
4 Bedroom House London,3 Park Road,London,E9 4AB,1410000
5 Bedroom Bungalow Cambridge,66 Park Road,Cambridge,CB4 1AB,345000
1 Bedroom House Norwich,161 Mill Lane,Norwich,NR4 8AB,1325000
1 Bedroom House Ipswich,127 King Street,Ipswich,IP8 3AB,950000
2 Bedroom Cottage London,149 Park Road,London,E7 1AB,385000
5 Bedroom Apartment Norwich,34 Victoria Road,Norwich,NR6 2AB,1040000
4 Bedroom Cottage Ipswich,294 Mill Lane,Ipswich,IP4 4AB,1140000
5 Bedroom Bungalow Ipswich,287 Church Road,Ipswich,IP5 3AB,1465000
1 Bedroom Bungalow Cambridge,276 Victoria Road,Cambridge,CB7 8AB,1270000
2 Bedroom Apartment Ipswich,12 High Street,Ipswich,IP3 1AB,1295000
2 Bedroom Cottage Chelmsford,170 King Street,Chelmsford,CM8 4AB,275000
4 Bedroom Bungalow Norwich,5 London Road,Norwich,NR5 8AB,520000
3 Bedroom Bungalow Cambridge,178 Church Road,Cambridge,CB9 6AB,150000
1 Bedroom Cottage Chelmsford,271 Church Road,Chelmsford,CM1 6AB,185000
2 Bedroom Bungalow Cambridge,300 Queen Street,Cambridge,CB9 9AB,680000
5 Bedroom House Cambridge,132 Station Road,Cambridge,CB4 3AB,315000
5 Bedroom Bungalow London,254 Queen Street,London,E3 8AB,1405000
5 Bedroom Apartment Norwich,161 London Road,Norwich,NR1 3AB,820000
4 Bedroom House London,268 Victoria Road,London,E7 4AB,1005000
3 Bedroom House Colchester,281 Queen Street,Colchester,CO3 9AB,1340000
2 Bedroom Apartment Colchester,242 Victoria Road,Colchester,CO1 4AB,1245000
6 Bedroom Bungalow Norwich,216 Victoria Road,Norwich,NR1 8AB,315000
4 Bedroom Cottage Colchester,246 London Road,Colchester,CO3 6AB,385000
3 Bedroom Apartment Ipswich,21 Springfield Road,Ipswich,IP3 3AB,1270000
1 Bedroom House London,142 High Street,London,E7 7AB,1045000
3 Bedroom Apartment Chelmsford,71 King Street,Chelmsford,CM8 6AB,875000
2 Bedroom House London,172 Victoria Road,London,E3 8AB,870000
5 Bedroom Bungalow Cambridge,166 King Street,Cambridge,CB1 3AB,620000
4 Bedroom House Ipswich,47 Queen Street,Ipswich,IP5 2AB,325000
4 Bedroom Cottage Ipswich,138 Victoria Road,Ipswich,IP7 5AB,1185000
6 Bedroom Bungalow London,297 Station Road,London,E2 1AB,275000
6 Bedroom House Norwich,216 Victoria Road,Norwich,NR7 2AB,460000
4 Bedroom Cottage Chelmsford,109 Springfield Road,Chelmsford,CM7 6AB,760000
3 Bedroom Bungalow Colchester,68 Victoria Road,Colchester,CO2 3AB,815000
6 Bedroom Bungalow Ipswich,251 Park Road,Ipswich,IP5 3AB,1365000
4 Bedroom Apartment London,70 Mill Lane,London,E4 8AB,905000
1 Bedroom Bungalow Norwich,16 King Street,Norwich,NR7 9AB,645000
5 Bedroom House London,11 Park Road,London,E1 2AB,775000
2 Bedroom Cottage Ipswich,247 London Road,Ipswich,IP2 5AB,675000
5 Bedroom Bungalow Colchester,211 Queen Street,Colchester,CO6 5AB,795000
5 Bedroom Bungalow Norwich,6 King Street,Norwich,NR5 2AB,665000
3 Bedroom Cottage Norwich,52 Mill Lane,Norwich,NR1 9AB,570000
4 Bedroom Cottage Cambridge,73 Station Road,Cambridge,CB9 4AB,620000
3 Bedroom Bungalow Colchester,233 Springfield Road,Colchester,CO8 9AB,1130000
5 Bedroom House Cambridge,173 Mill Lane,Cambridge,CB8 8AB,760000
1 Bedroom House Ipswich,29 Queen Street,Ipswich,IP8 2AB,1250000
6 Bedroom House Ipswich,174 Victoria Road,Ipswich,IP9 9AB,1005000
5 Bedroom Apartment Cambridge,66 Park Road,Cambridge,CB8 4AB,665000
1 Bedroom Cottage Cambridge,31 Queen Street,Cambridge,CB1 1AB,1055000
5 Bedroom House Chelmsford,154 Mill Lane,Chelmsford,CM4 7AB,1385000
2 Bedroom House Colchester,267 King Street,Colchester,CO7 6AB,655000
6 Bedroom House Cambridge,253 High Street,Cambridge,CB7 1AB,1290000
5 Bedroom Bungalow Chelmsford,194 High Street,Chelmsford,CM4 6AB,410000
4 Bedroom Cottage Ipswich,214 Springfield Road,Ipswich,IP5 9AB,1295000
6 Bedroom House London,9 Victoria Road,London,E4 6AB,315000
5 Bedroom Cottage London,241 Church Road,London,E8 8AB,455000
5 Bedroom Apartment Colchester,93 Victoria Road,Colchester,CO5 1AB,270000
6 Bedroom Cottage Chelmsford,269 King Street,Chelmsford,CM7 3AB,360000
6 Bedroom House Colchester,149 High Street,Colchester,CO2 9AB,170000
5 Bedroom House Cambridge,155 Queen Street,Cambridge,CB2 3AB,365000
1 Bedroom Bungalow Norwich,107 Victoria Road,Norwich,NR9 9AB,980000
6 Bedroom Bungalow Chelmsford,249 Park Road,Chelmsford,CM8 5AB,395000
2 Bedroom Bungalow Colchester,173 Church Road,Colchester,CO4 7AB,1160000
4 Bedroom House Colchester,283 King Street,Colchester,CO4 1AB,730000
3 Bedroom Cottage Norwich,139 High Street,Norwich,NR3 1AB,580000
1 Bedroom Cottage Cambridge,291 Park Road,Cambridge,CB7 4AB,270000
6 Bedroom Bungalow Cambridge,85 Church Road,Cambridge,CB5 2AB,255000
3 Bedroom Apartment Cambridge,274 Church Road,Cambridge,CB8 9AB,685000
2 Bedroom House Cambridge,226 Victoria Road,Cambridge,CB4 4AB,1320000
4 Bedroom Bungalow Ipswich,265 Church Road,Ipswich,IP2 7AB,760000
6 Bedroom Cottage Chelmsford,53 Mill Lane,Chelmsford,CM6 3AB,560000
6 Bedroom Bungalow Chelmsford,72 Victoria Road,Chelmsford,CM6 1AB,1355000
4 Bedroom House Ipswich,37 Springfield Road,Ipswich,IP1 2AB,1235000
2 Bedroom Cottage Norwich,136 Mill Lane,Norwich,NR5 2AB,1270000
4 Bedroom Apartment Cambridge,203 Mill Lane,Cambridge,CB5 2AB,360000
3 Bedroom House Chelmsford,266 Victoria Road,Chelmsford,CM8 7AB,1465000
3 Bedroom Cottage Ipswich,28 Queen Street,Ipswich,IP5 1AB,1000000
4 Bedroom Cottage Cambridge,16 London Road,Cambridge,CB5 2AB,620000
5 Bedroom Cottage Ipswich,153 London Road,Ipswich,IP9 6AB,1010000
4 Bedroom House Colchester,22 Church Road,Colchester,CO7 6AB,320000
4 Bedroom Apartment Cambridge,19 London Road,Cambridge,CB7 4AB,985000
6 Bedroom Bungalow Norwich,220 Mill Lane,Norwich,NR7 9AB,1090000
6 Bedroom Apartment Ipswich,282 Springfield Road,Ipswich,IP9 7AB,485000
3 Bedroom Apartment Cambridge,217 High Street,Cambridge,CB9 4AB,890000
2 Bedroom Apartment Colchester,260 Mill Lane,Colchester,CO7 6AB,910000
1 Bedroom Apartment Chelmsford,130 Victoria Road,Chelmsford,CM8 1AB,1380000
5 Bedroom House London,127 Park Road,London,E3 3AB,560000
2 Bedroom House Ipswich,270 High Street,Ipswich,IP5 7AB,1065000
1 Bedroom Bungalow London,8 Springfield Road,London,E8 7AB,1170000
6 Bedroom Bungalow Cambridge,197 Station Road,Cambridge,CB3 5AB,1210000
6 Bedroom Cottage Colchester,134 Victoria Road,Colchester,CO1 8AB,790000
2 Bedroom House London,188 Queen Street,London,E9 2AB,960000
1 Bedroom Apartment Cambridge,99 Park Road,Cambridge,CB7 6AB,220000
3 Bedroom Apartment Colchester,290 London Road,Colchester,CO6 2AB,1460000
1 Bedroom House Norwich,253 Church Road,Norwich,NR6 9AB,905000
1 Bedroom Bungalow Norwich,161 High Street,Norwich,NR4 9AB,490000
6 Bedroom Apartment Cambridge,192 Church Road,Cambridge,CB9 5AB,1220000
4 Bedroom House Colchester,158 High Street,Colchester,CO3 5AB,310000
4 Bedroom Bungalow Norwich,68 High Street,Norwich,NR8 8AB,295000
2 Bedroom House Cambridge,233 High Street,Cambridge,CB3 2AB,310000
1 Bedroom Bungalow Colchester,274 Mill Lane,Colchester,CO3 4AB,805000
3 Bedroom House Chelmsford,80 Springfield Road,Chelmsford,CM4 6AB,1495000
2 Bedroom Bungalow Colchester,41 Springfield Road,Colchester,CO6 8AB,375000
6 Bedroom Cottage Norwich,250 London Road,Norwich,NR9 6AB,1175000
4 Bedroom House Chelmsford,100 London Road,Chelmsford,CM9 9AB,860000
3 Bedroom Apartment Colchester,218 Victoria Road,Colchester,CO7 7AB,820000
3 Bedroom Cottage Chelmsford,192 High Street,Chelmsford,CM6 9AB,155000
2 Bedroom Bungalow Cambridge,108 Queen Street,Cambridge,CB6 6AB,985000
6 Bedroom House Norwich,274 High Street,Norwich,NR8 8AB,620000
3 Bedroom Apartment Norwich,114 Springfield Road,Norwich,NR4 2AB,1380000
6 Bedroom Cottage Cambridge,83 Springfield Road,Cambridge,CB7 1AB,680000
3 Bedroom Cottage Chelmsford,39 Springfield Road,Chelmsford,CM3 7AB,515000
6 Bedroom Cottage London,156 Church Road,London,E4 9AB,495000
6 Bedroom Bungalow Norwich,3 Park Road,Norwich,NR5 2AB,860000
3 Bedroom Cottage Colchester,296 Station Road,Colchester,CO5 6AB,1295000
6 Bedroom Apartment Ipswich,79 Queen Street,Ipswich,IP2 5AB,460000
3 Bedroom Cottage Chelmsford,230 Springfield Road,Chelmsford,CM5 1AB,890000
6 Bedroom House Ipswich,262 Park Road,Ipswich,IP4 3AB,1290000
6 Bedroom House Norwich,87 Church Road,Norwich,NR4 2AB,440000
4 Bedroom Apartment Colchester,97 Queen Street,Colchester,CO7 9AB,935000
6 Bedroom Cottage London,107 London Road,London,E6 1AB,490000
1 Bedroom Bungalow Ipswich,245 Victoria Road,Ipswich,IP5 9AB,1275000
5 Bedroom House Chelmsford,149 High Street,Chelmsford,CM8 7AB,845000
5 Bedroom Bungalow Norwich,199 King Street,Norwich,NR6 7AB,830000
5 Bedroom Apartment Colchester,228 High Street,Colchester,CO7 7AB,805000
5 Bedroom Bungalow Chelmsford,164 Mill Lane,Chelmsford,CM4 5AB,1135000
2 Bedroom House London,254 Park Road,London,E5 3AB,1150000
2 Bedroom House Cambridge,222 Victoria Road,Cambridge,CB3 6AB,410000
5 Bedroom Bungalow Cambridge,18 Springfield Road,Cambridge,CB5 4AB,230000
2 Bedroom Bungalow Colchester,84 High Street,Colchester,CO6 2AB,1055000
4 Bedroom Cottage Cambridge,226 Springfield Road,Cambridge,CB9 7AB,1030000
3 Bedroom House Cambridge,260 Park Road,Cambridge,CB8 1AB,230000
1 Bedroom House Norwich,78 Park Road,Norwich,NR6 1AB,710000
4 Bedroom Apartment London,288 King Street,London,E9 2AB,690000
4 Bedroom House Chelmsford,129 Queen Street,Chelmsford,CM6 5AB,880000
4 Bedroom Cottage Chelmsford,83 Park Road,Chelmsford,CM7 1AB,1080000
5 Bedroom House Norwich,161 Park Road,Norwich,NR6 1AB,990000
3 Bedroom Bungalow London,168 King Street,London,E1 5AB,515000
2 Bedroom Bungalow Ipswich,99 Queen Street,Ipswich,IP7 3AB,1485000
3 Bedroom Apartment Norwich,225 Mill Lane,Norwich,NR3 4AB,230000
2 Bedroom Bungalow Cambridge,175 Station Road,Cambridge,CB5 8AB,760000
1 Bedroom House Colchester,258 Springfield Road,Colchester,CO1 9AB,1435000
2 Bedroom Cottage Ipswich,286 Park Road,Ipswich,IP8 1AB,155000
2 Bedroom House London,108 London Road,London,E5 3AB,405000
6 Bedroom Cottage Norwich,85 Mill Lane,Norwich,NR9 1AB,1065000
1 Bedroom Cottage Norwich,118 Park Road,Norwich,NR6 6AB,825000
1 Bedroom Apartment London,261 King Street,London,E4 6AB,1025000
6 Bedroom Bungalow Colchester,83 King Street,Colchester,CO7 2AB,925000
5 Bedroom Cottage Cambridge,47 Springfield Road,Cambridge,CB6 6AB,1250000
5 Bedroom House Norwich,166 Church Road,Norwich,NR4 7AB,1170000
5 Bedroom Cottage Cambridge,90 High Street,Cambridge,CB2 8AB,940000
1 Bedroom Apartment Chelmsford,280 Park Road,Chelmsford,CM7 2AB,730000
4 Bedroom Bungalow Cambridge,279 Mill Lane,Cambridge,CB3 6AB,970000
2 Bedroom House Colchester,4 King Street,Colchester,CO1 3AB,725000
4 Bedroom House Ipswich,232 Station Road,Ipswich,IP1 3AB,565000
4 Bedroom House London,51 London Road,London,E4 7AB,465000
1 Bedroom Apartment Cambridge,205 Church Road,Cambridge,CB5 8AB,490000
6 Bedroom Apartment London,125 Queen Street,London,E2 3AB,210000
1 Bedroom House Chelmsford,283 Queen Street,Chelmsford,CM1 8AB,1215000
6 Bedroom House London,2 Queen Street,London,E5 1AB,155000
1 Bedroom Cottage Norwich,39 Station Road,Norwich,NR4 4AB,850000
1 Bedroom Cottage Ipswich,198 High Street,Ipswich,IP2 1AB,495000
6 Bedroom Cottage Ipswich,76 Station Road,Ipswich,IP9 3AB,1120000
6 Bedroom Apartment Norwich,231 Queen Street,Norwich,NR6 8AB,400000
4 Bedroom House Norwich,263 Springfield Road,Norwich,NR9 3AB,395000
5 Bedroom House Chelmsford,94 London Road,Chelmsford,CM8 7AB,1425000
4 Bedroom Cottage Norwich,147 Queen Street,Norwich,NR3 6AB,750000
6 Bedroom Cottage Colchester,93 Victoria Road,Colchester,CO8 6AB,605000
5 Bedroom Cottage London,246 Queen Street,London,E2 8AB,220000
6 Bedroom Apartment London,91 Station Road,London,E7 2AB,785000
6 Bedroom Apartment Chelmsford,78 Springfield Road,Chelmsford,CM5 7AB,635000
4 Bedroom Apartment Cambridge,53 Station Road,Cambridge,CB5 3AB,700000
3 Bedroom Apartment London,277 London Road,London,E6 3AB,905000
5 Bedroom Bungalow Ipswich,26 Queen Street,Ipswich,IP6 2AB,1245000
3 Bedroom Bungalow Colchester,69 High Street,Colchester,CO7 3AB,1235000
3 Bedroom Bungalow Colchester,275 Springfield Road,Colchester,CO8 5AB,1295000
2 Bedroom Apartment Norwich,263 Station Road,Norwich,NR6 1AB,1190000
2 Bedroom Apartment Ipswich,105 Victoria Road,Ipswich,IP3 4AB,1060000
1 Bedroom Bungalow Chelmsford,46 Church Road,Chelmsford,CM6 6AB,1190000
4 Bedroom Apartment Colchester,47 Springfield Road,Colchester,CO5 3AB,1005000
4 Bedroom Apartment Cambridge,5 Station Road,Cambridge,CB1 2AB,865000
2 Bedroom Apartment Norwich,254 Station Road,Norwich,NR1 7AB,1355000
5 Bedroom Bungalow Ipswich,65 London Road,Ipswich,IP6 5AB,1155000
1 Bedroom Apartment Colchester,85 Station Road,Colchester,CO5 6AB,455000
6 Bedroom Bungalow Colchester,125 Victoria Road,Colchester,CO9 4AB,250000
3 Bedroom Bungalow Ipswich,152 London Road,Ipswich,IP1 7AB,975000
2 Bedroom Cottage Colchester,299 London Road,Colchester,CO8 3AB,665000
4 Bedroom Apartment Colchester,181 High Street,Colchester,CO5 7AB,520000
2 Bedroom Apartment Colchester,71 Springfield Road,Colchester,CO5 6AB,1025000
4 Bedroom Apartment London,111 Station Road,London,E8 6AB,1140000
3 Bedroom Bungalow London,252 High Street,London,E5 3AB,1125000
4 Bedroom Apartment Chelmsford,279 Springfield Road,Chelmsford,CM9 8AB,1410000
1 Bedroom Cottage Cambridge,143 Park Road,Cambridge,CB9 1AB,960000
2 Bedroom Cottage Chelmsford,164 Victoria Road,Chelmsford,CM2 1AB,395000
2 Bedroom Apartment Cambridge,252 Station Road,Cambridge,CB4 5AB,155000
1 Bedroom Cottage Chelmsford,278 King Street,Chelmsford,CM6 9AB,875000
2 Bedroom Cottage London,144 Park Road,London,E1 7AB,395000
3 Bedroom House Ipswich,241 King Street,Ipswich,IP6 8AB,440000
6 Bedroom Apartment Ipswich,18 Victoria Road,Ipswich,IP6 7AB,505000
2 Bedroom Apartment Colchester,212 Victoria Road,Colchester,CO3 1AB,470000
4 Bedroom Apartment Chelmsford,98 Church Road,Chelmsford,CM5 1AB,485000
2 Bedroom House Norwich,169 Queen Street,Norwich,NR5 5AB,575000
5 Bedroom House Cambridge,162 Station Road,Cambridge,CB2 2AB,720000
4 Bedroom House Norwich,218 King Street,Norwich,NR8 7AB,655000
4 Bedroom Cottage Colchester,135 Mill Lane,Colchester,CO2 1AB,395000
4 Bedroom Bungalow Colchester,122 King Street,Colchester,CO2 8AB,505000
4 Bedroom Apartment Colchester,131 Springfield Road,Colchester,CO3 9AB,155000
1 Bedroom Cottage Colchester,283 King Street,Colchester,CO3 5AB,1135000
2 Bedroom Bungalow Chelmsford,153 Mill Lane,Chelmsford,CM1 9AB,665000
2 Bedroom House Ipswich,119 High Street,Ipswich,IP3 8AB,300000
1 Bedroom Apartment London,257 King Street,London,E2 2AB,345000
4 Bedroom House Chelmsford,26 Mill Lane,Chelmsford,CM1 9AB,500000
2 Bedroom Bungalow Chelmsford,125 Park Road,Chelmsford,CM3 4AB,155000
3 Bedroom Bungalow Colchester,88 High Street,Colchester,CO6 4AB,990000
1 Bedroom Apartment Cambridge,225 Station Road,Cambridge,CB9 6AB,990000
2 Bedroom House Colchester,42 Victoria Road,Colchester,CO1 3AB,895000
3 Bedroom Apartment Norwich,80 Queen Street,Norwich,NR3 2AB,745000
3 Bedroom Cottage London,214 Park Road,London,E8 7AB,875000
6 Bedroom Apartment Ipswich,8 Queen Street,Ipswich,IP9 2AB,150000
4 Bedroom Apartment Cambridge,203 Victoria Road,Cambridge,CB6 6AB,245000
5 Bedroom Apartment Cambridge,277 Park Road,Cambridge,CB7 3AB,345000
2 Bedroom Bungalow Ipswich,12 Victoria Road,Ipswich,IP1 3AB,1055000
5 Bedroom Bungalow Norwich,149 London Road,Norwich,NR1 6AB,1125000
4 Bedroom House Norwich,240 Station Road,Norwich,NR5 5AB,180000
1 Bedroom House Cambridge,270 High Street,Cambridge,CB9 3AB,1315000
6 Bedroom House London,196 Victoria Road,London,E4 5AB,915000
6 Bedroom Bungalow Norwich,190 Springfield Road,Norwich,NR7 2AB,1480000
4 Bedroom Cottage Cambridge,12 Queen Street,Cambridge,CB9 1AB,1285000
4 Bedroom Bungalow London,120 Park Road,London,E5 6AB,630000
6 Bedroom House Ipswich,61 King Street,Ipswich,IP3 2AB,1250000
2 Bedroom House Ipswich,133 King Street,Ipswich,IP7 7AB,720000
5 Bedroom Bungalow Colchester,4 King Street,Colchester,CO9 8AB,835000
4 Bedroom House Ipswich,290 London Road,Ipswich,IP1 9AB,630000
1 Bedroom Apartment Chelmsford,217 Springfield Road,Chelmsford,CM3 9AB,915000
1 Bedroom Cottage Ipswich,85 High Street,Ipswich,IP9 4AB,330000
4 Bedroom Bungalow Norwich,220 Mill Lane,Norwich,NR5 8AB,165000
4 Bedroom House Norwich,234 High Street,Norwich,NR1 7AB,490000
6 Bedroom Apartment Norwich,99 High Street,Norwich,NR1 7AB,180000
6 Bedroom Bungalow Cambridge,171 Queen Street,Cambridge,CB7 6AB,370000
5 Bedroom House Ipswich,267 High Street,Ipswich,IP2 9AB,350000
2 Bedroom Cottage Norwich,282 Church Road,Norwich,NR3 5AB,155000
5 Bedroom Apartment Ipswich,285 Queen Street,Ipswich,IP2 8AB,605000
4 Bedroom House Norwich,226 Springfield Road,Norwich,NR9 4AB,1180000
2 Bedroom Bungalow London,154 Park Road,London,E3 5AB,195000
6 Bedroom Apartment Ipswich,194 High Street,Ipswich,IP6 5AB,1450000
1 Bedroom Apartment Ipswich,159 Church Road,Ipswich,IP1 2AB,965000
4 Bedroom Cottage Chelmsford,184 Park Road,Chelmsford,CM5 2AB,155000
1 Bedroom Cottage Colchester,73 Victoria Road,Colchester,CO8 1AB,660000
1 Bedroom Bungalow Norwich,123 London Road,Norwich,NR8 9AB,700000
5 Bedroom Cottage London,14 London Road,London,E6 4AB,630000
6 Bedroom Cottage Cambridge,203 Mill Lane,Cambridge,CB7 5AB,900000
6 Bedroom Bungalow Colchester,67 Queen Street,Colchester,CO9 7AB,815000
6 Bedroom Bungalow Chelmsford,35 Queen Street,Chelmsford,CM5 1AB,565000
2 Bedroom Cottage Cambridge,289 Springfield Road,Cambridge,CB6 4AB,730000
1 Bedroom Bungalow Ipswich,135 Park Road,Ipswich,IP7 7AB,170000
1 Bedroom Apartment Colchester,206 King Street,Colchester,CO4 3AB,380000
1 Bedroom House London,117 High Street,London,E6 9AB,1240000
1 Bedroom Apartment London,67 Station Road,London,E6 6AB,1045000
3 Bedroom Bungalow Colchester,34 High Street,Colchester,CO7 7AB,565000
4 Bedroom Cottage Norwich,271 King Street,Norwich,NR4 3AB,710000
2 Bedroom Apartment Cambridge,102 London Road,Cambridge,CB7 1AB,240000
3 Bedroom Cottage Ipswich,287 London Road,Ipswich,IP9 8AB,805000
4 Bedroom House Cambridge,288 Park Road,Cambridge,CB6 8AB,330000
4 Bedroom Apartment London,199 London Road,London,E5 5AB,695000
1 Bedroom House Ipswich,284 Victoria Road,Ipswich,IP3 7AB,600000
6 Bedroom Cottage London,282 Station Road,London,E6 6AB,1110000
2 Bedroom Bungalow Colchester,243 London Road,Colchester,CO6 9AB,1395000
2 Bedroom Cottage Colchester,59 King Street,Colchester,CO4 7AB,1015000
2 Bedroom Cottage London,169 Springfield Road,London,E4 6AB,730000
5 Bedroom House Colchester,19 Park Road,Colchester,CO6 6AB,325000
1 Bedroom Apartment Cambridge,185 King Street,Cambridge,CB3 3AB,695000
4 Bedroom Apartment Cambridge,9 Station Road,Cambridge,CB7 4AB,805000
6 Bedroom Apartment Colchester,105 Springfield Road,Colchester,CO1 3AB,390000
3 Bedroom Cottage Chelmsford,27 Springfield Road,Chelmsford,CM6 3AB,1185000
2 Bedroom House Chelmsford,179 Queen Street,Chelmsford,CM3 3AB,705000
5 Bedroom House London,214 Queen Street,London,E8 2AB,350000
6 Bedroom Bungalow Cambridge,169 Queen Street,Cambridge,CB4 7AB,1475000
5 Bedroom Apartment Cambridge,203 Victoria Road,Cambridge,CB7 8AB,150000
6 Bedroom Bungalow Colchester,217 London Road,Colchester,CO8 3AB,215000
6 Bedroom House Chelmsford,211 Springfield Road,Chelmsford,CM8 3AB,260000
6 Bedroom House Colchester,255 Springfield Road,Colchester,CO1 6AB,380000
6 Bedroom Bungalow Norwich,50 Park Road,Norwich,NR4 7AB,1100000
4 Bedroom Apartment Norwich,168 Springfield Road,Norwich,NR7 5AB,765000
1 Bedroom Cottage Cambridge,226 London Road,Cambridge,CB3 3AB,1450000
1 Bedroom House Chelmsford,278 Springfield Road,Chelmsford,CM2 2AB,470000
5 Bedroom House Norwich,291 Victoria Road,Norwich,NR9 7AB,785000
6 Bedroom Bungalow Cambridge,240 Park Road,Cambridge,CB9 8AB,800000
1 Bedroom Bungalow Ipswich,121 Church Road,Ipswich,IP5 2AB,235000
1 Bedroom Apartment Cambridge,174 Springfield Road,Cambridge,CB8 8AB,1100000
3 Bedroom Cottage Ipswich,288 Queen Street,Ipswich,IP3 9AB,315000
1 Bedroom Bungalow London,12 High Street,London,E9 5AB,290000
4 Bedroom Apartment Norwich,252 Park Road,Norwich,NR3 9AB,455000
5 Bedroom Apartment Norwich,171 Church Road,Norwich,NR5 4AB,660000
4 Bedroom House Colchester,101 High Street,Colchester,CO6 5AB,1205000
3 Bedroom Bungalow Chelmsford,290 Park Road,Chelmsford,CM9 8AB,300000
5 Bedroom Bungalow Colchester,111 Station Road,Colchester,CO2 6AB,505000
6 Bedroom House Ipswich,240 Springfield Road,Ipswich,IP1 8AB,1130000
5 Bedroom Cottage London,92 Victoria Road,London,E8 1AB,1100000
6 Bedroom House Norwich,93 London Road,Norwich,NR8 7AB,1265000
2 Bedroom House Norwich,265 King Street,Norwich,NR9 8AB,605000
4 Bedroom Bungalow London,288 Church Road,London,E9 1AB,1130000
2 Bedroom Apartment London,163 High Street,London,E7 1AB,340000
6 Bedroom Cottage Norwich,159 Church Road,Norwich,NR1 8AB,200000
5 Bedroom House London,165 Victoria Road,London,E6 2AB,975000
3 Bedroom Apartment London,98 Church Road,London,E3 7AB,170000
2 Bedroom House Chelmsford,209 Mill Lane,Chelmsford,CM1 1AB,675000
5 Bedroom Apartment Colchester,89 Church Road,Colchester,CO4 7AB,965000
3 Bedroom House London,292 Church Road,London,E5 9AB,1490000
5 Bedroom Bungalow London,298 Springfield Road,London,E3 6AB,1060000
1 Bedroom Bungalow Ipswich,210 King Street,Ipswich,IP4 8AB,170000
2 Bedroom Bungalow Colchester,44 King Street,Colchester,CO1 6AB,810000
3 Bedroom Bungalow London,82 Station Road,London,E7 7AB,1040000
6 Bedroom Bungalow Norwich,172 High Street,Norwich,NR5 6AB,1180000
2 Bedroom House Ipswich,113 King Street,Ipswich,IP2 7AB,520000
3 Bedroom Apartment Colchester,83 Park Road,Colchester,CO3 2AB,1055000
4 Bedroom Bungalow Ipswich,31 Springfield Road,Ipswich,IP8 6AB,1405000
5 Bedroom Apartment Ipswich,250 Victoria Road,Ipswich,IP6 2AB,940000
1 Bedroom Cottage Cambridge,125 London Road,Cambridge,CB4 6AB,465000
4 Bedroom Bungalow London,138 Springfield Road,London,E3 2AB,490000
5 Bedroom Apartment Norwich,274 Queen Street,Norwich,NR5 9AB,1440000
6 Bedroom Apartment Cambridge,222 Park Road,Cambridge,CB5 3AB,1010000
2 Bedroom Cottage Norwich,235 High Street,Norwich,NR4 4AB,545000
4 Bedroom Apartment Norwich,48 High Street,Norwich,NR2 4AB,565000
6 Bedroom Apartment Norwich,142 Queen Street,Norwich,NR7 8AB,410000
3 Bedroom House Norwich,151 Victoria Road,Norwich,NR8 9AB,770000
4 Bedroom Cottage Ipswich,220 Church Road,Ipswich,IP5 8AB,790000
6 Bedroom House Chelmsford,266 King Street,Chelmsford,CM8 2AB,280000
2 Bedroom Bungalow Ipswich,121 Queen Street,Ipswich,IP6 2AB,180000
2 Bedroom Bungalow Chelmsford,135 Park Road,Chelmsford,CM1 1AB,795000
5 Bedroom House Chelmsford,91 Springfield Road,Chelmsford,CM5 9AB,900000
1 Bedroom Cottage Chelmsford,72 Station Road,Chelmsford,CM6 3AB,1225000
6 Bedroom Bungalow Cambridge,119 Park Road,Cambridge,CB3 3AB,1275000
2 Bedroom House Chelmsford,300 Queen Street,Chelmsford,CM1 6AB,1320000
6 Bedroom House Ipswich,211 Station Road,Ipswich,IP2 7AB,435000
6 Bedroom Apartment Cambridge,192 Mill Lane,Cambridge,CB9 3AB,1435000
5 Bedroom Apartment London,59 High Street,London,E5 7AB,1300000
4 Bedroom House Colchester,81 High Street,Colchester,CO5 2AB,1220000
6 Bedroom Cottage London,239 Church Road,London,E7 8AB,780000
6 Bedroom Cottage Ipswich,132 High Street,Ipswich,IP7 5AB,815000
3 Bedroom Apartment London,214 High Street,London,E1 6AB,1150000
6 Bedroom Bungalow Ipswich,237 London Road,Ipswich,IP2 4AB,1445000
1 Bedroom Cottage Colchester,205 Springfield Road,Colchester,CO8 4AB,460000
2 Bedroom Apartment Chelmsford,55 Queen Street,Chelmsford,CM5 1AB,695000
5 Bedroom Apartment London,148 London Road,London,E6 7AB,225000
1 Bedroom Cottage Ipswich,32 Springfield Road,Ipswich,IP2 3AB,1370000
2 Bedroom Bungalow Chelmsford,203 Station Road,Chelmsford,CM9 8AB,1285000
4 Bedroom House Ipswich,165 Mill Lane,Ipswich,IP3 7AB,1000000
2 Bedroom Cottage Chelmsford,200 Queen Street,Chelmsford,CM6 8AB,840000
1 Bedroom Apartment Cambridge,202 King Street,Cambridge,CB6 2AB,1140000
5 Bedroom House Chelmsford,21 Victoria Road,Chelmsford,CM8 5AB,715000
5 Bedroom Apartment London,146 High Street,London,E3 3AB,955000
6 Bedroom Bungalow Chelmsford,166 London Road,Chelmsford,CM9 4AB,395000
2 Bedroom Cottage London,165 Station Road,London,E2 5AB,765000
3 Bedroom Cottage Ipswich,293 Station Road,Ipswich,IP4 9AB,1125000
2 Bedroom House London,255 Park Road,London,E4 6AB,310000
2 Bedroom Apartment Cambridge,148 Queen Street,Cambridge,CB3 9AB,440000
2 Bedroom Apartment London,184 Victoria Road,London,E4 1AB,285000
3 Bedroom Apartment Ipswich,66 Springfield Road,Ipswich,IP6 2AB,225000
6 Bedroom Apartment London,252 Victoria Road,London,E5 8AB,905000
1 Bedroom Apartment Norwich,1 King Street,Norwich,NR9 7AB,490000
1 Bedroom House Ipswich,117 Church Road,Ipswich,IP5 6AB,545000
5 Bedroom House Ipswich,277 London Road,Ipswich,IP5 3AB,1460000
2 Bedroom Apartment Cambridge,266 Springfield Road,Cambridge,CB6 1AB,1120000
1 Bedroom Bungalow London,219 King Street,London,E7 8AB,190000
1 Bedroom Apartment Chelmsford,117 London Road,Chelmsford,CM9 4AB,490000
2 Bedroom Bungalow Chelmsford,207 Station Road,Chelmsford,CM6 4AB,440000
1 Bedroom Cottage Chelmsford,158 Church Road,Chelmsford,CM9 8AB,1125000
1 Bedroom Cottage Colchester,182 Queen Street,Colchester,CO2 4AB,1295000
1 Bedroom Apartment Norwich,206 Station Road,Norwich,NR2 6AB,215000
6 Bedroom Bungalow Colchester,86 Victoria Road,Colchester,CO1 8AB,1325000
1 Bedroom Bungalow Ipswich,211 Station Road,Ipswich,IP1 2AB,910000
3 Bedroom Cottage London,97 Springfield Road,London,E6 4AB,875000
2 Bedroom Cottage London,90 King Street,London,E3 4AB,965000
2 Bedroom Apartment Cambridge,207 King Street,Cambridge,CB1 6AB,1340000
5 Bedroom House Chelmsford,269 High Street,Chelmsford,CM1 4AB,265000
4 Bedroom Apartment Cambridge,188 High Street,Cambridge,CB9 9AB,285000
5 Bedroom House Norwich,244 Queen Street,Norwich,NR5 3AB,1415000
2 Bedroom Cottage London,104 Station Road,London,E9 2AB,1485000
3 Bedroom Apartment London,138 High Street,London,E3 7AB,505000
1 Bedroom Cottage Cambridge,179 Queen Street,Cambridge,CB7 6AB,1100000
4 Bedroom Cottage Chelmsford,197 Park Road,Chelmsford,CM4 7AB,1190000
6 Bedroom Bungalow Cambridge,44 King Street,Cambridge,CB2 5AB,950000
4 Bedroom Apartment Colchester,122 Park Road,Colchester,CO7 3AB,900000
1 Bedroom Cottage London,64 Victoria Road,London,E9 5AB,1490000
1 Bedroom Cottage Norwich,260 Victoria Road,Norwich,NR7 6AB,940000
5 Bedroom Cottage Chelmsford,69 Station Road,Chelmsford,CM1 6AB,160000
4 Bedroom Apartment Chelmsford,42 Victoria Road,Chelmsford,CM5 4AB,875000
2 Bedroom Bungalow Ipswich,146 Mill Lane,Ipswich,IP9 2AB,1395000
2 Bedroom Bungalow Norwich,39 King Street,Norwich,NR4 6AB,295000
2 Bedroom Bungalow London,26 Church Road,London,E7 1AB,475000
2 Bedroom Bungalow Ipswich,72 High Street,Ipswich,IP2 7AB,265000
4 Bedroom Cottage Chelmsford,15 King Street,Chelmsford,CM9 7AB,995000
2 Bedroom Apartment Cambridge,200 Mill Lane,Cambridge,CB2 2AB,400000
4 Bedroom Bungalow Chelmsford,215 Station Road,Chelmsford,CM4 6AB,740000
1 Bedroom Bungalow Chelmsford,111 Park Road,Chelmsford,CM8 1AB,1010000
2 Bedroom House Ipswich,226 King Street,Ipswich,IP4 7AB,1455000
6 Bedroom Bungalow Colchester,47 Victoria Road,Colchester,CO7 8AB,830000
5 Bedroom Bungalow Chelmsford,159 Mill Lane,Chelmsford,CM5 4AB,595000
6 Bedroom House Chelmsford,65 Springfield Road,Chelmsford,CM3 8AB,260000
4 Bedroom House Colchester,27 King Street,Colchester,CO8 7AB,780000
4 Bedroom Apartment London,243 Mill Lane,London,E1 2AB,1445000
2 Bedroom Apartment Norwich,91 Victoria Road,Norwich,NR5 6AB,1045000
3 Bedroom Apartment Ipswich,260 Victoria Road,Ipswich,IP2 9AB,970000
6 Bedroom Bungalow Colchester,248 Church Road,Colchester,CO7 2AB,820000
5 Bedroom Apartment Colchester,269 Springfield Road,Colchester,CO3 2AB,525000
3 Bedroom Bungalow London,190 Park Road,London,E5 5AB,295000
5 Bedroom Bungalow Norwich,133 Springfield Road,Norwich,NR9 8AB,425000
4 Bedroom Bungalow Ipswich,245 Mill Lane,Ipswich,IP8 4AB,1100000
3 Bedroom Bungalow Norwich,50 Church Road,Norwich,NR3 3AB,650000
2 Bedroom Bungalow Cambridge,33 Springfield Road,Cambridge,CB4 6AB,1220000
4 Bedroom Cottage Chelmsford,214 King Street,Chelmsford,CM1 2AB,590000
1 Bedroom House Ipswich,141 King Street,Ipswich,IP6 9AB,525000
3 Bedroom House Colchester,2 London Road,Colchester,CO9 8AB,445000
4 Bedroom Cottage Chelmsford,36 High Street,Chelmsford,CM2 3AB,1355000
6 Bedroom Cottage Norwich,235 Mill Lane,Norwich,NR1 1AB,1335000
1 Bedroom Bungalow Cambridge,55 Station Road,Cambridge,CB2 5AB,1180000
5 Bedroom Apartment Ipswich,189 Springfield Road,Ipswich,IP3 7AB,155000
3 Bedroom Apartment Chelmsford,192 Mill Lane,Chelmsford,CM3 1AB,465000
4 Bedroom Apartment Colchester,286 Church Road,Colchester,CO8 5AB,715000
6 Bedroom Apartment Ipswich,86 Victoria Road,Ipswich,IP7 6AB,495000
6 Bedroom Cottage Colchester,35 Park Road,Colchester,CO1 3AB,1220000
4 Bedroom House Cambridge,9 Church Road,Cambridge,CB1 6AB,1490000
5 Bedroom Cottage Chelmsford,30 Victoria Road,Chelmsford,CM3 3AB,490000
2 Bedroom Cottage Colchester,219 London Road,Colchester,CO4 2AB,1230000
1 Bedroom Bungalow Ipswich,108 Mill Lane,Ipswich,IP8 3AB,465000
4 Bedroom Bungalow Chelmsford,23 Mill Lane,Chelmsford,CM8 9AB,165000
5 Bedroom Apartment Colchester,238 Queen Street,Colchester,CO8 5AB,1350000
5 Bedroom House Chelmsford,294 Mill Lane,Chelmsford,CM1 8AB,960000
5 Bedroom Bungalow London,2 Victoria Road,London,E4 9AB,1085000
1 Bedroom Bungalow Cambridge,272 Station Road,Cambridge,CB1 6AB,1120000
3 Bedroom House Chelmsford,131 Mill Lane,Chelmsford,CM1 2AB,1280000
4 Bedroom Cottage Cambridge,41 London Road,Cambridge,CB7 7AB,650000
4 Bedroom Apartment Chelmsford,15 Station Road,Chelmsford,CM4 4AB,900000
5 Bedroom Apartment London,247 Springfield Road,London,E1 4AB,1430000
2 Bedroom Apartment Ipswich,16 King Street,Ipswich,IP6 6AB,315000
6 Bedroom Bungalow Norwich,242 Mill Lane,Norwich,NR4 1AB,710000
6 Bedroom Bungalow Cambridge,59 King Street,Cambridge,CB4 9AB,515000
6 Bedroom Bungalow Ipswich,51 Church Road,Ipswich,IP5 4AB,695000
4 Bedroom Cottage Cambridge,32 King Street,Cambridge,CB6 8AB,1060000
5 Bedroom House Ipswich,170 Victoria Road,Ipswich,IP7 4AB,1115000
4 Bedroom House Cambridge,224 London Road,Cambridge,CB9 2AB,620000
5 Bedroom House Ipswich,116 Station Road,Ipswich,IP7 7AB,810000
1 Bedroom Cottage Chelmsford,225 Queen Street,Chelmsford,CM8 5AB,550000
5 Bedroom Cottage London,278 Springfield Road,London,E2 3AB,1095000
1 Bedroom Apartment London,201 King Street,London,E1 6AB,735000
1 Bedroom House Cambridge,211 Church Road,Cambridge,CB3 3AB,755000
6 Bedroom Cottage Cambridge,146 Station Road,Cambridge,CB7 6AB,260000
2 Bedroom House Norwich,266 High Street,Norwich,NR8 1AB,720000
3 Bedroom Apartment Ipswich,244 Queen Street,Ipswich,IP9 3AB,705000
4 Bedroom Bungalow Ipswich,154 Springfield Road,Ipswich,IP1 2AB,1330000
6 Bedroom House London,248 Springfield Road,London,E3 7AB,255000
5 Bedroom Cottage Norwich,205 Station Road,Norwich,NR8 5AB,1400000
2 Bedroom Bungalow Colchester,299 Queen Street,Colchester,CO8 7AB,995000
2 Bedroom House Cambridge,94 Victoria Road,Cambridge,CB7 9AB,1450000
4 Bedroom Cottage Ipswich,158 Church Road,Ipswich,IP3 8AB,1270000
6 Bedroom Cottage London,155 Park Road,London,E9 5AB,175000
4 Bedroom House Cambridge,39 King Street,Cambridge,CB7 5AB,1265000
4 Bedroom Cottage Cambridge,245 Church Road,Cambridge,CB4 2AB,635000
2 Bedroom Apartment Norwich,289 London Road,Norwich,NR9 2AB,490000
5 Bedroom House Cambridge,168 Victoria Road,Cambridge,CB9 7AB,1280000
4 Bedroom House Cambridge,285 Station Road,Cambridge,CB2 9AB,1370000
2 Bedroom Cottage Chelmsford,180 London Road,Chelmsford,CM1 1AB,750000
2 Bedroom Bungalow Chelmsford,259 Church Road,Chelmsford,CM8 5AB,225000
6 Bedroom Bungalow Chelmsford,119 Mill Lane,Chelmsford,CM1 7AB,840000
5 Bedroom Cottage Ipswich,235 Springfield Road,Ipswich,IP8 3AB,785000
5 Bedroom Apartment Chelmsford,39 Park Road,Chelmsford,CM4 6AB,1230000
4 Bedroom Cottage Ipswich,87 London Road,Ipswich,IP3 8AB,950000
2 Bedroom House Cambridge,67 Victoria Road,Cambridge,CB8 2AB,1015000
2 Bedroom Cottage London,3 Station Road,London,E9 4AB,490000
5 Bedroom House Cambridge,270 Victoria Road,Cambridge,CB3 1AB,500000
5 Bedroom Cottage Ipswich,63 King Street,Ipswich,IP8 7AB,765000
4 Bedroom Apartment Colchester,111 Mill Lane,Colchester,CO6 3AB,955000
5 Bedroom Bungalow Chelmsford,194 Queen Street,Chelmsford,CM7 9AB,225000
1 Bedroom Bungalow Colchester,215 Queen Street,Colchester,CO8 7AB,1115000
6 Bedroom Bungalow Colchester,111 Station Road,Colchester,CO6 2AB,1250000
4 Bedroom Bungalow Colchester,188 Springfield Road,Colchester,CO8 8AB,1490000
2 Bedroom Cottage Norwich,84 Springfield Road,Norwich,NR1 6AB,615000
3 Bedroom Apartment Chelmsford,160 Mill Lane,Chelmsford,CM5 4AB,660000
1 Bedroom Bungalow Cambridge,278 London Road,Cambridge,CB3 1AB,225000
4 Bedroom Cottage Cambridge,74 Station Road,Cambridge,CB3 1AB,1325000
2 Bedroom Cottage London,59 Springfield Road,London,E5 1AB,525000
5 Bedroom Bungalow London,208 Queen Street,London,E1 3AB,1165000
2 Bedroom Bungalow Norwich,14 High Street,Norwich,NR4 7AB,630000
6 Bedroom Apartment Ipswich,3 Station Road,Ipswich,IP7 9AB,780000
5 Bedroom House Ipswich,20 Station Road,Ipswich,IP8 7AB,210000
5 Bedroom Apartment Cambridge,98 High Street,Cambridge,CB4 2AB,625000
3 Bedroom Bungalow Chelmsford,69 Queen Street,Chelmsford,CM8 7AB,400000
1 Bedroom Bungalow Norwich,185 Mill Lane,Norwich,NR6 5AB,1105000
1 Bedroom Cottage Cambridge,208 King Street,Cambridge,CB1 2AB,795000
1 Bedroom Bungalow Colchester,209 Park Road,Colchester,CO9 6AB,300000
1 Bedroom Bungalow Norwich,232 Church Road,Norwich,NR1 8AB,480000
1 Bedroom Cottage London,166 Victoria Road,London,E6 2AB,275000
2 Bedroom Apartment Cambridge,256 Queen Street,Cambridge,CB4 2AB,1245000
4 Bedroom Bungalow London,67 London Road,London,E4 6AB,1215000
1 Bedroom Apartment Ipswich,54 High Street,Ipswich,IP2 8AB,450000
2 Bedroom Apartment Norwich,128 Mill Lane,Norwich,NR9 3AB,1130000
2 Bedroom Apartment Colchester,242 King Street,Colchester,CO5 9AB,1420000
4 Bedroom Apartment Colchester,290 Mill Lane,Colchester,CO5 3AB,540000
6 Bedroom House Ipswich,181 Park Road,Ipswich,IP6 2AB,315000
4 Bedroom House London,199 Church Road,London,E8 1AB,170000
6 Bedroom House Ipswich,45 Mill Lane,Ipswich,IP9 8AB,845000
5 Bedroom Cottage London,210 King Street,London,E7 9AB,220000
5 Bedroom Apartment Ipswich,134 Church Road,Ipswich,IP8 5AB,225000
6 Bedroom Bungalow London,4 Park Road,London,E7 5AB,170000
1 Bedroom Bungalow Chelmsford,132 Queen Street,Chelmsford,CM7 1AB,405000
1 Bedroom Cottage London,224 London Road,London,E6 7AB,180000
2 Bedroom House Norwich,90 Church Road,Norwich,NR2 1AB,745000
5 Bedroom Bungalow Chelmsford,173 King Street,Chelmsford,CM2 3AB,375000
2 Bedroom Bungalow Norwich,240 Queen Street,Norwich,NR2 9AB,1150000
2 Bedroom Cottage Norwich,39 London Road,Norwich,NR6 2AB,1435000
2 Bedroom Cottage Norwich,101 Church Road,Norwich,NR9 1AB,730000
5 Bedroom Apartment London,180 Springfield Road,London,E1 3AB,1400000
3 Bedroom House Chelmsford,138 Station Road,Chelmsford,CM5 1AB,360000
4 Bedroom Bungalow Norwich,75 Mill Lane,Norwich,NR1 1AB,710000
4 Bedroom Cottage London,76 London Road,London,E9 3AB,935000
3 Bedroom House Chelmsford,155 Queen Street,Chelmsford,CM5 8AB,1060000
5 Bedroom Apartment Chelmsford,258 Church Road,Chelmsford,CM2 6AB,1445000
3 Bedroom Apartment London,129 Mill Lane,London,E9 3AB,1385000
4 Bedroom Cottage Cambridge,2 Park Road,Cambridge,CB6 6AB,465000
5 Bedroom Cottage Chelmsford,185 Victoria Road,Chelmsford,CM1 5AB,290000
4 Bedroom Apartment London,62 Queen Street,London,E5 5AB,1095000
2 Bedroom Apartment Chelmsford,248 Park Road,Chelmsford,CM6 6AB,665000
6 Bedroom House Cambridge,160 Victoria Road,Cambridge,CB1 7AB,1480000
4 Bedroom Cottage London,201 Mill Lane,London,E4 4AB,475000
1 Bedroom Apartment Ipswich,9 Victoria Road,Ipswich,IP8 6AB,620000
2 Bedroom Bungalow Cambridge,183 Queen Street,Cambridge,CB3 2AB,625000
1 Bedroom Apartment London,142 King Street,London,E8 7AB,430000
5 Bedroom House Cambridge,168 Victoria Road,Cambridge,CB8 8AB,965000
1 Bedroom Cottage Chelmsford,225 Park Road,Chelmsford,CM9 3AB,740000
6 Bedroom House Colchester,199 Station Road,Colchester,CO2 9AB,390000
6 Bedroom Apartment Cambridge,142 Victoria Road,Cambridge,CB4 4AB,570000
2 Bedroom Cottage Ipswich,34 Victoria Road,Ipswich,IP7 8AB,1405000
5 Bedroom Bungalow Norwich,182 Queen Street,Norwich,NR3 4AB,1410000
5 Bedroom Bungalow Norwich,280 Park Road,Norwich,NR8 5AB,440000
3 Bedroom House Chelmsford,93 Station Road,Chelmsford,CM6 8AB,370000
5 Bedroom Cottage London,76 Church Road,London,E7 5AB,685000
3 Bedroom Cottage Norwich,243 Springfield Road,Norwich,NR4 5AB,185000
3 Bedroom Bungalow Norwich,2 London Road,Norwich,NR1 1AB,705000
4 Bedroom Bungalow Chelmsford,166 Park Road,Chelmsford,CM6 9AB,270000
5 Bedroom Apartment Colchester,179 Park Road,Colchester,CO9 5AB,590000
4 Bedroom House Colchester,216 Springfield Road,Colchester,CO4 7AB,1040000
2 Bedroom House Ipswich,36 High Street,Ipswich,IP4 5AB,545000
6 Bedroom Bungalow Cambridge,122 Station Road,Cambridge,CB8 8AB,1355000
1 Bedroom Apartment Ipswich,276 High Street,Ipswich,IP9 7AB,470000
2 Bedroom Bungalow Ipswich,147 Springfield Road,Ipswich,IP8 1AB,845000
1 Bedroom Cottage Chelmsford,136 Queen Street,Chelmsford,CM5 1AB,500000
1 Bedroom Bungalow London,177 Park Road,London,E3 9AB,605000
2 Bedroom House Norwich,43 Victoria Road,Norwich,NR2 4AB,715000
3 Bedroom Apartment Colchester,198 Church Road,Colchester,CO8 2AB,925000
2 Bedroom Apartment Norwich,116 London Road,Norwich,NR4 9AB,600000
1 Bedroom Bungalow Ipswich,236 Church Road,Ipswich,IP2 2AB,1445000
6 Bedroom Cottage Colchester,110 London Road,Colchester,CO2 4AB,760000
6 Bedroom Cottage Cambridge,64 London Road,Cambridge,CB1 2AB,955000
5 Bedroom House London,163 Mill Lane,London,E2 7AB,265000
4 Bedroom House Colchester,9 Queen Street,Colchester,CO8 3AB,410000
4 Bedroom Cottage Colchester,292 High Street,Colchester,CO9 8AB,1315000
4 Bedroom Cottage Norwich,102 Mill Lane,Norwich,NR5 5AB,1445000
6 Bedroom Apartment Colchester,61 Queen Street,Colchester,CO2 8AB,640000
5 Bedroom House London,176 Springfield Road,London,E3 4AB,250000
4 Bedroom Apartment Cambridge,197 Victoria Road,Cambridge,CB8 3AB,1265000
1 Bedroom Cottage Cambridge,273 Church Road,Cambridge,CB1 2AB,520000
4 Bedroom House Colchester,43 Church Road,Colchester,CO8 4AB,725000
6 Bedroom House Colchester,160 Church Road,Colchester,CO6 6AB,570000
6 Bedroom Apartment Colchester,51 King Street,Colchester,CO1 4AB,350000
4 Bedroom Apartment Cambridge,23 Church Road,Cambridge,CB2 8AB,665000
3 Bedroom Apartment Ipswich,46 Queen Street,Ipswich,IP9 3AB,680000
1 Bedroom House Cambridge,31 King Street,Cambridge,CB7 5AB,505000
3 Bedroom Cottage London,136 Church Road,London,E3 1AB,200000
2 Bedroom Bungalow Colchester,122 Mill Lane,Colchester,CO7 7AB,475000
3 Bedroom House Chelmsford,213 Church Road,Chelmsford,CM2 7AB,1175000
1 Bedroom Cottage Ipswich,212 Victoria Road,Ipswich,IP3 9AB,500000
4 Bedroom House Ipswich,290 Queen Street,Ipswich,IP4 8AB,1130000
4 Bedroom House Norwich,84 Springfield Road,Norwich,NR6 5AB,1115000
6 Bedroom Bungalow London,176 Station Road,London,E1 3AB,1015000
1 Bedroom Cottage Cambridge,47 Church Road,Cambridge,CB5 7AB,1020000
6 Bedroom Apartment Chelmsford,59 London Road,Chelmsford,CM3 6AB,890000
4 Bedroom House Norwich,78 Queen Street,Norwich,NR6 3AB,500000
1 Bedroom House Ipswich,22 Park Road,Ipswich,IP4 9AB,1030000
6 Bedroom Cottage Cambridge,40 Victoria Road,Cambridge,CB6 2AB,1295000
1 Bedroom Bungalow London,267 Church Road,London,E8 3AB,1040000
1 Bedroom Cottage Norwich,192 Springfield Road,Norwich,NR6 5AB,1120000
4 Bedroom Cottage Norwich,278 High Street,Norwich,NR5 2AB,1165000
4 Bedroom Bungalow Norwich,252 Mill Lane,Norwich,NR3 3AB,230000
6 Bedroom Cottage Chelmsford,66 Queen Street,Chelmsford,CM6 7AB,1070000
6 Bedroom Bungalow London,140 Mill Lane,London,E2 4AB,1460000
6 Bedroom Apartment Ipswich,280 King Street,Ipswich,IP1 6AB,1350000
2 Bedroom House Cambridge,84 Mill Lane,Cambridge,CB7 8AB,1075000
1 Bedroom House Ipswich,178 Park Road,Ipswich,IP6 6AB,1060000
5 Bedroom Bungalow Norwich,188 Station Road,Norwich,NR7 4AB,1005000
6 Bedroom Bungalow Chelmsford,254 Queen Street,Chelmsford,CM7 4AB,1465000
5 Bedroom Cottage Chelmsford,115 Victoria Road,Chelmsford,CM7 1AB,700000
4 Bedroom Bungalow Chelmsford,141 King Street,Chelmsford,CM1 1AB,640000
3 Bedroom House Chelmsford,219 Park Road,Chelmsford,CM3 2AB,800000
1 Bedroom Bungalow Cambridge,115 Queen Street,Cambridge,CB1 4AB,475000
3 Bedroom Apartment Chelmsford,283 Station Road,Chelmsford,CM3 5AB,815000
2 Bedroom Apartment Colchester,267 Mill Lane,Colchester,CO3 3AB,920000
5 Bedroom Bungalow Chelmsford,17 London Road,Chelmsford,CM1 1AB,820000
4 Bedroom House Norwich,199 Victoria Road,Norwich,NR1 9AB,425000
6 Bedroom Bungalow Norwich,274 London Road,Norwich,NR9 9AB,645000
5 Bedroom House London,292 Victoria Road,London,E6 4AB,500000
4 Bedroom Bungalow Chelmsford,215 High Street,Chelmsford,CM7 4AB,820000
5 Bedroom Apartment Cambridge,128 Park Road,Cambridge,CB1 1AB,625000
2 Bedroom House Colchester,295 Victoria Road,Colchester,CO8 3AB,900000
5 Bedroom Apartment London,295 Queen Street,London,E7 7AB,575000
5 Bedroom Apartment Ipswich,117 Park Road,Ipswich,IP8 5AB,310000
3 Bedroom Bungalow Norwich,48 Victoria Road,Norwich,NR7 9AB,375000
5 Bedroom House Colchester,57 Queen Street,Colchester,CO2 4AB,1265000
2 Bedroom Apartment Ipswich,123 High Street,Ipswich,IP9 6AB,1315000
6 Bedroom Cottage Ipswich,230 Springfield Road,Ipswich,IP8 3AB,1035000
5 Bedroom House Cambridge,73 King Street,Cambridge,CB8 8AB,930000
2 Bedroom Bungalow Norwich,267 Church Road,Norwich,NR6 7AB,1280000
2 Bedroom Apartment Colchester,138 Springfield Road,Colchester,CO3 5AB,1420000
5 Bedroom House Colchester,81 Church Road,Colchester,CO4 3AB,610000
6 Bedroom Bungalow Norwich,143 London Road,Norwich,NR5 2AB,355000
3 Bedroom House Colchester,275 High Street,Colchester,CO3 1AB,1455000
1 Bedroom House London,57 Victoria Road,London,E6 8AB,390000
1 Bedroom Bungalow Norwich,27 Station Road,Norwich,NR5 3AB,1290000
1 Bedroom House London,146 Park Road,London,E3 5AB,990000
5 Bedroom Apartment Cambridge,147 Mill Lane,Cambridge,CB8 2AB,580000
3 Bedroom Cottage Ipswich,294 Victoria Road,Ipswich,IP3 7AB,680000
5 Bedroom House Cambridge,234 Park Road,Cambridge,CB5 6AB,530000
3 Bedroom House Norwich,256 Victoria Road,Norwich,NR5 2AB,925000
5 Bedroom Apartment Cambridge,210 Park Road,Cambridge,CB2 3AB,710000
1 Bedroom Apartment Cambridge,195 Victoria Road,Cambridge,CB7 2AB,620000
3 Bedroom House Chelmsford,296 Station Road,Chelmsford,CM6 3AB,1445000
4 Bedroom Bungalow London,77 Station Road,London,E3 5AB,1190000
1 Bedroom Bungalow Norwich,138 Springfield Road,Norwich,NR2 3AB,1175000
4 Bedroom Cottage Ipswich,8 Station Road,Ipswich,IP5 5AB,1315000
6 Bedroom House Norwich,183 Victoria Road,Norwich,NR1 9AB,1170000
6 Bedroom Cottage Ipswich,74 Victoria Road,Ipswich,IP6 3AB,190000
6 Bedroom Bungalow Ipswich,26 Park Road,Ipswich,IP5 1AB,500000
5 Bedroom House Colchester,190 Church Road,Colchester,CO4 5AB,185000
2 Bedroom House Colchester,142 Victoria Road,Colchester,CO3 8AB,715000
1 Bedroom Cottage Cambridge,118 Station Road,Cambridge,CB8 4AB,830000
5 Bedroom Bungalow London,36 Victoria Road,London,E8 8AB,500000
1 Bedroom Apartment Ipswich,259 High Street,Ipswich,IP8 9AB,1405000
5 Bedroom Apartment Chelmsford,170 Mill Lane,Chelmsford,CM2 8AB,195000
5 Bedroom Cottage Chelmsford,107 Queen Street,Chelmsford,CM3 3AB,895000
4 Bedroom Cottage Chelmsford,41 Queen Street,Chelmsford,CM1 2AB,745000
5 Bedroom House London,30 Queen Street,London,E5 9AB,970000
4 Bedroom Apartment Ipswich,249 King Street,Ipswich,IP6 7AB,880000
4 Bedroom Bungalow Norwich,91 Mill Lane,Norwich,NR4 8AB,865000
1 Bedroom Apartment Cambridge,192 Springfield Road,Cambridge,CB1 9AB,165000
3 Bedroom House Chelmsford,207 Victoria Road,Chelmsford,CM4 4AB,1445000
6 Bedroom Bungalow Ipswich,66 London Road,Ipswich,IP1 6AB,410000
2 Bedroom House Cambridge,13 Mill Lane,Cambridge,CB3 5AB,1460000
2 Bedroom Apartment Cambridge,266 Park Road,Cambridge,CB3 7AB,535000
1 Bedroom House Ipswich,147 High Street,Ipswich,IP2 3AB,305000
3 Bedroom Cottage Ipswich,32 Queen Street,Ipswich,IP8 7AB,350000
2 Bedroom House London,158 London Road,London,E3 3AB,380000
5 Bedroom Bungalow Ipswich,195 Church Road,Ipswich,IP7 8AB,1065000
3 Bedroom Bungalow Norwich,119 Queen Street,Norwich,NR1 6AB,1450000
5 Bedroom Bungalow Norwich,171 Springfield Road,Norwich,NR7 2AB,990000
1 Bedroom Bungalow Ipswich,1 Mill Lane,Ipswich,IP3 5AB,1050000
3 Bedroom Apartment Chelmsford,273 Victoria Road,Chelmsford,CM8 4AB,430000
6 Bedroom House London,52 Springfield Road,London,E1 9AB,725000
4 Bedroom House Norwich,286 Park Road,Norwich,NR9 1AB,635000
4 Bedroom House Chelmsford,288 Station Road,Chelmsford,CM3 2AB,210000
4 Bedroom House Chelmsford,211 Park Road,Chelmsford,CM9 5AB,240000
1 Bedroom House Chelmsford,278 Springfield Road,Chelmsford,CM7 1AB,480000
3 Bedroom Cottage Cambridge,135 High Street,Cambridge,CB2 8AB,500000
1 Bedroom House Norwich,275 King Street,Norwich,NR2 1AB,1410000
2 Bedroom House Norwich,2 Victoria Road,Norwich,NR7 1AB,745000
3 Bedroom Bungalow Cambridge,129 Mill Lane,Cambridge,CB7 3AB,1460000
2 Bedroom Bungalow Chelmsford,211 Mill Lane,Chelmsford,CM4 3AB,755000
5 Bedroom House Norwich,152 Park Road,Norwich,NR9 5AB,660000
1 Bedroom House Ipswich,22 Queen Street,Ipswich,IP4 7AB,670000
5 Bedroom Apartment Norwich,255 Mill Lane,Norwich,NR2 5AB,765000
1 Bedroom Cottage Ipswich,231 Victoria Road,Ipswich,IP8 9AB,830000
1 Bedroom Apartment Norwich,44 Queen Street,Norwich,NR7 8AB,790000
1 Bedroom Cottage Colchester,97 Mill Lane,Colchester,CO8 7AB,220000
5 Bedroom Cottage Cambridge,82 Station Road,Cambridge,CB8 5AB,630000
4 Bedroom House Chelmsford,137 Victoria Road,Chelmsford,CM9 5AB,1285000
2 Bedroom Apartment Colchester,190 Springfield Road,Colchester,CO8 6AB,1420000
1 Bedroom Apartment Norwich,273 Church Road,Norwich,NR8 9AB,1230000
1 Bedroom Bungalow Norwich,163 Station Road,Norwich,NR1 8AB,1460000
2 Bedroom Cottage Chelmsford,50 Victoria Road,Chelmsford,CM9 4AB,1220000
1 Bedroom Bungalow London,168 Victoria Road,London,E4 2AB,1065000
4 Bedroom House Norwich,38 Park Road,Norwich,NR9 6AB,650000
6 Bedroom Apartment Ipswich,10 Victoria Road,Ipswich,IP1 5AB,350000
1 Bedroom Apartment Chelmsford,44 Church Road,Chelmsford,CM9 4AB,185000
1 Bedroom Bungalow Colchester,234 Park Road,Colchester,CO1 3AB,190000
3 Bedroom Bungalow Colchester,292 Mill Lane,Colchester,CO4 9AB,310000
5 Bedroom House Colchester,194 London Road,Colchester,CO8 9AB,1375000
6 Bedroom Cottage Colchester,282 Station Road,Colchester,CO1 5AB,620000
5 Bedroom Apartment Colchester,276 London Road,Colchester,CO9 8AB,890000
2 Bedroom Apartment Chelmsford,261 King Street,Chelmsford,CM5 3AB,1105000
6 Bedroom Cottage Ipswich,265 London Road,Ipswich,IP9 5AB,720000
5 Bedroom Cottage Colchester,191 London Road,Colchester,CO8 8AB,1250000
4 Bedroom Cottage London,236 Victoria Road,London,E3 7AB,245000
6 Bedroom Cottage London,148 Springfield Road,London,E2 8AB,735000
2 Bedroom Cottage Colchester,287 High Street,Colchester,CO6 5AB,525000
3 Bedroom Cottage London,234 High Street,London,E6 4AB,835000
4 Bedroom Bungalow Norwich,39 Springfield Road,Norwich,NR4 3AB,1355000
5 Bedroom Apartment Chelmsford,191 London Road,Chelmsford,CM7 9AB,1400000
5 Bedroom Cottage Norwich,90 Queen Street,Norwich,NR7 1AB,190000
3 Bedroom House London,295 Victoria Road,London,E9 8AB,1085000
6 Bedroom Bungalow London,268 Park Road,London,E9 7AB,1190000
3 Bedroom Cottage London,207 Springfield Road,London,E2 9AB,425000
1 Bedroom Cottage London,184 Victoria Road,London,E7 9AB,180000
2 Bedroom Bungalow Colchester,138 Victoria Road,Colchester,CO1 6AB,465000
6 Bedroom Apartment Norwich,181 Victoria Road,Norwich,NR6 3AB,1085000
6 Bedroom Bungalow Ipswich,92 Victoria Road,Ipswich,IP1 7AB,700000
2 Bedroom Apartment Cambridge,273 London Road,Cambridge,CB8 8AB,1095000
1 Bedroom Apartment London,55 Church Road,London,E9 1AB,160000
6 Bedroom House Chelmsford,142 London Road,Chelmsford,CM7 7AB,350000
5 Bedroom Cottage Ipswich,103 Church Road,Ipswich,IP8 4AB,525000
5 Bedroom Bungalow Cambridge,242 Station Road,Cambridge,CB5 7AB,1390000
6 Bedroom Bungalow London,5 High Street,London,E7 6AB,1035000
5 Bedroom Apartment London,295 Springfield Road,London,E9 7AB,505000
2 Bedroom Cottage Colchester,108 King Street,Colchester,CO6 8AB,355000
3 Bedroom House London,23 King Street,London,E5 5AB,605000
2 Bedroom Bungalow Colchester,136 Park Road,Colchester,CO2 5AB,175000
1 Bedroom Bungalow London,185 Station Road,London,E4 9AB,1165000
2 Bedroom Cottage Chelmsford,74 Victoria Road,Chelmsford,CM9 3AB,1390000
4 Bedroom Cottage London,199 London Road,London,E6 4AB,995000
6 Bedroom House Colchester,172 Victoria Road,Colchester,CO6 8AB,395000
5 Bedroom Cottage Cambridge,172 Victoria Road,Cambridge,CB6 8AB,530000
2 Bedroom Cottage Ipswich,205 High Street,Ipswich,IP1 7AB,1275000
2 Bedroom Cottage Ipswich,105 London Road,Ipswich,IP2 2AB,995000
3 Bedroom Apartment Cambridge,159 Mill Lane,Cambridge,CB9 1AB,1065000
3 Bedroom Apartment Chelmsford,248 Victoria Road,Chelmsford,CM8 4AB,390000
3 Bedroom Apartment Cambridge,130 Queen Street,Cambridge,CB6 1AB,285000
4 Bedroom Bungalow Chelmsford,140 London Road,Chelmsford,CM8 7AB,635000
2 Bedroom House Cambridge,18 Park Road,Cambridge,CB3 5AB,725000
2 Bedroom House Colchester,300 London Road,Colchester,CO9 3AB,810000
4 Bedroom Cottage Chelmsford,163 King Street,Chelmsford,CM9 5AB,1440000
3 Bedroom Apartment Ipswich,260 Church Road,Ipswich,IP3 3AB,210000
2 Bedroom House Colchester,122 Church Road,Colchester,CO9 7AB,365000
6 Bedroom Bungalow London,185 Springfield Road,London,E1 2AB,440000
6 Bedroom House London,59 Mill Lane,London,E9 2AB,900000
4 Bedroom Bungalow London,257 Station Road,London,E4 2AB,310000
3 Bedroom Bungalow Colchester,88 Park Road,Colchester,CO4 4AB,450000
3 Bedroom House Ipswich,129 High Street,Ipswich,IP3 5AB,630000
3 Bedroom Bungalow Ipswich,287 King Street,Ipswich,IP5 9AB,1005000
3 Bedroom House Chelmsford,82 Park Road,Chelmsford,CM5 3AB,1435000
3 Bedroom Cottage Norwich,2 London Road,Norwich,NR6 3AB,1010000
6 Bedroom House Colchester,274 Station Road,Colchester,CO4 5AB,1130000
6 Bedroom Cottage Colchester,283 High Street,Colchester,CO1 2AB,240000
1 Bedroom Apartment Ipswich,213 King Street,Ipswich,IP6 4AB,1185000
6 Bedroom Cottage Colchester,201 King Street,Colchester,CO4 1AB,735000
4 Bedroom Bungalow Colchester,18 High Street,Colchester,CO4 4AB,730000
5 Bedroom House Chelmsford,46 London Road,Chelmsford,CM6 3AB,885000
4 Bedroom Cottage London,298 Queen Street,London,E3 7AB,1150000
3 Bedroom Cottage Cambridge,294 Victoria Road,Cambridge,CB1 8AB,635000
1 Bedroom House Cambridge,123 King Street,Cambridge,CB2 9AB,570000
2 Bedroom Apartment Chelmsford,293 Victoria Road,Chelmsford,CM6 2AB,665000
1 Bedroom Bungalow Norwich,155 Victoria Road,Norwich,NR9 4AB,1460000
6 Bedroom Cottage Norwich,129 London Road,Norwich,NR9 2AB,1165000
2 Bedroom Cottage Norwich,2 Victoria Road,Norwich,NR4 3AB,1010000
4 Bedroom Cottage Colchester,183 High Street,Colchester,CO2 9AB,865000
5 Bedroom Bungalow London,281 Queen Street,London,E1 3AB,570000
2 Bedroom Cottage Chelmsford,146 Queen Street,Chelmsford,CM2 4AB,1155000
5 Bedroom House Norwich,38 London Road,Norwich,NR6 3AB,540000
6 Bedroom Apartment Chelmsford,51 Springfield Road,Chelmsford,CM4 5AB,1065000
2 Bedroom House Ipswich,284 Springfield Road,Ipswich,IP7 1AB,310000
6 Bedroom Cottage Ipswich,222 King Street,Ipswich,IP2 1AB,1085000
4 Bedroom House Chelmsford,187 High Street,Chelmsford,CM6 2AB,550000
2 Bedroom Cottage Chelmsford,270 High Street,Chelmsford,CM7 6AB,335000
1 Bedroom House Colchester,199 Victoria Road,Colchester,CO5 9AB,1230000
2 Bedroom Cottage London,184 Park Road,London,E2 5AB,570000
6 Bedroom Bungalow Ipswich,162 Station Road,Ipswich,IP4 1AB,490000
1 Bedroom Cottage Norwich,277 Queen Street,Norwich,NR6 9AB,1425000
5 Bedroom Apartment London,1 London Road,London,E9 8AB,740000
3 Bedroom Bungalow London,182 Station Road,London,E5 1AB,290000
1 Bedroom House London,262 Queen Street,London,E6 6AB,730000
1 Bedroom Bungalow London,283 Springfield Road,London,E4 7AB,935000
5 Bedroom Apartment London,23 Park Road,London,E4 4AB,485000
1 Bedroom House Colchester,7 Queen Street,Colchester,CO2 6AB,860000
1 Bedroom House Ipswich,119 Springfield Road,Ipswich,IP7 9AB,1155000
4 Bedroom Apartment Chelmsford,46 High Street,Chelmsford,CM9 3AB,1075000
1 Bedroom Apartment London,44 Church Road,London,E2 9AB,1170000
1 Bedroom House Chelmsford,170 Victoria Road,Chelmsford,CM3 7AB,825000
2 Bedroom Apartment Colchester,217 Victoria Road,Colchester,CO9 6AB,680000
5 Bedroom Bungalow Ipswich,157 London Road,Ipswich,IP1 7AB,1050000
6 Bedroom Cottage Norwich,177 Springfield Road,Norwich,NR7 8AB,245000
2 Bedroom Bungalow London,124 Queen Street,London,E7 6AB,575000
1 Bedroom Cottage London,219 Station Road,London,E8 6AB,940000
5 Bedroom House Chelmsford,212 Station Road,Chelmsford,CM2 5AB,1480000
2 Bedroom House Cambridge,239 Mill Lane,Cambridge,CB9 7AB,760000
6 Bedroom Bungalow Chelmsford,30 Mill Lane,Chelmsford,CM6 9AB,615000
3 Bedroom Cottage Ipswich,156 Queen Street,Ipswich,IP5 6AB,1040000
4 Bedroom Cottage London,196 Springfield Road,London,E1 9AB,635000
2 Bedroom House Colchester,235 Queen Street,Colchester,CO4 4AB,910000
1 Bedroom House Ipswich,266 Victoria Road,Ipswich,IP3 3AB,1260000
4 Bedroom Apartment Norwich,177 Church Road,Norwich,NR9 2AB,350000
5 Bedroom Cottage Chelmsford,149 Queen Street,Chelmsford,CM5 6AB,155000
2 Bedroom Cottage London,80 Park Road,London,E5 5AB,780000
4 Bedroom Bungalow Norwich,29 Springfield Road,Norwich,NR8 6AB,340000
4 Bedroom Bungalow Ipswich,4 Mill Lane,Ipswich,IP8 2AB,870000
4 Bedroom Cottage London,116 Station Road,London,E1 2AB,1260000
2 Bedroom House Ipswich,254 King Street,Ipswich,IP1 2AB,1375000
1 Bedroom House London,191 Queen Street,London,E5 6AB,880000
5 Bedroom Bungalow Cambridge,236 Mill Lane,Cambridge,CB2 5AB,905000
5 Bedroom House Norwich,269 Park Road,Norwich,NR5 2AB,1130000
4 Bedroom House Norwich,47 Springfield Road,Norwich,NR8 8AB,560000
4 Bedroom Apartment Norwich,235 Queen Street,Norwich,NR3 8AB,1080000
6 Bedroom Apartment Norwich,234 London Road,Norwich,NR4 5AB,975000
2 Bedroom House Ipswich,123 Victoria Road,Ipswich,IP5 7AB,1150000
6 Bedroom House Colchester,249 Springfield Road,Colchester,CO5 8AB,890000
5 Bedroom Bungalow Cambridge,178 King Street,Cambridge,CB5 2AB,250000
3 Bedroom Bungalow Colchester,288 Victoria Road,Colchester,CO5 3AB,475000
6 Bedroom House Chelmsford,121 High Street,Chelmsford,CM1 9AB,1355000
3 Bedroom Bungalow London,116 King Street,London,E3 5AB,970000
4 Bedroom Apartment Norwich,245 Station Road,Norwich,NR9 1AB,665000
3 Bedroom Bungalow Cambridge,187 London Road,Cambridge,CB2 5AB,1095000
1 Bedroom Bungalow Cambridge,290 Church Road,Cambridge,CB2 2AB,1320000
3 Bedroom Cottage Norwich,60 Springfield Road,Norwich,NR3 4AB,975000
1 Bedroom Bungalow Cambridge,6 Victoria Road,Cambridge,CB8 5AB,1420000
1 Bedroom Cottage London,88 Park Road,London,E3 1AB,1150000
2 Bedroom Cottage Ipswich,201 Victoria Road,Ipswich,IP8 7AB,355000
3 Bedroom Cottage Ipswich,215 Springfield Road,Ipswich,IP2 3AB,1330000
4 Bedroom Bungalow Colchester,279 Mill Lane,Colchester,CO5 5AB,785000
2 Bedroom Bungalow Colchester,5 Victoria Road,Colchester,CO5 1AB,1385000
1 Bedroom Apartment Ipswich,10 Queen Street,Ipswich,IP4 4AB,1425000
6 Bedroom Bungalow Norwich,171 Mill Lane,Norwich,NR5 6AB,940000
4 Bedroom Cottage Colchester,212 Park Road,Colchester,CO4 5AB,150000
2 Bedroom Bungalow Cambridge,136 Station Road,Cambridge,CB5 1AB,500000
6 Bedroom Bungalow London,89 High Street,London,E2 4AB,150000
4 Bedroom Cottage Ipswich,41 High Street,Ipswich,IP1 1AB,825000
3 Bedroom Apartment Norwich,181 King Street,Norwich,NR7 2AB,1175000
2 Bedroom House London,113 Victoria Road,London,E3 9AB,1275000
2 Bedroom Cottage London,136 Springfield Road,London,E1 8AB,430000
3 Bedroom Cottage Cambridge,49 London Road,Cambridge,CB8 6AB,1380000
2 Bedroom Apartment London,234 Station Road,London,E8 8AB,1270000
1 Bedroom Bungalow Cambridge,33 High Street,Cambridge,CB7 5AB,1120000
3 Bedroom House Ipswich,234 Springfield Road,Ipswich,IP7 3AB,660000
6 Bedroom Cottage Cambridge,217 London Road,Cambridge,CB8 4AB,1330000
1 Bedroom Bungalow Ipswich,233 Church Road,Ipswich,IP6 6AB,1275000
5 Bedroom House Cambridge,206 London Road,Cambridge,CB9 3AB,315000
5 Bedroom Bungalow Cambridge,14 Church Road,Cambridge,CB6 2AB,810000
6 Bedroom Bungalow Cambridge,118 Station Road,Cambridge,CB5 5AB,935000
2 Bedroom House Ipswich,295 London Road,Ipswich,IP9 9AB,1125000
2 Bedroom Bungalow Norwich,204 High Street,Norwich,NR6 7AB,150000
2 Bedroom House Ipswich,60 Church Road,Ipswich,IP8 9AB,1495000
6 Bedroom Apartment Ipswich,33 Springfield Road,Ipswich,IP2 9AB,905000
1 Bedroom Apartment Cambridge,194 King Street,Cambridge,CB9 5AB,1230000
3 Bedroom Apartment Norwich,64 Park Road,Norwich,NR2 8AB,1270000
2 Bedroom House London,31 London Road,London,E3 4AB,810000
2 Bedroom Bungalow Norwich,170 Victoria Road,Norwich,NR4 2AB,1175000
5 Bedroom House Cambridge,257 Springfield Road,Cambridge,CB2 1AB,600000
6 Bedroom House Norwich,205 Springfield Road,Norwich,NR8 9AB,420000
1 Bedroom Bungalow Colchester,111 Church Road,Colchester,CO1 3AB,150000
3 Bedroom House Colchester,135 London Road,Colchester,CO7 9AB,730000
5 Bedroom House Chelmsford,155 Springfield Road,Chelmsford,CM7 1AB,1095000
4 Bedroom Cottage Ipswich,48 Station Road,Ipswich,IP6 2AB,405000
1 Bedroom Apartment Cambridge,168 London Road,Cambridge,CB9 1AB,495000
1 Bedroom Bungalow Colchester,101 Springfield Road,Colchester,CO9 6AB,395000
4 Bedroom Bungalow Chelmsford,12 Church Road,Chelmsford,CM8 9AB,1365000
2 Bedroom House London,4 Springfield Road,London,E3 4AB,475000
5 Bedroom Bungalow Colchester,288 London Road,Colchester,CO7 1AB,1100000
3 Bedroom House Chelmsford,246 London Road,Chelmsford,CM1 5AB,900000
4 Bedroom Bungalow Norwich,86 High Street,Norwich,NR6 7AB,870000
1 Bedroom Cottage London,204 Queen Street,London,E6 7AB,665000
2 Bedroom House London,102 Victoria Road,London,E4 7AB,195000
6 Bedroom House Chelmsford,187 Station Road,Chelmsford,CM9 3AB,275000
6 Bedroom House London,116 Springfield Road,London,E1 4AB,840000
5 Bedroom Apartment Norwich,175 Church Road,Norwich,NR4 5AB,1390000
5 Bedroom Bungalow London,24 High Street,London,E7 9AB,1365000
6 Bedroom Cottage London,277 High Street,London,E1 9AB,1330000
3 Bedroom Apartment Ipswich,65 Church Road,Ipswich,IP1 1AB,825000
3 Bedroom Bungalow Colchester,263 London Road,Colchester,CO9 5AB,1135000
2 Bedroom Bungalow Colchester,208 Queen Street,Colchester,CO6 2AB,500000
3 Bedroom Bungalow Chelmsford,186 Park Road,Chelmsford,CM3 7AB,555000
5 Bedroom Cottage Cambridge,157 High Street,Cambridge,CB1 2AB,635000
3 Bedroom Apartment London,144 King Street,London,E3 9AB,1325000
3 Bedroom Apartment Norwich,174 King Street,Norwich,NR4 4AB,855000
1 Bedroom Apartment Cambridge,65 Station Road,Cambridge,CB6 1AB,470000
6 Bedroom Apartment London,116 Springfield Road,London,E9 8AB,460000
4 Bedroom Apartment Cambridge,8 Springfield Road,Cambridge,CB5 6AB,410000
6 Bedroom House London,124 King Street,London,E3 8AB,225000
2 Bedroom House Norwich,270 Victoria Road,Norwich,NR4 8AB,945000
3 Bedroom Bungalow London,76 Station Road,London,E4 4AB,875000
6 Bedroom Cottage Ipswich,238 Victoria Road,Ipswich,IP9 1AB,950000
4 Bedroom House Norwich,93 London Road,Norwich,NR1 6AB,170000
5 Bedroom Cottage Cambridge,214 King Street,Cambridge,CB8 6AB,330000
6 Bedroom Cottage Chelmsford,159 High Street,Chelmsford,CM1 5AB,240000
1 Bedroom Apartment Norwich,66 Queen Street,Norwich,NR4 9AB,455000
6 Bedroom Apartment Cambridge,35 High Street,Cambridge,CB2 1AB,1460000
5 Bedroom House Chelmsford,13 Park Road,Chelmsford,CM3 9AB,615000
4 Bedroom House Cambridge,115 London Road,Cambridge,CB1 8AB,930000
3 Bedroom House Norwich,211 High Street,Norwich,NR2 4AB,570000
5 Bedroom House Chelmsford,13 King Street,Chelmsford,CM5 5AB,1195000
6 Bedroom Cottage Ipswich,227 Mill Lane,Ipswich,IP4 8AB,1240000
5 Bedroom Apartment Ipswich,89 London Road,Ipswich,IP5 3AB,1340000
2 Bedroom Bungalow Norwich,120 Springfield Road,Norwich,NR2 9AB,235000
5 Bedroom Apartment London,6 London Road,London,E3 9AB,1010000
5 Bedroom Apartment Chelmsford,46 High Street,Chelmsford,CM8 9AB,300000
1 Bedroom Bungalow Norwich,155 High Street,Norwich,NR4 9AB,400000
2 Bedroom Bungalow Chelmsford,26 Victoria Road,Chelmsford,CM4 6AB,700000
6 Bedroom House Norwich,269 Springfield Road,Norwich,NR3 1AB,965000
3 Bedroom Apartment Norwich,289 Mill Lane,Norwich,NR5 6AB,910000
2 Bedroom Cottage Cambridge,178 Victoria Road,Cambridge,CB3 4AB,1415000
6 Bedroom Cottage Norwich,142 Victoria Road,Norwich,NR9 3AB,760000
1 Bedroom Apartment Colchester,285 Church Road,Colchester,CO8 5AB,965000
2 Bedroom Apartment Cambridge,294 London Road,Cambridge,CB7 9AB,285000
2 Bedroom House Cambridge,113 High Street,Cambridge,CB2 4AB,840000
2 Bedroom Cottage Cambridge,82 High Street,Cambridge,CB1 3AB,955000
3 Bedroom Apartment Ipswich,129 Park Road,Ipswich,IP2 6AB,905000
4 Bedroom Bungalow Colchester,100 Church Road,Colchester,CO1 3AB,1215000
6 Bedroom Cottage Cambridge,68 High Street,Cambridge,CB2 2AB,800000
6 Bedroom Apartment London,147 London Road,London,E7 4AB,1140000
3 Bedroom Bungalow Colchester,142 London Road,Colchester,CO4 3AB,1410000
6 Bedroom House Ipswich,90 High Street,Ipswich,IP9 4AB,1280000
5 Bedroom Apartment Chelmsford,65 London Road,Chelmsford,CM3 7AB,470000
4 Bedroom Bungalow Cambridge,115 Station Road,Cambridge,CB8 2AB,845000
2 Bedroom Bungalow Colchester,134 Victoria Road,Colchester,CO8 9AB,855000
4 Bedroom Apartment London,161 Park Road,London,E8 4AB,875000
4 Bedroom Cottage Cambridge,215 Mill Lane,Cambridge,CB1 5AB,410000
5 Bedroom Apartment Chelmsford,240 Springfield Road,Chelmsford,CM7 4AB,540000
5 Bedroom Bungalow Norwich,107 Mill Lane,Norwich,NR5 7AB,1230000
1 Bedroom Apartment Ipswich,148 Springfield Road,Ipswich,IP5 7AB,1030000
4 Bedroom Apartment Colchester,238 Park Road,Colchester,CO9 4AB,575000
1 Bedroom House London,41 Station Road,London,E5 9AB,605000
1 Bedroom Apartment London,199 Mill Lane,London,E7 4AB,1225000
4 Bedroom House Ipswich,83 High Street,Ipswich,IP8 7AB,1235000
6 Bedroom Apartment Norwich,214 London Road,Norwich,NR7 5AB,380000
2 Bedroom Bungalow Norwich,88 Victoria Road,Norwich,NR5 8AB,895000
4 Bedroom House Ipswich,88 Park Road,Ipswich,IP7 4AB,1235000
1 Bedroom House London,55 Park Road,London,E6 8AB,645000
4 Bedroom Apartment London,260 King Street,London,E9 5AB,405000
1 Bedroom Apartment Colchester,122 Victoria Road,Colchester,CO1 9AB,840000
5 Bedroom Apartment Norwich,222 King Street,Norwich,NR8 2AB,1220000
4 Bedroom Apartment Colchester,284 Park Road,Colchester,CO6 1AB,375000
1 Bedroom House Ipswich,7 Mill Lane,Ipswich,IP9 3AB,1490000
4 Bedroom House Chelmsford,54 Station Road,Chelmsford,CM7 1AB,1395000
6 Bedroom Cottage Ipswich,111 London Road,Ipswich,IP4 8AB,295000
1 Bedroom Bungalow London,58 Church Road,London,E2 2AB,1345000
1 Bedroom House Colchester,231 King Street,Colchester,CO5 4AB,730000
3 Bedroom Bungalow Norwich,4 Mill Lane,Norwich,NR9 8AB,1030000
3 Bedroom Cottage Cambridge,5 High Street,Cambridge,CB3 2AB,1315000
2 Bedroom House Chelmsford,208 Victoria Road,Chelmsford,CM1 5AB,1310000
1 Bedroom Apartment London,246 Church Road,London,E2 2AB,1000000
6 Bedroom Apartment London,272 High Street,London,E6 4AB,1165000
2 Bedroom Apartment London,194 High Street,London,E1 9AB,1360000
6 Bedroom Bungalow Ipswich,235 King Street,Ipswich,IP7 1AB,200000
6 Bedroom Bungalow Ipswich,10 King Street,Ipswich,IP5 4AB,210000
2 Bedroom Apartment Ipswich,250 Station Road,Ipswich,IP2 9AB,1085000
4 Bedroom Bungalow Cambridge,83 Victoria Road,Cambridge,CB8 9AB,925000
6 Bedroom House Chelmsford,52 Victoria Road,Chelmsford,CM2 7AB,1365000
3 Bedroom House Norwich,53 Church Road,Norwich,NR9 8AB,510000
2 Bedroom Cottage Cambridge,90 Mill Lane,Cambridge,CB9 2AB,540000
3 Bedroom Bungalow Chelmsford,180 Park Road,Chelmsford,CM3 9AB,335000
6 Bedroom House Chelmsford,45 Queen Street,Chelmsford,CM2 5AB,1055000
1 Bedroom Apartment Colchester,259 High Street,Colchester,CO4 3AB,1215000
5 Bedroom Apartment London,177 London Road,London,E9 4AB,185000
3 Bedroom Apartment Cambridge,179 Park Road,Cambridge,CB1 3AB,1060000
5 Bedroom Apartment Cambridge,224 Springfield Road,Cambridge,CB6 6AB,1055000
4 Bedroom House Colchester,85 Victoria Road,Colchester,CO8 5AB,1255000
4 Bedroom Apartment Ipswich,190 London Road,Ipswich,IP8 2AB,950000
2 Bedroom Cottage Cambridge,214 Queen Street,Cambridge,CB3 5AB,470000
1 Bedroom Bungalow London,134 Victoria Road,London,E3 8AB,1025000
1 Bedroom Cottage Cambridge,251 Park Road,Cambridge,CB3 1AB,590000
6 Bedroom Apartment Colchester,283 London Road,Colchester,CO6 6AB,245000
5 Bedroom Apartment Cambridge,152 Station Road,Cambridge,CB7 6AB,1210000
6 Bedroom Apartment Norwich,220 Springfield Road,Norwich,NR7 1AB,240000
2 Bedroom Apartment Chelmsford,33 Springfield Road,Chelmsford,CM4 9AB,1215000
3 Bedroom Bungalow Cambridge,6 Church Road,Cambridge,CB4 8AB,1390000
4 Bedroom Bungalow London,284 King Street,London,E6 8AB,455000
5 Bedroom Apartment London,270 Queen Street,London,E4 6AB,750000
6 Bedroom House London,140 London Road,London,E2 4AB,1095000
6 Bedroom Cottage London,7 Queen Street,London,E4 6AB,1160000
2 Bedroom Cottage Cambridge,228 Park Road,Cambridge,CB8 2AB,795000
6 Bedroom Cottage Norwich,289 High Street,Norwich,NR6 5AB,910000
2 Bedroom House London,81 Church Road,London,E7 9AB,1190000
2 Bedroom Cottage Ipswich,236 Church Road,Ipswich,IP1 6AB,1045000
1 Bedroom House Norwich,102 London Road,Norwich,NR2 1AB,800000
3 Bedroom Apartment Chelmsford,17 King Street,Chelmsford,CM9 6AB,1305000
2 Bedroom Cottage Cambridge,102 Queen Street,Cambridge,CB3 9AB,835000
4 Bedroom House Chelmsford,223 Mill Lane,Chelmsford,CM2 5AB,315000
6 Bedroom Apartment Ipswich,98 Springfield Road,Ipswich,IP8 3AB,685000
3 Bedroom Cottage Ipswich,136 Church Road,Ipswich,IP4 5AB,1375000
6 Bedroom House Ipswich,147 Mill Lane,Ipswich,IP8 9AB,1010000
4 Bedroom Cottage Colchester,276 High Street,Colchester,CO7 2AB,190000
1 Bedroom Cottage Ipswich,32 Church Road,Ipswich,IP4 2AB,190000
1 Bedroom Apartment Chelmsford,87 High Street,Chelmsford,CM5 5AB,935000
6 Bedroom House Norwich,141 Church Road,Norwich,NR2 3AB,540000
6 Bedroom Apartment Cambridge,74 Queen Street,Cambridge,CB1 9AB,270000
3 Bedroom Cottage Cambridge,251 Mill Lane,Cambridge,CB9 1AB,625000
3 Bedroom Cottage Chelmsford,190 Victoria Road,Chelmsford,CM1 9AB,305000
4 Bedroom House Norwich,180 Springfield Road,Norwich,NR7 3AB,445000
1 Bedroom Apartment Cambridge,145 Queen Street,Cambridge,CB6 5AB,1280000
1 Bedroom House Ipswich,175 Park Road,Ipswich,IP1 3AB,1000000
4 Bedroom Bungalow London,196 King Street,London,E6 5AB,635000
4 Bedroom Bungalow Cambridge,201 London Road,Cambridge,CB8 4AB,545000
2 Bedroom Apartment Cambridge,144 High Street,Cambridge,CB6 6AB,175000
6 Bedroom Bungalow Chelmsford,161 High Street,Chelmsford,CM9 9AB,1355000
2 Bedroom Cottage Norwich,229 Queen Street,Norwich,NR3 3AB,795000
3 Bedroom Cottage Ipswich,106 King Street,Ipswich,IP9 5AB,680000
3 Bedroom Apartment Colchester,59 Mill Lane,Colchester,CO6 7AB,240000
4 Bedroom Bungalow London,96 London Road,London,E8 5AB,650000
4 Bedroom Cottage Chelmsford,96 Station Road,Chelmsford,CM1 5AB,705000
6 Bedroom Bungalow Colchester,236 Church Road,Colchester,CO4 8AB,390000
5 Bedroom Apartment Norwich,259 Church Road,Norwich,NR9 2AB,170000
4 Bedroom Cottage Ipswich,21 Queen Street,Ipswich,IP5 7AB,650000
3 Bedroom Bungalow Norwich,131 Station Road,Norwich,NR7 6AB,1305000
1 Bedroom House Cambridge,296 London Road,Cambridge,CB7 5AB,1115000
6 Bedroom House Ipswich,248 Station Road,Ipswich,IP8 6AB,245000
4 Bedroom House Chelmsford,93 Park Road,Chelmsford,CM9 8AB,1370000
3 Bedroom Apartment Ipswich,40 King Street,Ipswich,IP6 9AB,805000
2 Bedroom Apartment Ipswich,36 Queen Street,Ipswich,IP2 7AB,1490000
2 Bedroom Apartment Norwich,91 Station Road,Norwich,NR7 8AB,1225000
5 Bedroom Bungalow Chelmsford,60 London Road,Chelmsford,CM4 7AB,1170000
4 Bedroom House London,261 Victoria Road,London,E9 5AB,1450000
2 Bedroom House London,48 Park Road,London,E7 3AB,485000
5 Bedroom House London,83 King Street,London,E6 6AB,425000
1 Bedroom House London,297 Queen Street,London,E8 8AB,1145000
6 Bedroom Bungalow Colchester,180 Station Road,Colchester,CO6 6AB,675000
4 Bedroom Cottage Colchester,110 Victoria Road,Colchester,CO9 4AB,295000
4 Bedroom House London,149 Station Road,London,E6 5AB,655000
4 Bedroom House London,85 Station Road,London,E1 8AB,925000
3 Bedroom Cottage Ipswich,6 Queen Street,Ipswich,IP2 9AB,745000
1 Bedroom Cottage London,295 King Street,London,E1 6AB,595000
3 Bedroom House Colchester,51 Queen Street,Colchester,CO5 3AB,1265000
3 Bedroom House Norwich,118 Victoria Road,Norwich,NR4 4AB,1400000
4 Bedroom Bungalow Cambridge,270 King Street,Cambridge,CB3 6AB,1080000
6 Bedroom Cottage Colchester,270 King Street,Colchester,CO8 1AB,1465000
1 Bedroom Apartment Ipswich,238 London Road,Ipswich,IP1 5AB,875000
6 Bedroom House London,107 Mill Lane,London,E2 4AB,715000
5 Bedroom Apartment London,104 High Street,London,E2 5AB,785000
2 Bedroom House Ipswich,110 Queen Street,Ipswich,IP3 8AB,305000
6 Bedroom Cottage Cambridge,198 Victoria Road,Cambridge,CB5 7AB,715000
3 Bedroom Apartment Ipswich,205 High Street,Ipswich,IP6 4AB,440000
4 Bedroom House Norwich,195 London Road,Norwich,NR5 8AB,535000
3 Bedroom House Chelmsford,8 Park Road,Chelmsford,CM4 7AB,935000
3 Bedroom Cottage Norwich,167 Victoria Road,Norwich,NR4 3AB,1415000
1 Bedroom Apartment Colchester,42 Victoria Road,Colchester,CO7 2AB,565000
2 Bedroom Bungalow Cambridge,41 Mill Lane,Cambridge,CB3 8AB,1210000
3 Bedroom Bungalow Norwich,58 Church Road,Norwich,NR7 5AB,740000
4 Bedroom Bungalow Ipswich,200 Mill Lane,Ipswich,IP3 3AB,625000
4 Bedroom Bungalow Chelmsford,43 Victoria Road,Chelmsford,CM9 8AB,1005000
2 Bedroom Bungalow Chelmsford,256 King Street,Chelmsford,CM2 4AB,815000
5 Bedroom Bungalow Chelmsford,55 King Street,Chelmsford,CM6 5AB,320000
4 Bedroom Apartment Colchester,174 Springfield Road,Colchester,CO9 5AB,620000
4 Bedroom House Chelmsford,24 Church Road,Chelmsford,CM6 3AB,960000
2 Bedroom Cottage London,251 Station Road,London,E3 9AB,925000
1 Bedroom Bungalow Ipswich,264 Mill Lane,Ipswich,IP3 5AB,1115000
5 Bedroom Apartment Cambridge,225 High Street,Cambridge,CB9 5AB,1130000
5 Bedroom House Norwich,194 High Street,Norwich,NR3 7AB,1010000
6 Bedroom Cottage Chelmsford,245 Victoria Road,Chelmsford,CM6 2AB,1325000
5 Bedroom Apartment Colchester,209 High Street,Colchester,CO8 7AB,580000
2 Bedroom Bungalow Chelmsford,93 Mill Lane,Chelmsford,CM5 3AB,1385000
2 Bedroom Bungalow Colchester,186 Station Road,Colchester,CO7 3AB,980000
3 Bedroom Cottage London,92 Springfield Road,London,E8 7AB,350000
3 Bedroom Cottage Colchester,63 Church Road,Colchester,CO5 8AB,470000
5 Bedroom Apartment London,69 Springfield Road,London,E3 4AB,580000
3 Bedroom Bungalow Norwich,132 High Street,Norwich,NR5 9AB,200000
3 Bedroom Bungalow Chelmsford,153 High Street,Chelmsford,CM5 1AB,1385000
6 Bedroom Bungalow Cambridge,116 Victoria Road,Cambridge,CB9 6AB,210000
2 Bedroom Bungalow Chelmsford,15 Church Road,Chelmsford,CM9 9AB,535000
5 Bedroom Apartment Colchester,148 Springfield Road,Colchester,CO8 7AB,360000
1 Bedroom House Norwich,17 Queen Street,Norwich,NR8 5AB,530000
5 Bedroom Cottage Ipswich,297 High Street,Ipswich,IP3 5AB,630000
3 Bedroom Apartment Ipswich,13 High Street,Ipswich,IP1 4AB,315000
6 Bedroom Apartment Ipswich,288 High Street,Ipswich,IP5 7AB,1255000
1 Bedroom Cottage London,179 Queen Street,London,E7 2AB,1055000
5 Bedroom Apartment Colchester,20 Mill Lane,Colchester,CO9 6AB,1435000
6 Bedroom Bungalow Ipswich,193 Springfield Road,Ipswich,IP2 5AB,1265000
6 Bedroom Cottage Colchester,219 Victoria Road,Colchester,CO7 2AB,340000
2 Bedroom Bungalow Chelmsford,62 Queen Street,Chelmsford,CM5 1AB,1040000
6 Bedroom Cottage Colchester,140 Queen Street,Colchester,CO2 2AB,710000
2 Bedroom Apartment Colchester,238 High Street,Colchester,CO3 8AB,360000
3 Bedroom Cottage Ipswich,209 Church Road,Ipswich,IP9 2AB,715000
6 Bedroom House Colchester,127 Church Road,Colchester,CO3 2AB,1415000
6 Bedroom House Ipswich,120 High Street,Ipswich,IP2 7AB,895000
4 Bedroom House Norwich,89 King Street,Norwich,NR5 4AB,855000
5 Bedroom Cottage Ipswich,282 Mill Lane,Ipswich,IP8 2AB,1230000
4 Bedroom House Cambridge,178 Church Road,Cambridge,CB9 3AB,715000
4 Bedroom Apartment Norwich,272 Queen Street,Norwich,NR2 4AB,760000
6 Bedroom Bungalow London,268 Park Road,London,E2 3AB,1395000
5 Bedroom House Ipswich,173 Park Road,Ipswich,IP8 9AB,685000
2 Bedroom House Colchester,59 Station Road,Colchester,CO3 1AB,1280000
6 Bedroom Cottage Cambridge,199 King Street,Cambridge,CB6 4AB,255000
1 Bedroom Cottage Norwich,114 Springfield Road,Norwich,NR1 4AB,580000
2 Bedroom House Ipswich,190 Church Road,Ipswich,IP9 3AB,815000
6 Bedroom House Chelmsford,168 London Road,Chelmsford,CM4 4AB,960000
6 Bedroom Cottage Cambridge,193 Victoria Road,Cambridge,CB9 2AB,835000
6 Bedroom House Cambridge,206 Mill Lane,Cambridge,CB4 5AB,620000
5 Bedroom Cottage Chelmsford,48 Victoria Road,Chelmsford,CM5 5AB,600000
3 Bedroom Cottage Colchester,273 London Road,Colchester,CO7 6AB,345000
2 Bedroom Cottage Norwich,68 Victoria Road,Norwich,NR6 4AB,485000
6 Bedroom Apartment Chelmsford,83 Queen Street,Chelmsford,CM9 8AB,355000
2 Bedroom Bungalow Ipswich,13 Victoria Road,Ipswich,IP8 9AB,175000
4 Bedroom House London,16 Springfield Road,London,E1 1AB,875000
5 Bedroom Bungalow Cambridge,188 Park Road,Cambridge,CB8 3AB,1485000
1 Bedroom Apartment London,85 Park Road,London,E6 2AB,235000
2 Bedroom Apartment Cambridge,151 Victoria Road,Cambridge,CB2 7AB,985000
5 Bedroom Cottage Norwich,86 Springfield Road,Norwich,NR2 8AB,500000
6 Bedroom Bungalow Colchester,235 Church Road,Colchester,CO9 1AB,390000
2 Bedroom Bungalow Colchester,289 High Street,Colchester,CO2 6AB,1415000
3 Bedroom House Norwich,271 High Street,Norwich,NR2 6AB,950000
1 Bedroom Apartment Norwich,8 King Street,Norwich,NR8 9AB,760000
1 Bedroom House Colchester,93 King Street,Colchester,CO7 9AB,1165000
6 Bedroom Apartment Colchester,25 Church Road,Colchester,CO6 1AB,515000
2 Bedroom House Cambridge,43 London Road,Cambridge,CB3 3AB,1385000
6 Bedroom Apartment Ipswich,115 High Street,Ipswich,IP6 1AB,340000
6 Bedroom Cottage Norwich,72 King Street,Norwich,NR3 3AB,335000
3 Bedroom Bungalow London,116 Queen Street,London,E8 9AB,185000
4 Bedroom Bungalow Cambridge,165 Church Road,Cambridge,CB8 3AB,1420000
5 Bedroom Apartment Norwich,210 Victoria Road,Norwich,NR5 9AB,925000
2 Bedroom Bungalow Cambridge,141 London Road,Cambridge,CB2 6AB,230000
4 Bedroom House Colchester,143 London Road,Colchester,CO4 1AB,260000
4 Bedroom House Norwich,236 Springfield Road,Norwich,NR3 7AB,605000
4 Bedroom Apartment Norwich,253 Station Road,Norwich,NR5 7AB,460000
3 Bedroom Apartment Colchester,102 Queen Street,Colchester,CO6 9AB,325000
3 Bedroom Apartment London,45 High Street,London,E8 7AB,340000
5 Bedroom Apartment Norwich,254 Victoria Road,Norwich,NR8 8AB,625000
2 Bedroom Cottage Colchester,120 King Street,Colchester,CO1 9AB,845000
1 Bedroom Bungalow London,198 Station Road,London,E9 4AB,1445000
1 Bedroom House Colchester,229 Springfield Road,Colchester,CO5 1AB,1085000
6 Bedroom Cottage Colchester,3 King Street,Colchester,CO8 6AB,500000
2 Bedroom House Norwich,29 Station Road,Norwich,NR4 6AB,645000
2 Bedroom House Colchester,204 Station Road,Colchester,CO4 2AB,710000
2 Bedroom House Ipswich,252 Park Road,Ipswich,IP4 8AB,700000
3 Bedroom House London,51 Springfield Road,London,E5 6AB,615000
1 Bedroom Bungalow Chelmsford,131 Queen Street,Chelmsford,CM2 8AB,1195000
5 Bedroom Bungalow London,171 Mill Lane,London,E9 5AB,970000
2 Bedroom House Cambridge,271 London Road,Cambridge,CB1 8AB,1470000
4 Bedroom Bungalow Norwich,157 Springfield Road,Norwich,NR2 3AB,350000
2 Bedroom Apartment London,16 High Street,London,E8 6AB,630000
3 Bedroom Apartment Cambridge,91 Park Road,Cambridge,CB4 4AB,790000
6 Bedroom House Ipswich,63 Victoria Road,Ipswich,IP1 8AB,1100000
1 Bedroom Cottage Ipswich,240 Park Road,Ipswich,IP9 1AB,1460000
4 Bedroom Apartment Chelmsford,123 London Road,Chelmsford,CM3 4AB,1450000
6 Bedroom Cottage London,47 London Road,London,E7 8AB,910000
5 Bedroom Apartment Colchester,191 Queen Street,Colchester,CO6 9AB,1095000
4 Bedroom Bungalow Norwich,257 Springfield Road,Norwich,NR6 4AB,1035000
6 Bedroom Bungalow Cambridge,8 Station Road,Cambridge,CB2 5AB,580000
6 Bedroom Cottage London,165 Church Road,London,E6 5AB,1285000
2 Bedroom Bungalow Colchester,12 London Road,Colchester,CO9 5AB,395000
5 Bedroom Cottage Cambridge,62 Victoria Road,Cambridge,CB8 7AB,1040000
2 Bedroom Cottage London,26 Victoria Road,London,E5 8AB,505000
2 Bedroom House Colchester,168 Springfield Road,Colchester,CO3 6AB,490000
1 Bedroom House London,31 Church Road,London,E2 2AB,200000
3 Bedroom Bungalow Chelmsford,227 Springfield Road,Chelmsford,CM2 7AB,445000
1 Bedroom House London,70 Mill Lane,London,E2 3AB,890000
4 Bedroom House Chelmsford,257 High Street,Chelmsford,CM7 1AB,670000
3 Bedroom Apartment Norwich,44 Victoria Road,Norwich,NR5 2AB,345000
3 Bedroom Bungalow Colchester,235 Station Road,Colchester,CO9 6AB,990000
1 Bedroom House Ipswich,35 Church Road,Ipswich,IP6 5AB,300000
5 Bedroom House Norwich,259 London Road,Norwich,NR2 5AB,515000
1 Bedroom Apartment London,289 London Road,London,E9 8AB,1405000
3 Bedroom Cottage Cambridge,280 Springfield Road,Cambridge,CB9 4AB,1240000
4 Bedroom House London,126 High Street,London,E3 5AB,1285000
1 Bedroom Apartment Chelmsford,76 London Road,Chelmsford,CM7 4AB,515000
4 Bedroom Bungalow Cambridge,17 London Road,Cambridge,CB2 4AB,1080000
2 Bedroom Bungalow Chelmsford,208 King Street,Chelmsford,CM9 9AB,1075000
2 Bedroom House Ipswich,267 King Street,Ipswich,IP3 5AB,650000
5 Bedroom Cottage Chelmsford,99 Victoria Road,Chelmsford,CM3 4AB,575000
2 Bedroom Bungalow Cambridge,268 Church Road,Cambridge,CB4 3AB,720000
5 Bedroom Apartment Ipswich,197 Victoria Road,Ipswich,IP6 4AB,505000
2 Bedroom Apartment Cambridge,154 Mill Lane,Cambridge,CB3 5AB,285000
4 Bedroom Bungalow Cambridge,8 King Street,Cambridge,CB8 5AB,1075000
5 Bedroom Bungalow Norwich,283 Park Road,Norwich,NR7 8AB,475000
2 Bedroom Bungalow Ipswich,15 Victoria Road,Ipswich,IP3 8AB,1060000
2 Bedroom Bungalow Colchester,261 Springfield Road,Colchester,CO3 2AB,345000
6 Bedroom Cottage Cambridge,248 Victoria Road,Cambridge,CB6 1AB,555000
6 Bedroom Cottage Ipswich,283 Mill Lane,Ipswich,IP7 5AB,975000
1 Bedroom Bungalow Colchester,6 Station Road,Colchester,CO7 3AB,505000
2 Bedroom Bungalow London,238 Mill Lane,London,E2 3AB,1275000
6 Bedroom Cottage Ipswich,83 Mill Lane,Ipswich,IP8 3AB,355000
2 Bedroom Cottage Colchester,59 Queen Street,Colchester,CO6 4AB,770000
1 Bedroom House Colchester,106 King Street,Colchester,CO6 2AB,315000
4 Bedroom Cottage Cambridge,149 Park Road,Cambridge,CB5 7AB,295000
2 Bedroom Bungalow Cambridge,259 Victoria Road,Cambridge,CB3 7AB,1420000
5 Bedroom Apartment Norwich,108 Queen Street,Norwich,NR2 3AB,1065000
3 Bedroom Cottage Cambridge,191 Church Road,Cambridge,CB7 1AB,910000
5 Bedroom Apartment Ipswich,287 Queen Street,Ipswich,IP7 5AB,1485000
3 Bedroom Apartment Ipswich,136 King Street,Ipswich,IP5 9AB,1235000
3 Bedroom House London,157 Station Road,London,E4 4AB,1490000
3 Bedroom Cottage Colchester,114 Station Road,Colchester,CO8 3AB,1405000
4 Bedroom Bungalow Ipswich,99 Springfield Road,Ipswich,IP8 8AB,1410000
4 Bedroom House Ipswich,8 London Road,Ipswich,IP5 2AB,265000
1 Bedroom House Colchester,230 Queen Street,Colchester,CO1 4AB,620000
2 Bedroom Cottage Norwich,179 High Street,Norwich,NR7 4AB,685000
2 Bedroom Apartment Ipswich,14 Springfield Road,Ipswich,IP2 6AB,375000
6 Bedroom Cottage Colchester,250 High Street,Colchester,CO9 7AB,970000
2 Bedroom Apartment Norwich,25 London Road,Norwich,NR4 1AB,235000
4 Bedroom Apartment Cambridge,164 Station Road,Cambridge,CB8 9AB,915000
3 Bedroom Bungalow Norwich,197 King Street,Norwich,NR4 7AB,675000
1 Bedroom Apartment Norwich,154 Park Road,Norwich,NR2 4AB,1350000
5 Bedroom Apartment London,100 Springfield Road,London,E4 4AB,635000
2 Bedroom Bungalow Colchester,38 Park Road,Colchester,CO1 3AB,275000
4 Bedroom Apartment Norwich,172 Victoria Road,Norwich,NR7 1AB,430000
2 Bedroom Cottage Ipswich,204 High Street,Ipswich,IP3 6AB,1210000
4 Bedroom Apartment Cambridge,285 Park Road,Cambridge,CB4 5AB,255000
2 Bedroom Cottage Cambridge,247 London Road,Cambridge,CB9 9AB,500000
4 Bedroom Bungalow Norwich,183 Mill Lane,Norwich,NR8 7AB,275000
1 Bedroom Apartment Colchester,123 Queen Street,Colchester,CO9 3AB,1030000
3 Bedroom House London,217 Mill Lane,London,E3 7AB,965000
1 Bedroom Apartment Colchester,229 High Street,Colchester,CO3 5AB,810000
1 Bedroom Cottage Norwich,137 Queen Street,Norwich,NR6 8AB,460000
1 Bedroom Apartment Cambridge,161 King Street,Cambridge,CB8 6AB,755000
1 Bedroom Bungalow Norwich,9 Springfield Road,Norwich,NR8 8AB,635000
4 Bedroom Cottage London,109 Springfield Road,London,E1 1AB,1355000
6 Bedroom House Ipswich,64 Station Road,Ipswich,IP3 1AB,1085000
6 Bedroom Apartment Cambridge,10 High Street,Cambridge,CB9 9AB,735000
2 Bedroom House London,193 Park Road,London,E8 8AB,575000
3 Bedroom Cottage Ipswich,24 High Street,Ipswich,IP2 2AB,370000
5 Bedroom Bungalow Norwich,276 Queen Street,Norwich,NR1 2AB,175000
3 Bedroom Cottage Chelmsford,153 Station Road,Chelmsford,CM9 6AB,1000000
6 Bedroom Apartment Norwich,9 Park Road,Norwich,NR1 7AB,580000
2 Bedroom Bungalow Norwich,145 London Road,Norwich,NR5 7AB,1455000
4 Bedroom Bungalow Colchester,146 Church Road,Colchester,CO1 4AB,1240000
5 Bedroom Cottage London,267 Church Road,London,E7 7AB,1495000
4 Bedroom Cottage Ipswich,122 Mill Lane,Ipswich,IP7 3AB,585000
1 Bedroom Apartment Ipswich,206 Springfield Road,Ipswich,IP2 9AB,1480000
1 Bedroom Cottage Ipswich,78 Church Road,Ipswich,IP6 4AB,1180000
6 Bedroom Bungalow Chelmsford,250 Park Road,Chelmsford,CM3 6AB,1215000
4 Bedroom Cottage Ipswich,99 Church Road,Ipswich,IP7 1AB,365000
2 Bedroom House Norwich,209 Park Road,Norwich,NR8 3AB,730000
5 Bedroom House Norwich,230 Springfield Road,Norwich,NR1 4AB,1495000
4 Bedroom House Cambridge,180 Victoria Road,Cambridge,CB1 1AB,360000
4 Bedroom House Chelmsford,112 Station Road,Chelmsford,CM9 1AB,300000
3 Bedroom Bungalow Ipswich,180 King Street,Ipswich,IP5 8AB,615000
1 Bedroom House Cambridge,86 Queen Street,Cambridge,CB4 9AB,660000
5 Bedroom Cottage Colchester,95 Queen Street,Colchester,CO8 4AB,1090000
6 Bedroom Bungalow Chelmsford,44 Victoria Road,Chelmsford,CM8 6AB,1185000
4 Bedroom House Chelmsford,92 Mill Lane,Chelmsford,CM9 9AB,610000
4 Bedroom Apartment Ipswich,96 Station Road,Ipswich,IP7 6AB,1475000
3 Bedroom Cottage London,134 Queen Street,London,E8 2AB,810000
3 Bedroom House Colchester,271 High Street,Colchester,CO4 9AB,485000
1 Bedroom Apartment Cambridge,90 Church Road,Cambridge,CB2 8AB,1440000
6 Bedroom Cottage London,257 Church Road,London,E3 1AB,1010000
5 Bedroom Bungalow Ipswich,53 Station Road,Ipswich,IP1 3AB,1260000
2 Bedroom Cottage Colchester,299 London Road,Colchester,CO5 4AB,1250000
6 Bedroom Cottage Colchester,25 Springfield Road,Colchester,CO7 6AB,1435000
6 Bedroom Bungalow Chelmsford,199 Park Road,Chelmsford,CM8 4AB,735000
2 Bedroom House Norwich,198 Church Road,Norwich,NR7 6AB,850000
3 Bedroom Bungalow London,75 High Street,London,E9 8AB,760000
5 Bedroom Cottage Cambridge,10 King Street,Cambridge,CB3 2AB,545000
1 Bedroom Apartment Norwich,292 Church Road,Norwich,NR5 3AB,775000
5 Bedroom Apartment Chelmsford,280 Victoria Road,Chelmsford,CM9 9AB,360000
3 Bedroom Apartment Norwich,169 Mill Lane,Norwich,NR9 5AB,985000
1 Bedroom House London,94 High Street,London,E6 7AB,340000
3 Bedroom Apartment Cambridge,14 Church Road,Cambridge,CB6 8AB,970000
4 Bedroom Bungalow Ipswich,124 Queen Street,Ipswich,IP8 9AB,1115000
6 Bedroom Cottage Ipswich,144 Station Road,Ipswich,IP7 5AB,995000
1 Bedroom House Colchester,94 Mill Lane,Colchester,CO9 6AB,640000
6 Bedroom Apartment Ipswich,230 London Road,Ipswich,IP7 2AB,715000
1 Bedroom Cottage Chelmsford,64 High Street,Chelmsford,CM1 9AB,1435000
1 Bedroom Cottage Norwich,76 Church Road,Norwich,NR6 6AB,890000
2 Bedroom Cottage Cambridge,289 Queen Street,Cambridge,CB2 3AB,975000
1 Bedroom Bungalow Norwich,77 Church Road,Norwich,NR9 7AB,680000
1 Bedroom House London,227 King Street,London,E2 2AB,635000
1 Bedroom House London,80 Victoria Road,London,E1 5AB,970000
4 Bedroom Bungalow Chelmsford,157 King Street,Chelmsford,CM4 3AB,200000
6 Bedroom Apartment Chelmsford,125 Queen Street,Chelmsford,CM3 3AB,975000
5 Bedroom Apartment Cambridge,134 High Street,Cambridge,CB7 2AB,1105000
6 Bedroom Bungalow London,192 Victoria Road,London,E4 4AB,605000
4 Bedroom Cottage Ipswich,294 High Street,Ipswich,IP8 1AB,240000
1 Bedroom Apartment London,2 King Street,London,E7 7AB,1150000
1 Bedroom Bungalow Cambridge,244 Springfield Road,Cambridge,CB8 3AB,1495000
6 Bedroom Apartment Colchester,33 London Road,Colchester,CO7 6AB,485000
3 Bedroom Bungalow Cambridge,167 High Street,Cambridge,CB3 3AB,785000
2 Bedroom House London,158 London Road,London,E3 4AB,590000
1 Bedroom Apartment London,85 Queen Street,London,E2 2AB,930000
6 Bedroom Apartment Colchester,152 London Road,Colchester,CO4 6AB,400000
1 Bedroom House Cambridge,129 Church Road,Cambridge,CB7 7AB,1375000
4 Bedroom Cottage Norwich,86 Victoria Road,Norwich,NR6 8AB,240000
3 Bedroom Bungalow London,160 High Street,London,E9 5AB,950000
1 Bedroom House Chelmsford,215 Mill Lane,Chelmsford,CM2 3AB,850000
6 Bedroom Cottage Norwich,174 Springfield Road,Norwich,NR6 2AB,905000
4 Bedroom House Norwich,292 Station Road,Norwich,NR5 4AB,390000
6 Bedroom Bungalow London,176 Station Road,London,E8 3AB,925000
3 Bedroom House Ipswich,267 Station Road,Ipswich,IP8 1AB,925000
2 Bedroom Cottage Chelmsford,251 Queen Street,Chelmsford,CM7 7AB,1415000
5 Bedroom House Ipswich,99 King Street,Ipswich,IP3 6AB,1045000
1 Bedroom Bungalow Chelmsford,259 Mill Lane,Chelmsford,CM6 9AB,915000
5 Bedroom Cottage Chelmsford,14 Victoria Road,Chelmsford,CM4 2AB,745000
4 Bedroom Apartment Colchester,208 Mill Lane,Colchester,CO4 8AB,1410000
5 Bedroom Bungalow Chelmsford,42 Park Road,Chelmsford,CM9 1AB,950000
1 Bedroom Cottage Norwich,147 King Street,Norwich,NR6 6AB,360000
6 Bedroom House Colchester,55 Park Road,Colchester,CO5 3AB,440000
4 Bedroom Bungalow London,140 Mill Lane,London,E7 4AB,385000
1 Bedroom Apartment Colchester,214 Queen Street,Colchester,CO1 1AB,300000
4 Bedroom House Norwich,222 London Road,Norwich,NR2 9AB,1320000
1 Bedroom House Norwich,209 Mill Lane,Norwich,NR7 6AB,540000
5 Bedroom Cottage Cambridge,138 Mill Lane,Cambridge,CB8 4AB,355000
5 Bedroom House Cambridge,149 Springfield Road,Cambridge,CB5 2AB,235000
5 Bedroom Apartment Norwich,233 Springfield Road,Norwich,NR9 7AB,1210000
6 Bedroom Cottage Ipswich,86 Station Road,Ipswich,IP3 4AB,995000
6 Bedroom Apartment Norwich,225 Victoria Road,Norwich,NR2 5AB,1190000
6 Bedroom Bungalow Chelmsford,279 Queen Street,Chelmsford,CM1 5AB,1385000
4 Bedroom Apartment Ipswich,68 Station Road,Ipswich,IP4 1AB,1305000
5 Bedroom Cottage Norwich,35 Mill Lane,Norwich,NR7 2AB,690000
4 Bedroom Apartment Ipswich,284 Station Road,Ipswich,IP6 7AB,480000
5 Bedroom Bungalow Colchester,129 London Road,Colchester,CO9 9AB,1125000
3 Bedroom Apartment London,98 Park Road,London,E7 8AB,700000
1 Bedroom Bungalow London,175 Park Road,London,E1 4AB,1405000
6 Bedroom Apartment Ipswich,22 Station Road,Ipswich,IP5 1AB,460000
1 Bedroom Apartment Chelmsford,85 Springfield Road,Chelmsford,CM9 2AB,1230000
1 Bedroom Bungalow Ipswich,41 King Street,Ipswich,IP7 8AB,1430000
4 Bedroom Apartment Colchester,211 Springfield Road,Colchester,CO2 4AB,795000
2 Bedroom Bungalow London,230 Mill Lane,London,E7 5AB,1150000
1 Bedroom House Chelmsford,62 King Street,Chelmsford,CM3 8AB,220000
5 Bedroom Apartment London,35 Church Road,London,E2 9AB,1360000
4 Bedroom Apartment Ipswich,266 Queen Street,Ipswich,IP2 8AB,290000
1 Bedroom Bungalow Ipswich,100 Church Road,Ipswich,IP7 8AB,845000
4 Bedroom Bungalow Colchester,52 Church Road,Colchester,CO2 8AB,1380000
6 Bedroom House Chelmsford,264 Springfield Road,Chelmsford,CM2 7AB,620000
4 Bedroom Bungalow Ipswich,278 Church Road,Ipswich,IP9 2AB,1160000
6 Bedroom Cottage London,67 Victoria Road,London,E6 9AB,765000
4 Bedroom Bungalow Chelmsford,163 London Road,Chelmsford,CM7 7AB,430000
1 Bedroom House Ipswich,46 Church Road,Ipswich,IP5 4AB,655000
4 Bedroom Bungalow Norwich,231 Park Road,Norwich,NR5 3AB,315000
5 Bedroom Apartment London,155 High Street,London,E1 4AB,1445000
5 Bedroom Apartment Chelmsford,270 Church Road,Chelmsford,CM9 9AB,825000
6 Bedroom Cottage Ipswich,267 King Street,Ipswich,IP2 2AB,1065000
5 Bedroom Bungalow Ipswich,11 King Street,Ipswich,IP1 9AB,280000
2 Bedroom Bungalow Cambridge,241 Springfield Road,Cambridge,CB6 6AB,1250000
5 Bedroom House London,154 Park Road,London,E6 7AB,800000
2 Bedroom House Cambridge,214 Station Road,Cambridge,CB7 2AB,180000
2 Bedroom Apartment Ipswich,103 Park Road,Ipswich,IP9 4AB,215000
3 Bedroom Bungalow Colchester,122 Station Road,Colchester,CO4 6AB,710000
4 Bedroom Bungalow London,276 Church Road,London,E3 5AB,1425000
1 Bedroom Bungalow Cambridge,130 Victoria Road,Cambridge,CB7 7AB,1220000
3 Bedroom Bungalow Ipswich,299 Victoria Road,Ipswich,IP4 4AB,1125000
2 Bedroom Cottage Chelmsford,99 King Street,Chelmsford,CM3 4AB,210000
6 Bedroom Bungalow Norwich,219 Mill Lane,Norwich,NR7 4AB,1350000
5 Bedroom Bungalow Ipswich,219 High Street,Ipswich,IP2 5AB,1290000
1 Bedroom Apartment London,51 Mill Lane,London,E5 3AB,925000
4 Bedroom Cottage Cambridge,232 Park Road,Cambridge,CB1 9AB,365000
5 Bedroom House London,40 London Road,London,E8 7AB,170000
6 Bedroom Cottage Ipswich,50 London Road,Ipswich,IP3 6AB,610000
2 Bedroom Bungalow Colchester,75 High Street,Colchester,CO4 6AB,370000
5 Bedroom Bungalow Cambridge,161 Station Road,Cambridge,CB8 9AB,1450000
4 Bedroom Apartment London,285 Park Road,London,E9 4AB,895000
5 Bedroom Bungalow Cambridge,61 Park Road,Cambridge,CB6 4AB,1320000
6 Bedroom Cottage Norwich,192 Victoria Road,Norwich,NR3 4AB,775000
6 Bedroom House Chelmsford,198 Springfield Road,Chelmsford,CM9 8AB,980000
4 Bedroom House Colchester,186 Springfield Road,Colchester,CO1 3AB,1380000
6 Bedroom Bungalow London,204 Station Road,London,E6 5AB,600000
3 Bedroom House Colchester,216 Victoria Road,Colchester,CO5 6AB,610000
4 Bedroom Apartment London,39 Springfield Road,London,E2 7AB,860000
1 Bedroom Cottage London,9 Springfield Road,London,E1 7AB,1270000
5 Bedroom Apartment Norwich,39 Church Road,Norwich,NR7 1AB,1490000
6 Bedroom Apartment Colchester,182 Church Road,Colchester,CO2 5AB,490000
6 Bedroom Apartment Norwich,130 High Street,Norwich,NR9 5AB,420000
3 Bedroom Cottage London,12 Victoria Road,London,E8 6AB,1460000
1 Bedroom House Cambridge,280 Mill Lane,Cambridge,CB1 7AB,705000
1 Bedroom Cottage London,23 High Street,London,E1 2AB,435000
1 Bedroom House London,192 King Street,London,E1 1AB,1055000
6 Bedroom House Cambridge,11 London Road,Cambridge,CB9 7AB,500000
2 Bedroom Apartment Ipswich,5 Queen Street,Ipswich,IP9 5AB,1380000
2 Bedroom Cottage Cambridge,236 Victoria Road,Cambridge,CB3 6AB,290000
4 Bedroom House Cambridge,130 Mill Lane,Cambridge,CB4 9AB,1490000
3 Bedroom Cottage Norwich,108 Victoria Road,Norwich,NR4 9AB,590000
3 Bedroom Bungalow London,14 Church Road,London,E1 1AB,515000
3 Bedroom House Cambridge,165 London Road,Cambridge,CB4 7AB,1080000
4 Bedroom House Chelmsford,94 Queen Street,Chelmsford,CM8 8AB,1250000
4 Bedroom Bungalow Norwich,132 Springfield Road,Norwich,NR1 4AB,610000
5 Bedroom Bungalow London,83 Victoria Road,London,E6 9AB,210000
5 Bedroom Bungalow London,268 King Street,London,E5 6AB,1165000
2 Bedroom House Cambridge,232 Queen Street,Cambridge,CB8 1AB,160000
3 Bedroom Bungalow Norwich,52 Station Road,Norwich,NR7 2AB,740000
6 Bedroom Cottage Colchester,212 Park Road,Colchester,CO5 4AB,1010000
5 Bedroom Bungalow Chelmsford,244 Queen Street,Chelmsford,CM9 9AB,740000
6 Bedroom Apartment Chelmsford,295 Church Road,Chelmsford,CM4 4AB,270000
3 Bedroom Bungalow London,1 London Road,London,E3 8AB,1095000
6 Bedroom Cottage Chelmsford,49 King Street,Chelmsford,CM6 3AB,1470000
5 Bedroom Cottage Chelmsford,140 Victoria Road,Chelmsford,CM3 6AB,1120000
1 Bedroom Apartment Norwich,98 King Street,Norwich,NR1 5AB,595000
3 Bedroom House London,211 High Street,London,E9 4AB,380000
2 Bedroom Apartment Colchester,20 Springfield Road,Colchester,CO5 8AB,1310000
1 Bedroom House Ipswich,17 King Street,Ipswich,IP6 9AB,300000
5 Bedroom Cottage Chelmsford,90 London Road,Chelmsford,CM1 2AB,1025000
1 Bedroom Cottage Colchester,86 King Street,Colchester,CO3 6AB,675000
6 Bedroom House Colchester,183 London Road,Colchester,CO8 1AB,1450000
6 Bedroom Cottage London,23 Mill Lane,London,E7 8AB,630000
1 Bedroom Cottage London,208 Springfield Road,London,E5 9AB,910000
6 Bedroom Bungalow London,165 London Road,London,E5 5AB,950000
2 Bedroom House Colchester,62 High Street,Colchester,CO3 9AB,1285000
1 Bedroom House London,274 Queen Street,London,E6 9AB,630000
6 Bedroom Apartment Norwich,175 Queen Street,Norwich,NR1 8AB,500000
3 Bedroom Cottage Ipswich,30 Station Road,Ipswich,IP8 3AB,1265000
4 Bedroom House Colchester,70 King Street,Colchester,CO6 1AB,760000
3 Bedroom Cottage Chelmsford,141 Church Road,Chelmsford,CM5 5AB,1390000
1 Bedroom Apartment London,38 Victoria Road,London,E1 3AB,945000
6 Bedroom Apartment Chelmsford,7 Park Road,Chelmsford,CM4 7AB,355000
4 Bedroom Apartment Norwich,123 High Street,Norwich,NR9 4AB,1350000
2 Bedroom Cottage Chelmsford,226 Springfield Road,Chelmsford,CM2 4AB,1440000
6 Bedroom Apartment Cambridge,127 Station Road,Cambridge,CB8 5AB,1210000
4 Bedroom Apartment Cambridge,90 London Road,Cambridge,CB2 3AB,1470000
4 Bedroom Apartment Ipswich,299 Queen Street,Ipswich,IP8 6AB,710000
4 Bedroom House Colchester,146 Park Road,Colchester,CO1 4AB,1385000
6 Bedroom House Ipswich,34 Mill Lane,Ipswich,IP4 3AB,165000
1 Bedroom House Colchester,9 Church Road,Colchester,CO6 1AB,585000
4 Bedroom Cottage London,15 Station Road,London,E7 6AB,380000
2 Bedroom Cottage London,72 Park Road,London,E3 5AB,905000
3 Bedroom Apartment Norwich,199 Mill Lane,Norwich,NR7 8AB,1350000
4 Bedroom House Colchester,278 Victoria Road,Colchester,CO3 5AB,910000
3 Bedroom Cottage London,143 Station Road,London,E2 3AB,1290000
4 Bedroom Apartment London,192 Station Road,London,E7 9AB,1305000
3 Bedroom Apartment Ipswich,94 Springfield Road,Ipswich,IP7 9AB,430000
3 Bedroom House Colchester,85 Queen Street,Colchester,CO3 8AB,850000
1 Bedroom Bungalow Colchester,229 Station Road,Colchester,CO6 6AB,975000
2 Bedroom Cottage Cambridge,86 Queen Street,Cambridge,CB2 5AB,1185000
5 Bedroom Bungalow Colchester,202 Mill Lane,Colchester,CO5 1AB,335000
1 Bedroom Cottage Cambridge,221 High Street,Cambridge,CB9 7AB,375000
3 Bedroom Bungalow Ipswich,46 Springfield Road,Ipswich,IP3 7AB,1395000
6 Bedroom House London,83 King Street,London,E8 8AB,750000
2 Bedroom Apartment Norwich,263 Church Road,Norwich,NR8 8AB,585000
3 Bedroom House Ipswich,209 Springfield Road,Ipswich,IP6 4AB,235000
3 Bedroom Apartment Norwich,152 Church Road,Norwich,NR3 9AB,390000
2 Bedroom Bungalow Chelmsford,139 Springfield Road,Chelmsford,CM3 9AB,635000
5 Bedroom Cottage Ipswich,198 Station Road,Ipswich,IP1 8AB,1045000
4 Bedroom Bungalow Cambridge,133 High Street,Cambridge,CB1 8AB,1225000
4 Bedroom Cottage Colchester,44 Station Road,Colchester,CO3 4AB,600000
1 Bedroom Apartment Colchester,155 King Street,Colchester,CO8 2AB,570000
6 Bedroom House London,173 King Street,London,E6 8AB,865000
6 Bedroom Bungalow Cambridge,199 London Road,Cambridge,CB9 7AB,725000
3 Bedroom House Chelmsford,177 Station Road,Chelmsford,CM2 5AB,750000
4 Bedroom Cottage Chelmsford,35 Station Road,Chelmsford,CM3 4AB,955000
6 Bedroom Bungalow Chelmsford,146 High Street,Chelmsford,CM1 3AB,285000
3 Bedroom Bungalow London,242 Station Road,London,E1 4AB,1340000
1 Bedroom Cottage London,80 Park Road,London,E6 4AB,295000
2 Bedroom House Colchester,199 Station Road,Colchester,CO1 5AB,825000
4 Bedroom Cottage Chelmsford,280 High Street,Chelmsford,CM4 1AB,870000
4 Bedroom Apartment London,91 Station Road,London,E8 7AB,495000
6 Bedroom Apartment London,190 Park Road,London,E2 3AB,185000
2 Bedroom Cottage Chelmsford,32 Park Road,Chelmsford,CM1 3AB,1330000
6 Bedroom Cottage Cambridge,292 Mill Lane,Cambridge,CB5 6AB,1265000
4 Bedroom Bungalow Norwich,29 Queen Street,Norwich,NR5 8AB,1285000
4 Bedroom Bungalow Colchester,3 Park Road,Colchester,CO8 9AB,230000
2 Bedroom Cottage Cambridge,262 High Street,Cambridge,CB4 8AB,1360000
4 Bedroom Cottage Ipswich,294 London Road,Ipswich,IP1 7AB,615000
4 Bedroom Apartment Colchester,26 Church Road,Colchester,CO5 8AB,390000
3 Bedroom Apartment London,25 High Street,London,E4 8AB,1050000
3 Bedroom Apartment Cambridge,253 Mill Lane,Cambridge,CB1 6AB,1220000
1 Bedroom Bungalow Colchester,233 High Street,Colchester,CO7 9AB,745000
4 Bedroom Bungalow Chelmsford,249 High Street,Chelmsford,CM5 9AB,535000
4 Bedroom House Norwich,163 Victoria Road,Norwich,NR2 4AB,840000
2 Bedroom House Cambridge,273 Station Road,Cambridge,CB6 1AB,670000
2 Bedroom Cottage Colchester,98 Park Road,Colchester,CO2 4AB,1370000
4 Bedroom Bungalow London,264 Victoria Road,London,E6 3AB,360000
3 Bedroom House Ipswich,271 Springfield Road,Ipswich,IP4 8AB,1270000
5 Bedroom Bungalow Ipswich,94 Station Road,Ipswich,IP6 6AB,850000
2 Bedroom House Chelmsford,47 King Street,Chelmsford,CM4 9AB,655000
6 Bedroom Apartment Norwich,218 Mill Lane,Norwich,NR2 4AB,1200000
2 Bedroom House London,155 Queen Street,London,E7 8AB,1245000
1 Bedroom Apartment Ipswich,232 Park Road,Ipswich,IP9 8AB,915000
2 Bedroom Apartment Chelmsford,173 London Road,Chelmsford,CM6 5AB,1200000
2 Bedroom Cottage Colchester,140 Victoria Road,Colchester,CO6 7AB,710000
3 Bedroom Bungalow London,196 Victoria Road,London,E2 5AB,1105000
2 Bedroom House Norwich,20 Church Road,Norwich,NR3 2AB,1315000
5 Bedroom Cottage Colchester,171 Mill Lane,Colchester,CO6 4AB,1325000
1 Bedroom Apartment Cambridge,203 Church Road,Cambridge,CB1 8AB,385000
1 Bedroom Bungalow London,192 Mill Lane,London,E1 6AB,1235000
4 Bedroom Bungalow London,183 London Road,London,E8 8AB,470000
6 Bedroom Cottage London,191 Queen Street,London,E4 1AB,485000
1 Bedroom Cottage Chelmsford,261 Springfield Road,Chelmsford,CM3 6AB,775000
2 Bedroom Cottage London,125 Station Road,London,E9 9AB,755000
6 Bedroom Apartment Ipswich,162 Mill Lane,Ipswich,IP5 2AB,1430000
4 Bedroom Bungalow Norwich,205 Springfield Road,Norwich,NR7 3AB,985000
6 Bedroom Bungalow Ipswich,168 Mill Lane,Ipswich,IP3 3AB,1055000
1 Bedroom Apartment Cambridge,40 High Street,Cambridge,CB4 2AB,860000
5 Bedroom Apartment Cambridge,56 Mill Lane,Cambridge,CB1 1AB,410000
3 Bedroom Cottage Ipswich,143 Springfield Road,Ipswich,IP7 8AB,485000
1 Bedroom House London,239 King Street,London,E2 8AB,1230000
6 Bedroom House Chelmsford,8 Park Road,Chelmsford,CM3 2AB,430000
1 Bedroom Bungalow Cambridge,231 Victoria Road,Cambridge,CB9 9AB,765000
2 Bedroom Apartment Cambridge,87 Park Road,Cambridge,CB8 9AB,585000
6 Bedroom Cottage London,28 Station Road,London,E3 9AB,1165000
4 Bedroom Apartment London,117 Park Road,London,E1 4AB,705000
1 Bedroom Apartment Norwich,220 King Street,Norwich,NR1 8AB,1300000
1 Bedroom Bungalow Norwich,86 Church Road,Norwich,NR3 5AB,545000
1 Bedroom Apartment Cambridge,115 Station Road,Cambridge,CB8 6AB,790000
6 Bedroom Cottage Cambridge,146 Station Road,Cambridge,CB8 8AB,1145000
3 Bedroom Apartment Chelmsford,174 King Street,Chelmsford,CM3 9AB,760000
4 Bedroom House Chelmsford,91 Victoria Road,Chelmsford,CM4 6AB,1125000
4 Bedroom Bungalow Cambridge,153 Station Road,Cambridge,CB6 4AB,1325000
4 Bedroom House London,196 High Street,London,E3 6AB,830000
4 Bedroom Cottage Chelmsford,162 Park Road,Chelmsford,CM1 1AB,375000
5 Bedroom Apartment London,212 London Road,London,E8 7AB,1010000
6 Bedroom Cottage Ipswich,188 Queen Street,Ipswich,IP2 8AB,1085000
3 Bedroom Bungalow Cambridge,183 Church Road,Cambridge,CB5 7AB,1425000
3 Bedroom Cottage Colchester,228 Park Road,Colchester,CO9 9AB,200000
2 Bedroom House Chelmsford,121 Victoria Road,Chelmsford,CM6 6AB,730000
2 Bedroom Cottage Chelmsford,14 Victoria Road,Chelmsford,CM9 3AB,360000
5 Bedroom House London,129 High Street,London,E7 5AB,860000
6 Bedroom Cottage Colchester,69 Church Road,Colchester,CO3 1AB,540000
6 Bedroom Bungalow Chelmsford,98 Mill Lane,Chelmsford,CM3 8AB,1215000
2 Bedroom House Chelmsford,214 Mill Lane,Chelmsford,CM7 1AB,890000
6 Bedroom House London,181 High Street,London,E9 1AB,205000
2 Bedroom Apartment Colchester,221 Church Road,Colchester,CO4 2AB,185000
1 Bedroom Apartment Norwich,54 London Road,Norwich,NR5 4AB,1440000
4 Bedroom Bungalow London,77 Queen Street,London,E5 4AB,1290000
4 Bedroom Apartment Norwich,76 Station Road,Norwich,NR3 6AB,515000
2 Bedroom Bungalow Ipswich,284 Station Road,Ipswich,IP2 5AB,300000
5 Bedroom House Ipswich,119 Victoria Road,Ipswich,IP6 6AB,1310000
5 Bedroom Bungalow Colchester,220 Station Road,Colchester,CO2 3AB,600000
4 Bedroom Cottage Cambridge,194 Station Road,Cambridge,CB6 2AB,630000
6 Bedroom House Ipswich,119 Mill Lane,Ipswich,IP5 2AB,1345000
5 Bedroom Bungalow Chelmsford,285 Victoria Road,Chelmsford,CM9 6AB,340000
3 Bedroom House Chelmsford,55 Church Road,Chelmsford,CM8 4AB,825000
2 Bedroom Bungalow Cambridge,167 Park Road,Cambridge,CB3 7AB,190000
5 Bedroom Cottage Chelmsford,251 King Street,Chelmsford,CM6 2AB,160000
2 Bedroom House Colchester,268 Station Road,Colchester,CO9 5AB,185000
1 Bedroom Cottage Cambridge,186 King Street,Cambridge,CB9 6AB,1335000
4 Bedroom Bungalow Cambridge,289 King Street,Cambridge,CB8 8AB,1360000
3 Bedroom Cottage Cambridge,190 Station Road,Cambridge,CB4 6AB,1200000
1 Bedroom Apartment Cambridge,245 London Road,Cambridge,CB6 5AB,885000
1 Bedroom Cottage London,125 Station Road,London,E5 6AB,685000
5 Bedroom Apartment Cambridge,75 High Street,Cambridge,CB5 7AB,735000
6 Bedroom Apartment Ipswich,201 Station Road,Ipswich,IP7 4AB,920000
5 Bedroom Apartment Colchester,264 Station Road,Colchester,CO9 5AB,1055000
5 Bedroom Bungalow Colchester,238 Park Road,Colchester,CO8 7AB,840000
3 Bedroom Cottage Colchester,159 Park Road,Colchester,CO6 1AB,1240000
6 Bedroom House Colchester,255 King Street,Colchester,CO4 9AB,925000
1 Bedroom Bungalow Colchester,224 Victoria Road,Colchester,CO9 6AB,1120000
2 Bedroom Cottage Cambridge,279 Station Road,Cambridge,CB1 8AB,535000
5 Bedroom Apartment Colchester,16 Station Road,Colchester,CO3 4AB,575000
6 Bedroom House Ipswich,205 Queen Street,Ipswich,IP8 2AB,1075000
4 Bedroom Bungalow Chelmsford,60 Queen Street,Chelmsford,CM8 7AB,340000
2 Bedroom House Colchester,144 Queen Street,Colchester,CO6 1AB,810000
6 Bedroom Apartment Colchester,24 Mill Lane,Colchester,CO4 9AB,525000
5 Bedroom House Ipswich,72 Victoria Road,Ipswich,IP1 9AB,635000
6 Bedroom Apartment Colchester,86 Church Road,Colchester,CO1 1AB,1445000
5 Bedroom Apartment London,215 Queen Street,London,E3 8AB,600000
6 Bedroom Bungalow Chelmsford,220 Victoria Road,Chelmsford,CM1 3AB,925000
6 Bedroom House Ipswich,35 High Street,Ipswich,IP6 6AB,1035000
1 Bedroom House Cambridge,79 London Road,Cambridge,CB6 1AB,1125000
2 Bedroom House Ipswich,153 Victoria Road,Ipswich,IP9 6AB,885000
3 Bedroom Apartment Cambridge,6 Queen Street,Cambridge,CB6 6AB,990000
6 Bedroom Cottage Ipswich,100 Mill Lane,Ipswich,IP3 5AB,780000
3 Bedroom Apartment Cambridge,66 Mill Lane,Cambridge,CB8 5AB,1260000
2 Bedroom House Chelmsford,260 Victoria Road,Chelmsford,CM1 3AB,255000
6 Bedroom Bungalow Chelmsford,254 Mill Lane,Chelmsford,CM8 2AB,220000
3 Bedroom Cottage Cambridge,265 Victoria Road,Cambridge,CB5 3AB,1445000
1 Bedroom Cottage Cambridge,244 High Street,Cambridge,CB8 6AB,1100000
5 Bedroom Apartment Ipswich,210 King Street,Ipswich,IP2 2AB,1070000
3 Bedroom Apartment Chelmsford,204 Victoria Road,Chelmsford,CM2 7AB,370000
4 Bedroom Apartment Chelmsford,243 Springfield Road,Chelmsford,CM1 2AB,1150000
2 Bedroom House Cambridge,102 London Road,Cambridge,CB3 2AB,1260000
5 Bedroom Bungalow Cambridge,190 King Street,Cambridge,CB9 5AB,335000
2 Bedroom Cottage Colchester,223 Mill Lane,Colchester,CO5 6AB,220000
5 Bedroom Bungalow London,122 King Street,London,E9 7AB,325000
2 Bedroom Apartment Cambridge,251 King Street,Cambridge,CB4 8AB,1430000
1 Bedroom Cottage Chelmsford,74 Springfield Road,Chelmsford,CM8 9AB,1070000
1 Bedroom Apartment Norwich,262 Church Road,Norwich,NR3 2AB,1085000
5 Bedroom Bungalow Colchester,94 Mill Lane,Colchester,CO7 8AB,665000
5 Bedroom Bungalow London,77 Park Road,London,E2 9AB,770000
4 Bedroom Apartment Cambridge,101 Church Road,Cambridge,CB5 6AB,655000
2 Bedroom Bungalow Cambridge,284 Springfield Road,Cambridge,CB9 7AB,1130000
3 Bedroom Bungalow Ipswich,38 High Street,Ipswich,IP9 4AB,720000
4 Bedroom House Norwich,300 High Street,Norwich,NR6 5AB,170000
3 Bedroom Cottage Norwich,210 Queen Street,Norwich,NR8 9AB,495000
5 Bedroom Bungalow Chelmsford,221 Station Road,Chelmsford,CM3 5AB,1265000
2 Bedroom Apartment Cambridge,86 Park Road,Cambridge,CB2 4AB,1290000
5 Bedroom Apartment Ipswich,132 Victoria Road,Ipswich,IP5 4AB,1290000
1 Bedroom Bungalow Chelmsford,211 Springfield Road,Chelmsford,CM9 1AB,265000
3 Bedroom Apartment Cambridge,40 King Street,Cambridge,CB4 9AB,1190000
3 Bedroom House Ipswich,83 London Road,Ipswich,IP7 6AB,950000
2 Bedroom House Cambridge,46 Queen Street,Cambridge,CB5 2AB,310000
3 Bedroom House Chelmsford,200 London Road,Chelmsford,CM2 7AB,420000
6 Bedroom Bungalow Norwich,148 High Street,Norwich,NR9 1AB,245000
1 Bedroom Cottage London,168 Springfield Road,London,E3 4AB,700000
6 Bedroom House Norwich,94 Church Road,Norwich,NR7 2AB,1465000
3 Bedroom Bungalow London,293 Springfield Road,London,E4 5AB,1415000
5 Bedroom Cottage Colchester,199 Church Road,Colchester,CO5 4AB,455000
1 Bedroom Cottage London,173 Park Road,London,E9 3AB,1280000
3 Bedroom Bungalow London,247 King Street,London,E1 3AB,540000
6 Bedroom Cottage London,131 Queen Street,London,E6 7AB,755000
4 Bedroom Apartment Colchester,188 Springfield Road,Colchester,CO9 4AB,635000
3 Bedroom Bungalow Cambridge,94 King Street,Cambridge,CB6 2AB,1245000
5 Bedroom Bungalow London,278 Station Road,London,E7 9AB,395000
4 Bedroom Bungalow London,194 Mill Lane,London,E3 2AB,1230000
1 Bedroom Apartment Chelmsford,26 Queen Street,Chelmsford,CM7 3AB,260000
6 Bedroom Apartment Chelmsford,160 Mill Lane,Chelmsford,CM4 5AB,625000
6 Bedroom Apartment Norwich,251 Queen Street,Norwich,NR3 8AB,1320000
2 Bedroom House Chelmsford,265 High Street,Chelmsford,CM2 3AB,1230000
2 Bedroom Cottage Chelmsford,48 Park Road,Chelmsford,CM5 9AB,915000
4 Bedroom House Norwich,56 Church Road,Norwich,NR6 9AB,1495000
2 Bedroom Bungalow Chelmsford,128 High Street,Chelmsford,CM2 1AB,520000
2 Bedroom Cottage Ipswich,233 London Road,Ipswich,IP9 5AB,1415000
1 Bedroom House Norwich,198 Church Road,Norwich,NR6 4AB,1035000
1 Bedroom Apartment Chelmsford,203 Park Road,Chelmsford,CM1 6AB,1370000
2 Bedroom Apartment Ipswich,47 King Street,Ipswich,IP8 2AB,395000
4 Bedroom House Ipswich,152 Springfield Road,Ipswich,IP7 4AB,845000
2 Bedroom Cottage London,254 Park Road,London,E9 3AB,490000
1 Bedroom Apartment Chelmsford,192 Springfield Road,Chelmsford,CM2 5AB,1410000
3 Bedroom House Colchester,64 London Road,Colchester,CO8 3AB,800000
6 Bedroom Cottage Colchester,224 Mill Lane,Colchester,CO2 4AB,1150000
4 Bedroom Bungalow Chelmsford,161 Springfield Road,Chelmsford,CM9 7AB,1100000
5 Bedroom House Norwich,234 Queen Street,Norwich,NR3 7AB,1420000
5 Bedroom House Ipswich,100 Victoria Road,Ipswich,IP6 6AB,280000
6 Bedroom Cottage Norwich,57 Victoria Road,Norwich,NR8 1AB,605000
4 Bedroom House Chelmsford,114 Springfield Road,Chelmsford,CM6 6AB,1200000
1 Bedroom Bungalow Chelmsford,88 Springfield Road,Chelmsford,CM8 2AB,480000
3 Bedroom House Colchester,106 Park Road,Colchester,CO4 9AB,1130000
1 Bedroom Cottage Chelmsford,97 King Street,Chelmsford,CM7 4AB,1405000
2 Bedroom Apartment Ipswich,291 King Street,Ipswich,IP7 9AB,420000
5 Bedroom Apartment Chelmsford,161 Church Road,Chelmsford,CM1 2AB,1390000
3 Bedroom Apartment London,10 Park Road,London,E3 7AB,530000
6 Bedroom Cottage Chelmsford,11 London Road,Chelmsford,CM1 9AB,980000
4 Bedroom Bungalow Chelmsford,157 High Street,Chelmsford,CM7 1AB,1105000
5 Bedroom Cottage Norwich,135 Park Road,Norwich,NR1 4AB,450000
5 Bedroom Apartment Cambridge,202 Mill Lane,Cambridge,CB4 3AB,1100000
2 Bedroom House Norwich,57 Mill Lane,Norwich,NR8 2AB,1090000
1 Bedroom House Cambridge,55 Station Road,Cambridge,CB3 9AB,1195000
3 Bedroom Bungalow Ipswich,248 Park Road,Ipswich,IP3 7AB,555000
1 Bedroom Cottage Ipswich,188 Mill Lane,Ipswich,IP9 8AB,1050000
5 Bedroom Cottage Cambridge,243 Springfield Road,Cambridge,CB4 4AB,435000
2 Bedroom Apartment Norwich,170 Victoria Road,Norwich,NR9 1AB,810000
6 Bedroom House Colchester,258 Park Road,Colchester,CO5 4AB,545000
6 Bedroom Cottage Chelmsford,53 High Street,Chelmsford,CM6 7AB,355000
4 Bedroom Cottage Ipswich,268 King Street,Ipswich,IP1 6AB,380000
1 Bedroom Cottage Norwich,268 Park Road,Norwich,NR5 2AB,1165000
1 Bedroom Cottage Norwich,220 High Street,Norwich,NR7 8AB,900000
2 Bedroom Cottage London,245 Station Road,London,E5 8AB,965000
6 Bedroom Bungalow Cambridge,1 Queen Street,Cambridge,CB1 5AB,735000
1 Bedroom Bungalow Cambridge,239 King Street,Cambridge,CB5 5AB,895000
3 Bedroom House Cambridge,34 Park Road,Cambridge,CB3 2AB,420000
4 Bedroom Cottage Ipswich,187 Queen Street,Ipswich,IP5 7AB,935000
6 Bedroom Apartment Chelmsford,233 King Street,Chelmsford,CM4 6AB,1465000
2 Bedroom Bungalow Colchester,141 King Street,Colchester,CO8 5AB,1330000
5 Bedroom Apartment Norwich,142 High Street,Norwich,NR5 5AB,535000
4 Bedroom Cottage Chelmsford,22 High Street,Chelmsford,CM3 9AB,955000
1 Bedroom Bungalow Colchester,102 Victoria Road,Colchester,CO5 5AB,800000
5 Bedroom House Ipswich,25 London Road,Ipswich,IP3 3AB,850000
5 Bedroom Apartment Chelmsford,93 Station Road,Chelmsford,CM8 6AB,1085000
1 Bedroom House Norwich,29 Springfield Road,Norwich,NR3 5AB,670000
3 Bedroom Bungalow Colchester,57 Park Road,Colchester,CO4 5AB,720000
4 Bedroom Bungalow Colchester,110 King Street,Colchester,CO8 5AB,580000
3 Bedroom Apartment Cambridge,290 Springfield Road,Cambridge,CB5 4AB,445000
4 Bedroom Bungalow Ipswich,231 Church Road,Ipswich,IP3 1AB,240000
5 Bedroom Apartment Norwich,152 Park Road,Norwich,NR2 3AB,920000
3 Bedroom Bungalow London,99 Church Road,London,E8 3AB,220000
3 Bedroom Apartment Colchester,165 Mill Lane,Colchester,CO3 2AB,390000
3 Bedroom Apartment Chelmsford,13 Queen Street,Chelmsford,CM2 4AB,1495000
5 Bedroom Apartment Ipswich,79 High Street,Ipswich,IP7 3AB,1185000
1 Bedroom Apartment Chelmsford,107 Queen Street,Chelmsford,CM1 5AB,885000
4 Bedroom Apartment London,5 Victoria Road,London,E2 1AB,465000
6 Bedroom Apartment Chelmsford,236 Queen Street,Chelmsford,CM8 7AB,1420000
2 Bedroom Cottage Cambridge,219 London Road,Cambridge,CB6 1AB,560000
2 Bedroom Apartment London,54 Springfield Road,London,E1 7AB,1180000
3 Bedroom House Chelmsford,271 Mill Lane,Chelmsford,CM8 7AB,240000
6 Bedroom Apartment Chelmsford,229 Station Road,Chelmsford,CM8 8AB,1325000
4 Bedroom Bungalow Cambridge,227 Park Road,Cambridge,CB1 7AB,275000
6 Bedroom Apartment Norwich,174 King Street,Norwich,NR1 3AB,1030000
2 Bedroom Cottage Cambridge,2 King Street,Cambridge,CB9 3AB,610000
2 Bedroom House Colchester,36 Queen Street,Colchester,CO1 5AB,965000
6 Bedroom Cottage Chelmsford,160 Queen Street,Chelmsford,CM9 6AB,330000
3 Bedroom Cottage Chelmsford,282 Springfield Road,Chelmsford,CM9 5AB,1020000
1 Bedroom Cottage Cambridge,126 Station Road,Cambridge,CB7 8AB,435000
4 Bedroom Apartment Chelmsford,135 Mill Lane,Chelmsford,CM3 8AB,1310000
5 Bedroom Apartment Norwich,23 Victoria Road,Norwich,NR2 7AB,1005000
2 Bedroom Bungalow Cambridge,133 Springfield Road,Cambridge,CB9 2AB,555000
2 Bedroom Bungalow London,293 King Street,London,E3 6AB,560000
6 Bedroom Bungalow Ipswich,300 London Road,Ipswich,IP1 7AB,650000
4 Bedroom Apartment Norwich,204 Park Road,Norwich,NR6 2AB,670000
1 Bedroom Bungalow Chelmsford,220 Park Road,Chelmsford,CM1 9AB,285000
6 Bedroom Bungalow Chelmsford,86 Springfield Road,Chelmsford,CM1 3AB,355000
2 Bedroom Apartment Norwich,237 King Street,Norwich,NR2 2AB,1130000
1 Bedroom Apartment Chelmsford,204 High Street,Chelmsford,CM5 4AB,815000
2 Bedroom Bungalow Norwich,16 Mill Lane,Norwich,NR4 2AB,590000
2 Bedroom Apartment Chelmsford,263 High Street,Chelmsford,CM7 4AB,850000
1 Bedroom Bungalow Colchester,263 Mill Lane,Colchester,CO5 3AB,615000
4 Bedroom Bungalow Colchester,50 Mill Lane,Colchester,CO4 9AB,1190000
6 Bedroom Bungalow Ipswich,287 King Street,Ipswich,IP9 9AB,350000
5 Bedroom Cottage Chelmsford,241 Queen Street,Chelmsford,CM6 7AB,180000
1 Bedroom Cottage Colchester,24 King Street,Colchester,CO6 3AB,1445000
5 Bedroom Apartment London,204 London Road,London,E7 8AB,560000
5 Bedroom Apartment London,116 Springfield Road,London,E4 7AB,1285000
6 Bedroom House Colchester,203 Victoria Road,Colchester,CO8 2AB,620000
4 Bedroom House Colchester,149 King Street,Colchester,CO8 4AB,720000
2 Bedroom Bungalow London,152 King Street,London,E4 2AB,690000
5 Bedroom Apartment Colchester,278 Victoria Road,Colchester,CO3 4AB,565000
5 Bedroom Bungalow London,74 Mill Lane,London,E8 8AB,660000
2 Bedroom Bungalow Chelmsford,44 Station Road,Chelmsford,CM7 7AB,470000
6 Bedroom Bungalow Norwich,131 Queen Street,Norwich,NR8 5AB,805000
5 Bedroom Bungalow Norwich,43 Mill Lane,Norwich,NR4 3AB,660000
3 Bedroom House London,296 Church Road,London,E5 8AB,510000
5 Bedroom Bungalow Norwich,262 Park Road,Norwich,NR8 9AB,610000
1 Bedroom House Chelmsford,147 Church Road,Chelmsford,CM5 4AB,970000
1 Bedroom Bungalow Norwich,231 London Road,Norwich,NR7 1AB,405000
6 Bedroom Cottage London,5 Station Road,London,E6 8AB,1155000
5 Bedroom Bungalow London,221 Springfield Road,London,E8 8AB,1315000
1 Bedroom Bungalow Chelmsford,238 Park Road,Chelmsford,CM2 5AB,335000
5 Bedroom Bungalow Norwich,256 King Street,Norwich,NR6 4AB,330000
6 Bedroom House Chelmsford,292 Springfield Road,Chelmsford,CM8 5AB,1305000
1 Bedroom Apartment Cambridge,195 High Street,Cambridge,CB6 8AB,1165000
5 Bedroom Cottage Cambridge,139 Springfield Road,Cambridge,CB9 9AB,985000
4 Bedroom Apartment Colchester,218 London Road,Colchester,CO7 7AB,1030000
6 Bedroom Cottage London,240 Queen Street,London,E7 1AB,250000
6 Bedroom Apartment London,174 King Street,London,E1 8AB,645000
4 Bedroom House Colchester,36 Springfield Road,Colchester,CO8 6AB,345000
4 Bedroom Apartment Chelmsford,82 Church Road,Chelmsford,CM2 9AB,915000
1 Bedroom Cottage Norwich,51 Mill Lane,Norwich,NR5 9AB,660000
3 Bedroom Apartment Norwich,254 Queen Street,Norwich,NR9 8AB,320000
1 Bedroom Bungalow Colchester,270 Springfield Road,Colchester,CO3 1AB,605000
4 Bedroom Apartment Norwich,36 London Road,Norwich,NR7 1AB,190000
4 Bedroom House Norwich,241 Mill Lane,Norwich,NR6 1AB,480000
6 Bedroom Cottage Ipswich,240 Park Road,Ipswich,IP7 4AB,1250000
4 Bedroom House Cambridge,40 King Street,Cambridge,CB9 9AB,1240000
3 Bedroom House Cambridge,256 Park Road,Cambridge,CB6 3AB,1065000
3 Bedroom Cottage London,161 High Street,London,E4 4AB,370000
5 Bedroom Bungalow Colchester,53 Station Road,Colchester,CO6 3AB,1410000
4 Bedroom Cottage Ipswich,74 Springfield Road,Ipswich,IP9 3AB,1450000
4 Bedroom House Chelmsford,27 Springfield Road,Chelmsford,CM3 4AB,900000
6 Bedroom Apartment Chelmsford,50 Station Road,Chelmsford,CM9 4AB,235000
4 Bedroom Cottage Colchester,40 Queen Street,Colchester,CO7 2AB,1430000
3 Bedroom Cottage Chelmsford,166 Queen Street,Chelmsford,CM3 3AB,495000
5 Bedroom Bungalow Chelmsford,13 Mill Lane,Chelmsford,CM9 3AB,505000
4 Bedroom Bungalow Chelmsford,31 London Road,Chelmsford,CM4 9AB,400000
5 Bedroom House Norwich,84 King Street,Norwich,NR6 1AB,625000
2 Bedroom Cottage Chelmsford,211 Park Road,Chelmsford,CM9 6AB,165000
3 Bedroom House Colchester,117 Queen Street,Colchester,CO1 6AB,380000
4 Bedroom Cottage Cambridge,94 Park Road,Cambridge,CB6 9AB,1390000
5 Bedroom Bungalow Ipswich,165 Church Road,Ipswich,IP8 5AB,250000
4 Bedroom Cottage Colchester,74 London Road,Colchester,CO5 7AB,895000
5 Bedroom House Colchester,112 Station Road,Colchester,CO1 1AB,1410000
4 Bedroom Bungalow Norwich,18 Queen Street,Norwich,NR7 8AB,695000
6 Bedroom Cottage Colchester,107 London Road,Colchester,CO8 2AB,315000
2 Bedroom Apartment Chelmsford,28 Church Road,Chelmsford,CM3 2AB,1460000
6 Bedroom Cottage Colchester,212 London Road,Colchester,CO5 7AB,570000
5 Bedroom Bungalow Cambridge,266 London Road,Cambridge,CB4 8AB,180000
2 Bedroom House Ipswich,192 Springfield Road,Ipswich,IP1 1AB,355000
1 Bedroom House Ipswich,195 Springfield Road,Ipswich,IP1 8AB,865000
1 Bedroom Bungalow London,295 Queen Street,London,E7 4AB,770000
4 Bedroom Cottage Norwich,175 Park Road,Norwich,NR6 3AB,1260000
4 Bedroom Cottage Norwich,80 Mill Lane,Norwich,NR6 9AB,435000
6 Bedroom Bungalow London,3 Queen Street,London,E6 5AB,900000
6 Bedroom Cottage Cambridge,171 London Road,Cambridge,CB7 9AB,1105000
6 Bedroom Bungalow London,267 Springfield Road,London,E2 5AB,1140000
2 Bedroom House Ipswich,104 Springfield Road,Ipswich,IP4 1AB,360000
1 Bedroom Bungalow Chelmsford,279 London Road,Chelmsford,CM1 9AB,385000
5 Bedroom Bungalow London,9 London Road,London,E4 3AB,1385000
5 Bedroom Apartment London,203 High Street,London,E1 5AB,1360000
4 Bedroom Apartment Chelmsford,116 King Street,Chelmsford,CM3 1AB,990000
3 Bedroom Bungalow Colchester,62 King Street,Colchester,CO5 9AB,885000
6 Bedroom Apartment Chelmsford,44 London Road,Chelmsford,CM4 7AB,1295000
5 Bedroom Cottage London,238 Victoria Road,London,E2 2AB,475000
5 Bedroom Bungalow Ipswich,113 King Street,Ipswich,IP6 8AB,290000
3 Bedroom House Chelmsford,292 Springfield Road,Chelmsford,CM9 9AB,635000
4 Bedroom House Cambridge,287 Station Road,Cambridge,CB2 6AB,1465000
5 Bedroom Bungalow Cambridge,150 King Street,Cambridge,CB8 3AB,1180000
1 Bedroom Apartment London,142 High Street,London,E7 1AB,520000
5 Bedroom Apartment Chelmsford,196 Springfield Road,Chelmsford,CM9 4AB,400000
3 Bedroom Cottage Chelmsford,23 Church Road,Chelmsford,CM9 4AB,1090000
5 Bedroom Cottage Cambridge,119 Mill Lane,Cambridge,CB4 3AB,1310000
5 Bedroom Bungalow Cambridge,164 London Road,Cambridge,CB7 4AB,170000
4 Bedroom House Chelmsford,205 Station Road,Chelmsford,CM8 4AB,1300000
4 Bedroom Bungalow Ipswich,79 Church Road,Ipswich,IP2 7AB,825000
3 Bedroom Apartment Colchester,96 High Street,Colchester,CO7 1AB,1205000
6 Bedroom Apartment Colchester,225 High Street,Colchester,CO6 9AB,1020000
6 Bedroom Cottage Ipswich,168 Springfield Road,Ipswich,IP7 5AB,930000
5 Bedroom Bungalow Cambridge,87 Station Road,Cambridge,CB6 7AB,1340000
1 Bedroom Apartment Cambridge,219 King Street,Cambridge,CB7 4AB,385000
1 Bedroom Cottage Colchester,42 King Street,Colchester,CO1 7AB,1170000
4 Bedroom House Cambridge,218 Springfield Road,Cambridge,CB3 5AB,350000
1 Bedroom Apartment Norwich,167 Victoria Road,Norwich,NR6 1AB,295000
4 Bedroom Cottage Norwich,159 King Street,Norwich,NR1 8AB,1185000
6 Bedroom Cottage Cambridge,291 Church Road,Cambridge,CB1 1AB,260000
6 Bedroom Apartment London,63 King Street,London,E1 9AB,455000
3 Bedroom Apartment Ipswich,171 King Street,Ipswich,IP1 5AB,1045000
4 Bedroom Bungalow Chelmsford,205 Station Road,Chelmsford,CM8 3AB,1010000
2 Bedroom Bungalow Colchester,269 Springfield Road,Colchester,CO5 4AB,570000
2 Bedroom Apartment Chelmsford,51 Queen Street,Chelmsford,CM3 8AB,1220000
2 Bedroom Cottage Norwich,84 Springfield Road,Norwich,NR8 1AB,875000
1 Bedroom House Ipswich,143 Park Road,Ipswich,IP7 8AB,625000
1 Bedroom Cottage Norwich,56 London Road,Norwich,NR9 7AB,790000
2 Bedroom House Ipswich,219 Park Road,Ipswich,IP3 2AB,1470000
2 Bedroom Cottage Chelmsford,192 Station Road,Chelmsford,CM9 6AB,1470000
1 Bedroom Cottage Ipswich,277 King Street,Ipswich,IP7 2AB,610000
1 Bedroom Cottage Ipswich,280 Springfield Road,Ipswich,IP7 9AB,1380000
4 Bedroom Apartment Chelmsford,60 London Road,Chelmsford,CM5 6AB,1155000
6 Bedroom Apartment Colchester,243 Station Road,Colchester,CO2 9AB,1030000
6 Bedroom Apartment Colchester,56 Station Road,Colchester,CO8 2AB,1150000
4 Bedroom Bungalow Colchester,279 Springfield Road,Colchester,CO7 3AB,780000
5 Bedroom Apartment Chelmsford,96 King Street,Chelmsford,CM7 2AB,545000
4 Bedroom Apartment Chelmsford,224 London Road,Chelmsford,CM3 1AB,170000
2 Bedroom House London,276 King Street,London,E6 6AB,520000
6 Bedroom Cottage Colchester,212 King Street,Colchester,CO9 8AB,1080000
1 Bedroom Bungalow Colchester,176 Church Road,Colchester,CO8 2AB,1025000
3 Bedroom Cottage Colchester,78 Victoria Road,Colchester,CO3 3AB,960000
2 Bedroom Cottage Cambridge,124 Queen Street,Cambridge,CB3 7AB,490000
3 Bedroom Cottage Ipswich,198 Springfield Road,Ipswich,IP9 3AB,1160000
2 Bedroom Apartment Chelmsford,11 Queen Street,Chelmsford,CM6 9AB,825000
6 Bedroom Apartment Chelmsford,245 Victoria Road,Chelmsford,CM3 9AB,610000
4 Bedroom Bungalow Ipswich,208 High Street,Ipswich,IP9 4AB,610000
4 Bedroom Cottage Chelmsford,238 Springfield Road,Chelmsford,CM6 2AB,975000
5 Bedroom Cottage Cambridge,115 Queen Street,Cambridge,CB7 4AB,960000
5 Bedroom Apartment Chelmsford,166 Queen Street,Chelmsford,CM8 4AB,1160000
4 Bedroom Bungalow Chelmsford,159 King Street,Chelmsford,CM3 3AB,770000
4 Bedroom House Ipswich,2 London Road,Ipswich,IP4 9AB,1375000
2 Bedroom Cottage London,78 Springfield Road,London,E1 8AB,215000
5 Bedroom Cottage Norwich,238 Victoria Road,Norwich,NR2 4AB,610000
1 Bedroom Apartment Chelmsford,232 Queen Street,Chelmsford,CM2 7AB,575000
5 Bedroom Cottage Ipswich,192 High Street,Ipswich,IP6 4AB,625000
4 Bedroom Apartment Chelmsford,56 Mill Lane,Chelmsford,CM4 5AB,1100000
6 Bedroom Apartment London,146 High Street,London,E4 7AB,595000
2 Bedroom Bungalow Colchester,228 Mill Lane,Colchester,CO9 4AB,1285000
1 Bedroom House Ipswich,172 Church Road,Ipswich,IP5 8AB,600000
2 Bedroom House Chelmsford,30 Station Road,Chelmsford,CM7 3AB,1395000
5 Bedroom Cottage Cambridge,65 Park Road,Cambridge,CB4 6AB,655000
1 Bedroom Cottage Ipswich,247 Station Road,Ipswich,IP5 2AB,335000
3 Bedroom House Norwich,39 London Road,Norwich,NR9 4AB,1015000
5 Bedroom Bungalow Norwich,240 London Road,Norwich,NR5 3AB,1410000
1 Bedroom Cottage Cambridge,116 Queen Street,Cambridge,CB2 3AB,340000
1 Bedroom House Cambridge,136 Church Road,Cambridge,CB8 5AB,315000
6 Bedroom House Norwich,168 Springfield Road,Norwich,NR1 1AB,480000
6 Bedroom Bungalow Ipswich,180 Station Road,Ipswich,IP3 1AB,375000
6 Bedroom Apartment London,120 Station Road,London,E5 7AB,405000
1 Bedroom Cottage Cambridge,23 Station Road,Cambridge,CB6 6AB,775000
6 Bedroom Bungalow Colchester,178 Station Road,Colchester,CO5 3AB,445000
5 Bedroom Apartment Chelmsford,258 Church Road,Chelmsford,CM4 1AB,895000
4 Bedroom House Norwich,54 Park Road,Norwich,NR1 2AB,475000
3 Bedroom Bungalow Colchester,212 Church Road,Colchester,CO5 3AB,230000
6 Bedroom Apartment London,230 Mill Lane,London,E8 5AB,1045000
1 Bedroom Bungalow Colchester,148 Park Road,Colchester,CO1 1AB,505000
1 Bedroom Bungalow Ipswich,188 Park Road,Ipswich,IP3 4AB,1005000
3 Bedroom Cottage London,58 Park Road,London,E9 2AB,725000
2 Bedroom House Ipswich,54 Station Road,Ipswich,IP3 9AB,265000
4 Bedroom Bungalow Colchester,41 London Road,Colchester,CO4 6AB,335000
1 Bedroom Apartment Cambridge,128 London Road,Cambridge,CB9 4AB,745000
2 Bedroom Cottage Chelmsford,99 King Street,Chelmsford,CM8 3AB,1425000
1 Bedroom Cottage Colchester,137 High Street,Colchester,CO6 7AB,1080000
3 Bedroom Cottage Ipswich,136 Queen Street,Ipswich,IP1 9AB,1060000
1 Bedroom House Norwich,35 Station Road,Norwich,NR8 7AB,165000
3 Bedroom Bungalow London,216 Church Road,London,E2 9AB,1125000
5 Bedroom Cottage Ipswich,161 High Street,Ipswich,IP3 6AB,1110000
6 Bedroom House Cambridge,217 Springfield Road,Cambridge,CB1 1AB,840000
3 Bedroom Cottage Norwich,107 Church Road,Norwich,NR3 3AB,185000
4 Bedroom Cottage Colchester,230 Victoria Road,Colchester,CO8 6AB,425000
3 Bedroom Bungalow Ipswich,258 Mill Lane,Ipswich,IP2 9AB,900000
3 Bedroom Bungalow Chelmsford,231 Victoria Road,Chelmsford,CM6 4AB,1055000
2 Bedroom House Colchester,42 King Street,Colchester,CO2 3AB,875000
4 Bedroom Apartment Colchester,98 Springfield Road,Colchester,CO6 3AB,1130000
1 Bedroom Cottage Chelmsford,198 Springfield Road,Chelmsford,CM8 9AB,620000
3 Bedroom Bungalow Ipswich,132 Park Road,Ipswich,IP2 5AB,865000
3 Bedroom Bungalow Norwich,60 High Street,Norwich,NR5 2AB,1275000
1 Bedroom Cottage London,149 London Road,London,E9 7AB,200000
2 Bedroom Cottage London,55 London Road,London,E8 7AB,965000
1 Bedroom Bungalow Norwich,63 Church Road,Norwich,NR9 5AB,1250000
1 Bedroom Bungalow Ipswich,290 Church Road,Ipswich,IP3 4AB,1385000
4 Bedroom Apartment London,96 London Road,London,E9 6AB,810000
1 Bedroom House Ipswich,51 Station Road,Ipswich,IP5 4AB,580000
5 Bedroom Cottage London,25 London Road,London,E9 7AB,830000
5 Bedroom House Norwich,110 High Street,Norwich,NR3 1AB,1090000
6 Bedroom House Chelmsford,176 Church Road,Chelmsford,CM4 9AB,1070000
1 Bedroom Apartment Colchester,286 High Street,Colchester,CO8 5AB,845000
4 Bedroom Apartment Chelmsford,22 King Street,Chelmsford,CM2 7AB,1420000
6 Bedroom House Chelmsford,156 Springfield Road,Chelmsford,CM2 1AB,660000
5 Bedroom Cottage London,85 Station Road,London,E5 3AB,970000
4 Bedroom Cottage Cambridge,103 High Street,Cambridge,CB3 2AB,1325000
4 Bedroom Apartment Norwich,225 Queen Street,Norwich,NR5 2AB,275000
2 Bedroom Apartment Ipswich,276 King Street,Ipswich,IP4 1AB,780000
1 Bedroom Bungalow Norwich,148 Church Road,Norwich,NR7 7AB,555000
4 Bedroom Cottage Ipswich,211 King Street,Ipswich,IP5 1AB,920000
1 Bedroom Cottage Cambridge,290 Springfield Road,Cambridge,CB6 1AB,250000
6 Bedroom House Colchester,91 London Road,Colchester,CO9 1AB,600000
3 Bedroom Bungalow Chelmsford,45 London Road,Chelmsford,CM6 1AB,840000
1 Bedroom House London,114 London Road,London,E8 3AB,755000
3 Bedroom Cottage Cambridge,106 London Road,Cambridge,CB3 8AB,1340000
3 Bedroom Bungalow Chelmsford,97 Church Road,Chelmsford,CM6 5AB,1310000
1 Bedroom Apartment Ipswich,287 Church Road,Ipswich,IP5 4AB,675000
4 Bedroom Bungalow Chelmsford,32 Queen Street,Chelmsford,CM7 2AB,1295000
4 Bedroom Cottage Chelmsford,300 London Road,Chelmsford,CM1 7AB,485000
2 Bedroom Apartment London,257 Station Road,London,E3 6AB,1425000
3 Bedroom House Chelmsford,29 Park Road,Chelmsford,CM7 3AB,1015000
5 Bedroom House Colchester,43 Church Road,Colchester,CO1 7AB,195000
6 Bedroom Apartment Colchester,241 Mill Lane,Colchester,CO7 8AB,900000
6 Bedroom Bungalow Cambridge,238 London Road,Cambridge,CB2 7AB,995000
2 Bedroom Bungalow Norwich,221 Springfield Road,Norwich,NR2 1AB,1105000
1 Bedroom Cottage Colchester,275 Church Road,Colchester,CO7 8AB,1470000
6 Bedroom House Norwich,245 Queen Street,Norwich,NR6 5AB,665000
5 Bedroom House Ipswich,281 Church Road,Ipswich,IP3 8AB,660000
1 Bedroom Bungalow London,45 High Street,London,E1 2AB,940000
3 Bedroom Cottage Chelmsford,211 Church Road,Chelmsford,CM2 3AB,785000
3 Bedroom Cottage Cambridge,156 Park Road,Cambridge,CB3 7AB,525000
4 Bedroom Apartment Chelmsford,197 King Street,Chelmsford,CM9 8AB,510000
6 Bedroom Apartment London,69 Queen Street,London,E9 7AB,215000
5 Bedroom House Colchester,279 Springfield Road,Colchester,CO4 6AB,1090000
5 Bedroom Cottage Norwich,117 King Street,Norwich,NR8 4AB,315000
2 Bedroom Bungalow London,47 Station Road,London,E8 1AB,995000
4 Bedroom Cottage Cambridge,297 Victoria Road,Cambridge,CB8 4AB,360000
3 Bedroom Bungalow Ipswich,203 Mill Lane,Ipswich,IP3 9AB,430000
3 Bedroom House Chelmsford,218 King Street,Chelmsford,CM6 9AB,865000
2 Bedroom House Norwich,281 High Street,Norwich,NR4 4AB,610000
3 Bedroom Bungalow Colchester,139 Queen Street,Colchester,CO5 7AB,1215000
1 Bedroom Bungalow Chelmsford,279 Church Road,Chelmsford,CM8 4AB,355000
4 Bedroom Cottage Chelmsford,251 King Street,Chelmsford,CM3 9AB,335000
5 Bedroom Bungalow Norwich,219 Church Road,Norwich,NR3 9AB,1265000
6 Bedroom Apartment Cambridge,224 High Street,Cambridge,CB2 4AB,1330000
2 Bedroom Cottage Colchester,119 King Street,Colchester,CO7 7AB,425000
3 Bedroom Cottage London,59 Queen Street,London,E1 4AB,845000
4 Bedroom Bungalow Norwich,18 Queen Street,Norwich,NR9 5AB,315000
2 Bedroom Bungalow Cambridge,37 London Road,Cambridge,CB8 8AB,320000
5 Bedroom Cottage Ipswich,269 Mill Lane,Ipswich,IP1 9AB,320000
4 Bedroom House Colchester,206 Station Road,Colchester,CO4 7AB,645000
4 Bedroom Apartment Cambridge,119 High Street,Cambridge,CB4 6AB,1475000
2 Bedroom Bungalow Chelmsford,149 High Street,Chelmsford,CM2 9AB,1135000
1 Bedroom Apartment Norwich,89 Queen Street,Norwich,NR7 2AB,1325000
1 Bedroom House Ipswich,107 Mill Lane,Ipswich,IP9 2AB,1340000
5 Bedroom Cottage Colchester,268 London Road,Colchester,CO4 7AB,905000
4 Bedroom Bungalow Ipswich,143 Mill Lane,Ipswich,IP8 6AB,1230000
6 Bedroom Bungalow Chelmsford,246 Victoria Road,Chelmsford,CM1 9AB,1100000
2 Bedroom Bungalow Ipswich,12 Queen Street,Ipswich,IP2 5AB,1040000
4 Bedroom Cottage Ipswich,131 High Street,Ipswich,IP7 6AB,455000
1 Bedroom Bungalow Cambridge,167 London Road,Cambridge,CB2 8AB,1380000
1 Bedroom House Colchester,251 London Road,Colchester,CO9 3AB,950000
2 Bedroom Cottage Norwich,282 Park Road,Norwich,NR6 3AB,990000
5 Bedroom House Ipswich,60 Station Road,Ipswich,IP2 5AB,770000
1 Bedroom House Cambridge,165 Victoria Road,Cambridge,CB1 1AB,1210000
1 Bedroom Apartment Ipswich,144 Springfield Road,Ipswich,IP7 4AB,1370000
5 Bedroom Bungalow Cambridge,248 Church Road,Cambridge,CB2 1AB,1255000
4 Bedroom Apartment Colchester,245 Springfield Road,Colchester,CO4 1AB,220000
3 Bedroom House Chelmsford,40 Park Road,Chelmsford,CM8 3AB,600000
5 Bedroom Apartment Ipswich,295 Queen Street,Ipswich,IP6 4AB,780000
4 Bedroom House Norwich,252 Victoria Road,Norwich,NR3 7AB,945000
4 Bedroom Bungalow Chelmsford,40 Park Road,Chelmsford,CM6 1AB,940000
4 Bedroom Apartment Norwich,51 Station Road,Norwich,NR9 2AB,1475000
4 Bedroom Bungalow Chelmsford,291 Church Road,Chelmsford,CM1 8AB,380000
4 Bedroom Apartment Cambridge,31 Springfield Road,Cambridge,CB2 3AB,730000
3 Bedroom Cottage Ipswich,58 King Street,Ipswich,IP2 5AB,460000
4 Bedroom House Colchester,236 Station Road,Colchester,CO6 6AB,340000
2 Bedroom Apartment Colchester,229 Mill Lane,Colchester,CO9 7AB,455000
5 Bedroom House Colchester,1 Church Road,Colchester,CO6 6AB,475000
1 Bedroom House Ipswich,187 King Street,Ipswich,IP4 2AB,815000
5 Bedroom Apartment London,190 Mill Lane,London,E4 3AB,655000
4 Bedroom Cottage Colchester,69 Station Road,Colchester,CO3 9AB,290000
6 Bedroom Bungalow Chelmsford,75 High Street,Chelmsford,CM5 5AB,1180000
4 Bedroom Bungalow Cambridge,62 Church Road,Cambridge,CB8 8AB,440000
3 Bedroom Apartment Colchester,170 Church Road,Colchester,CO8 4AB,1260000
5 Bedroom Apartment Cambridge,108 High Street,Cambridge,CB7 3AB,580000
1 Bedroom Apartment Colchester,22 Springfield Road,Colchester,CO7 1AB,1025000
3 Bedroom Cottage Norwich,264 Queen Street,Norwich,NR2 4AB,1320000
3 Bedroom Apartment Colchester,259 London Road,Colchester,CO1 8AB,1105000
1 Bedroom Bungalow Ipswich,51 Park Road,Ipswich,IP3 7AB,335000
4 Bedroom Cottage London,206 Church Road,London,E2 1AB,590000
6 Bedroom Bungalow Cambridge,295 Station Road,Cambridge,CB7 1AB,1360000
6 Bedroom Cottage Cambridge,278 Station Road,Cambridge,CB1 3AB,1290000
1 Bedroom House Cambridge,293 Mill Lane,Cambridge,CB4 4AB,1230000
4 Bedroom House London,18 Station Road,London,E3 7AB,1025000
6 Bedroom Bungalow London,150 Queen Street,London,E2 9AB,505000
3 Bedroom Bungalow Colchester,44 Springfield Road,Colchester,CO2 6AB,370000
4 Bedroom Apartment Ipswich,104 Station Road,Ipswich,IP1 6AB,1315000
3 Bedroom Cottage Chelmsford,232 King Street,Chelmsford,CM7 8AB,870000
4 Bedroom House Norwich,212 Church Road,Norwich,NR9 8AB,230000
5 Bedroom Apartment London,178 King Street,London,E7 7AB,355000
3 Bedroom Bungalow Cambridge,54 Queen Street,Cambridge,CB8 1AB,1455000
6 Bedroom Apartment Chelmsford,60 King Street,Chelmsford,CM6 9AB,225000
4 Bedroom Bungalow Colchester,3 Mill Lane,Colchester,CO2 4AB,170000
2 Bedroom Cottage London,206 Church Road,London,E2 8AB,470000
1 Bedroom Cottage Cambridge,244 Station Road,Cambridge,CB6 9AB,355000
5 Bedroom Bungalow Cambridge,66 Station Road,Cambridge,CB2 4AB,165000
6 Bedroom Bungalow London,244 Springfield Road,London,E6 8AB,1195000
1 Bedroom Apartment Ipswich,44 Station Road,Ipswich,IP9 6AB,855000
4 Bedroom Apartment Colchester,36 Queen Street,Colchester,CO8 1AB,1305000
6 Bedroom Apartment Norwich,237 London Road,Norwich,NR5 4AB,1205000
6 Bedroom Cottage Ipswich,4 Park Road,Ipswich,IP6 2AB,710000
1 Bedroom House Norwich,50 High Street,Norwich,NR1 3AB,1375000
6 Bedroom Bungalow Norwich,242 Park Road,Norwich,NR9 8AB,1495000
5 Bedroom Apartment Cambridge,196 Station Road,Cambridge,CB6 2AB,385000
6 Bedroom House Cambridge,159 Queen Street,Cambridge,CB8 4AB,760000
6 Bedroom House Norwich,145 Victoria Road,Norwich,NR5 9AB,765000
6 Bedroom House London,252 High Street,London,E2 1AB,800000
6 Bedroom House Cambridge,88 King Street,Cambridge,CB8 3AB,1060000
6 Bedroom Bungalow Ipswich,286 High Street,Ipswich,IP9 7AB,835000
3 Bedroom House Cambridge,60 Church Road,Cambridge,CB7 9AB,550000
4 Bedroom Bungalow Cambridge,71 London Road,Cambridge,CB2 9AB,310000
2 Bedroom Cottage Colchester,153 Victoria Road,Colchester,CO4 5AB,1430000
3 Bedroom Cottage Ipswich,8 London Road,Ipswich,IP2 8AB,320000
6 Bedroom House Norwich,125 High Street,Norwich,NR3 1AB,1300000
6 Bedroom Apartment Ipswich,242 Mill Lane,Ipswich,IP5 3AB,690000
1 Bedroom Apartment Colchester,140 Springfield Road,Colchester,CO8 2AB,655000
1 Bedroom Apartment Colchester,12 King Street,Colchester,CO6 9AB,550000
5 Bedroom Cottage Norwich,117 Park Road,Norwich,NR2 6AB,605000
1 Bedroom Cottage London,70 Mill Lane,London,E1 3AB,1235000
4 Bedroom Apartment Norwich,236 High Street,Norwich,NR4 6AB,210000
1 Bedroom Bungalow Chelmsford,262 Queen Street,Chelmsford,CM2 1AB,1275000
3 Bedroom House Chelmsford,125 Station Road,Chelmsford,CM8 9AB,770000
3 Bedroom House Chelmsford,97 London Road,Chelmsford,CM1 1AB,260000
5 Bedroom Cottage Ipswich,114 Church Road,Ipswich,IP8 3AB,1150000
5 Bedroom Bungalow Norwich,130 Park Road,Norwich,NR6 2AB,235000
3 Bedroom House Norwich,281 Mill Lane,Norwich,NR8 3AB,1460000
2 Bedroom House London,225 Park Road,London,E6 3AB,1235000
3 Bedroom Bungalow Colchester,201 High Street,Colchester,CO7 6AB,810000
5 Bedroom House London,30 Victoria Road,London,E3 3AB,915000
5 Bedroom House Ipswich,102 Station Road,Ipswich,IP9 7AB,1415000
2 Bedroom House Chelmsford,245 Victoria Road,Chelmsford,CM8 3AB,440000
2 Bedroom Bungalow Norwich,284 Victoria Road,Norwich,NR6 6AB,875000
3 Bedroom House Norwich,247 Springfield Road,Norwich,NR8 8AB,750000
4 Bedroom Bungalow London,255 Springfield Road,London,E2 6AB,940000
2 Bedroom Bungalow Ipswich,11 Springfield Road,Ipswich,IP6 8AB,340000
6 Bedroom Cottage Cambridge,298 Springfield Road,Cambridge,CB8 3AB,1360000
1 Bedroom Bungalow Chelmsford,49 London Road,Chelmsford,CM1 9AB,380000
3 Bedroom House Colchester,16 Queen Street,Colchester,CO2 6AB,580000
1 Bedroom House Ipswich,157 King Street,Ipswich,IP9 5AB,1110000
5 Bedroom Cottage Cambridge,104 King Street,Cambridge,CB7 8AB,375000
4 Bedroom Cottage London,256 Mill Lane,London,E5 3AB,215000
4 Bedroom House Ipswich,264 Springfield Road,Ipswich,IP7 6AB,860000
2 Bedroom House Norwich,256 Station Road,Norwich,NR4 2AB,605000
3 Bedroom House London,205 Victoria Road,London,E5 8AB,575000
1 Bedroom House Ipswich,64 Springfield Road,Ipswich,IP7 5AB,1320000
5 Bedroom Apartment Norwich,233 High Street,Norwich,NR7 9AB,1025000
2 Bedroom Apartment Cambridge,228 Church Road,Cambridge,CB3 6AB,885000
4 Bedroom Apartment Chelmsford,200 King Street,Chelmsford,CM8 4AB,955000
1 Bedroom Cottage London,273 High Street,London,E1 3AB,775000
5 Bedroom Bungalow Ipswich,220 Park Road,Ipswich,IP3 7AB,1325000
2 Bedroom Apartment Colchester,152 Station Road,Colchester,CO4 7AB,565000
1 Bedroom Bungalow Norwich,285 Mill Lane,Norwich,NR1 5AB,560000
6 Bedroom Bungalow London,250 High Street,London,E9 9AB,355000
4 Bedroom Bungalow Ipswich,56 High Street,Ipswich,IP2 8AB,200000
2 Bedroom Cottage Norwich,107 Springfield Road,Norwich,NR4 3AB,605000
5 Bedroom Cottage Cambridge,12 Springfield Road,Cambridge,CB4 1AB,1155000
2 Bedroom Apartment Norwich,44 High Street,Norwich,NR1 2AB,985000
4 Bedroom Cottage London,287 Springfield Road,London,E7 7AB,995000
5 Bedroom Apartment Norwich,35 High Street,Norwich,NR9 1AB,275000
6 Bedroom House Ipswich,34 London Road,Ipswich,IP3 2AB,1480000
2 Bedroom House Colchester,227 Mill Lane,Colchester,CO7 9AB,850000
3 Bedroom Bungalow Chelmsford,236 London Road,Chelmsford,CM4 8AB,1415000
5 Bedroom Bungalow Chelmsford,248 London Road,Chelmsford,CM7 3AB,1445000
1 Bedroom Cottage Cambridge,118 King Street,Cambridge,CB2 4AB,1210000
3 Bedroom Cottage Chelmsford,173 Mill Lane,Chelmsford,CM8 5AB,260000
4 Bedroom Bungalow Cambridge,72 Queen Street,Cambridge,CB1 1AB,155000
1 Bedroom Apartment Ipswich,13 Queen Street,Ipswich,IP1 3AB,1225000
5 Bedroom Bungalow Colchester,172 Springfield Road,Colchester,CO7 7AB,470000
3 Bedroom Bungalow Colchester,160 London Road,Colchester,CO8 1AB,180000
3 Bedroom Apartment Colchester,283 King Street,Colchester,CO2 9AB,725000
3 Bedroom Cottage Cambridge,11 Springfield Road,Cambridge,CB8 9AB,210000
2 Bedroom Bungalow Cambridge,249 Park Road,Cambridge,CB9 5AB,940000
6 Bedroom Apartment Ipswich,6 Victoria Road,Ipswich,IP2 2AB,845000
6 Bedroom Bungalow Ipswich,231 London Road,Ipswich,IP1 7AB,260000
4 Bedroom House Ipswich,293 Mill Lane,Ipswich,IP4 2AB,465000
4 Bedroom Apartment Ipswich,172 London Road,Ipswich,IP1 5AB,515000
3 Bedroom Bungalow Chelmsford,155 King Street,Chelmsford,CM5 9AB,1195000
5 Bedroom Apartment London,144 London Road,London,E3 7AB,925000
3 Bedroom Bungalow Colchester,126 King Street,Colchester,CO3 5AB,865000
1 Bedroom Cottage Ipswich,75 Queen Street,Ipswich,IP4 6AB,1235000
3 Bedroom Bungalow London,147 London Road,London,E5 3AB,280000
2 Bedroom Cottage Chelmsford,241 Park Road,Chelmsford,CM4 2AB,720000
3 Bedroom Bungalow Colchester,41 High Street,Colchester,CO1 4AB,1335000
6 Bedroom Apartment Colchester,189 Springfield Road,Colchester,CO9 2AB,1095000
1 Bedroom Bungalow Chelmsford,286 Park Road,Chelmsford,CM4 5AB,680000
5 Bedroom House Cambridge,73 Victoria Road,Cambridge,CB9 4AB,450000
3 Bedroom Bungalow Ipswich,222 Queen Street,Ipswich,IP2 8AB,950000
6 Bedroom Cottage Ipswich,123 Victoria Road,Ipswich,IP4 9AB,485000
4 Bedroom Bungalow Ipswich,296 Park Road,Ipswich,IP7 7AB,1295000
6 Bedroom Cottage Norwich,41 King Street,Norwich,NR8 7AB,1370000
4 Bedroom Apartment Cambridge,137 Springfield Road,Cambridge,CB1 6AB,285000
5 Bedroom Cottage Colchester,133 Station Road,Colchester,CO6 9AB,690000
3 Bedroom Cottage Colchester,163 Victoria Road,Colchester,CO2 3AB,1440000
6 Bedroom Bungalow Colchester,202 Queen Street,Colchester,CO1 2AB,1380000
1 Bedroom Apartment Ipswich,78 Queen Street,Ipswich,IP3 3AB,1290000
6 Bedroom Apartment Cambridge,112 Queen Street,Cambridge,CB5 4AB,760000
6 Bedroom Cottage Norwich,28 Station Road,Norwich,NR4 4AB,1105000
4 Bedroom Cottage Norwich,180 Church Road,Norwich,NR3 9AB,975000
5 Bedroom Apartment Chelmsford,282 Mill Lane,Chelmsford,CM9 2AB,940000
5 Bedroom Cottage Norwich,152 Park Road,Norwich,NR4 2AB,150000
1 Bedroom House Norwich,215 Park Road,Norwich,NR5 4AB,760000
6 Bedroom Cottage Norwich,122 Mill Lane,Norwich,NR5 7AB,300000
3 Bedroom Apartment Ipswich,171 Church Road,Ipswich,IP8 9AB,1330000
4 Bedroom Cottage Chelmsford,107 Church Road,Chelmsford,CM4 4AB,1400000
6 Bedroom Cottage Cambridge,251 Church Road,Cambridge,CB3 8AB,895000
6 Bedroom House Norwich,145 High Street,Norwich,NR4 2AB,1250000
1 Bedroom Cottage Cambridge,131 High Street,Cambridge,CB3 8AB,685000
3 Bedroom Apartment Chelmsford,124 Church Road,Chelmsford,CM4 4AB,1150000
5 Bedroom House Norwich,208 Station Road,Norwich,NR5 5AB,1120000
4 Bedroom House London,220 Queen Street,London,E1 3AB,925000
6 Bedroom Bungalow Ipswich,86 Mill Lane,Ipswich,IP2 4AB,450000
4 Bedroom Bungalow Cambridge,15 King Street,Cambridge,CB1 2AB,455000
2 Bedroom Cottage Cambridge,223 Queen Street,Cambridge,CB3 4AB,1085000
2 Bedroom Cottage Cambridge,141 King Street,Cambridge,CB9 3AB,630000
2 Bedroom House Ipswich,50 Station Road,Ipswich,IP7 8AB,470000
4 Bedroom Bungalow Chelmsford,272 High Street,Chelmsford,CM5 6AB,610000
6 Bedroom House London,123 Station Road,London,E5 4AB,270000
5 Bedroom Bungalow London,133 Queen Street,London,E3 2AB,1020000
6 Bedroom Apartment London,92 Church Road,London,E2 5AB,725000
1 Bedroom Cottage London,201 Station Road,London,E9 3AB,250000
4 Bedroom Bungalow Ipswich,23 King Street,Ipswich,IP4 1AB,1300000
4 Bedroom Cottage Colchester,187 Victoria Road,Colchester,CO4 7AB,1220000
3 Bedroom Bungalow Colchester,172 Springfield Road,Colchester,CO2 5AB,1215000
6 Bedroom Cottage London,272 Park Road,London,E3 5AB,1110000
1 Bedroom Apartment Norwich,125 Springfield Road,Norwich,NR2 7AB,265000
3 Bedroom Bungalow London,182 Park Road,London,E1 9AB,315000
6 Bedroom Apartment London,80 Church Road,London,E8 6AB,1015000
1 Bedroom House Ipswich,138 High Street,Ipswich,IP2 7AB,335000
1 Bedroom Bungalow Ipswich,19 Queen Street,Ipswich,IP4 4AB,475000
1 Bedroom House London,53 King Street,London,E1 1AB,1155000
2 Bedroom Apartment Norwich,140 Queen Street,Norwich,NR7 4AB,220000
3 Bedroom Bungalow London,97 Mill Lane,London,E3 3AB,885000
4 Bedroom Cottage Norwich,45 King Street,Norwich,NR2 7AB,855000
5 Bedroom Cottage London,15 Church Road,London,E6 1AB,825000
5 Bedroom Apartment Colchester,192 Park Road,Colchester,CO2 9AB,325000
5 Bedroom House Colchester,156 Park Road,Colchester,CO4 1AB,195000
2 Bedroom House Colchester,121 Station Road,Colchester,CO8 8AB,505000
1 Bedroom Apartment Norwich,155 Victoria Road,Norwich,NR1 1AB,345000
5 Bedroom Cottage Norwich,89 Springfield Road,Norwich,NR2 3AB,265000
4 Bedroom Bungalow Colchester,297 Station Road,Colchester,CO6 3AB,835000
4 Bedroom Cottage Chelmsford,61 Park Road,Chelmsford,CM3 6AB,655000
4 Bedroom Apartment London,126 Church Road,London,E2 9AB,590000
5 Bedroom House Ipswich,41 Church Road,Ipswich,IP8 9AB,495000
2 Bedroom Cottage Norwich,232 Park Road,Norwich,NR2 5AB,790000
2 Bedroom Cottage Colchester,272 Station Road,Colchester,CO3 7AB,1060000
5 Bedroom Apartment Chelmsford,55 Victoria Road,Chelmsford,CM7 5AB,600000
1 Bedroom House Cambridge,203 King Street,Cambridge,CB8 3AB,1410000
4 Bedroom House London,299 Springfield Road,London,E2 7AB,910000
5 Bedroom Bungalow Chelmsford,162 Victoria Road,Chelmsford,CM9 5AB,935000
5 Bedroom Apartment Chelmsford,22 King Street,Chelmsford,CM9 6AB,350000
2 Bedroom House Norwich,49 Station Road,Norwich,NR9 8AB,780000
1 Bedroom House London,2 King Street,London,E2 8AB,1380000
5 Bedroom Apartment Norwich,226 Church Road,Norwich,NR2 4AB,380000
4 Bedroom Cottage Chelmsford,205 Mill Lane,Chelmsford,CM5 9AB,1295000
2 Bedroom Cottage Chelmsford,198 London Road,Chelmsford,CM2 1AB,790000
5 Bedroom House Ipswich,212 London Road,Ipswich,IP5 5AB,1225000
5 Bedroom House London,116 Queen Street,London,E7 5AB,1090000
4 Bedroom House Chelmsford,113 King Street,Chelmsford,CM7 8AB,770000
1 Bedroom Apartment Colchester,81 Church Road,Colchester,CO4 3AB,995000
2 Bedroom Apartment Norwich,3 Station Road,Norwich,NR7 4AB,490000
2 Bedroom Apartment Chelmsford,55 Church Road,Chelmsford,CM7 4AB,1155000
1 Bedroom Bungalow Colchester,238 Station Road,Colchester,CO7 6AB,325000
3 Bedroom Bungalow Cambridge,234 Queen Street,Cambridge,CB7 4AB,305000
5 Bedroom House Cambridge,193 King Street,Cambridge,CB9 9AB,1005000
3 Bedroom Cottage Ipswich,43 Victoria Road,Ipswich,IP4 6AB,1270000
4 Bedroom Bungalow Norwich,180 Victoria Road,Norwich,NR4 4AB,1355000
3 Bedroom Bungalow London,142 Church Road,London,E8 5AB,1440000
4 Bedroom Bungalow London,5 Park Road,London,E7 8AB,905000
3 Bedroom House Cambridge,163 Church Road,Cambridge,CB7 2AB,385000
3 Bedroom Cottage Chelmsford,218 King Street,Chelmsford,CM8 5AB,1380000
1 Bedroom Apartment Colchester,147 Church Road,Colchester,CO4 7AB,1145000
6 Bedroom Cottage London,150 Mill Lane,London,E6 2AB,975000
3 Bedroom Apartment Ipswich,216 Church Road,Ipswich,IP2 3AB,1130000
5 Bedroom Bungalow Colchester,295 London Road,Colchester,CO8 4AB,1390000
2 Bedroom Bungalow Cambridge,245 Mill Lane,Cambridge,CB8 5AB,200000
4 Bedroom House Colchester,261 High Street,Colchester,CO8 8AB,1285000
4 Bedroom Bungalow Norwich,161 Church Road,Norwich,NR4 7AB,1275000
5 Bedroom Apartment London,280 Park Road,London,E7 6AB,1435000
1 Bedroom House Cambridge,200 Victoria Road,Cambridge,CB6 1AB,1060000
6 Bedroom House London,18 Station Road,London,E4 9AB,545000
1 Bedroom House Ipswich,198 Mill Lane,Ipswich,IP6 7AB,910000
3 Bedroom Apartment Colchester,196 Queen Street,Colchester,CO5 4AB,1315000
2 Bedroom Bungalow Ipswich,247 Queen Street,Ipswich,IP5 4AB,225000
4 Bedroom Cottage Cambridge,81 Springfield Road,Cambridge,CB5 1AB,1070000
5 Bedroom House Chelmsford,272 Queen Street,Chelmsford,CM9 4AB,550000
6 Bedroom Cottage Chelmsford,293 Queen Street,Chelmsford,CM5 2AB,510000
4 Bedroom Cottage Chelmsford,184 King Street,Chelmsford,CM8 4AB,345000
4 Bedroom House Norwich,93 Church Road,Norwich,NR4 2AB,1495000
3 Bedroom House Chelmsford,148 Station Road,Chelmsford,CM4 2AB,585000
5 Bedroom Cottage London,91 Station Road,London,E8 5AB,1175000
2 Bedroom Apartment Norwich,236 King Street,Norwich,NR8 4AB,930000
3 Bedroom Cottage Norwich,153 King Street,Norwich,NR6 1AB,325000
1 Bedroom Cottage Cambridge,44 Mill Lane,Cambridge,CB4 4AB,635000
5 Bedroom Cottage Colchester,133 Mill Lane,Colchester,CO9 8AB,270000
3 Bedroom Bungalow Colchester,6 Queen Street,Colchester,CO5 6AB,1070000
4 Bedroom Apartment Colchester,295 King Street,Colchester,CO2 5AB,770000
2 Bedroom Cottage Ipswich,186 Victoria Road,Ipswich,IP3 2AB,585000
1 Bedroom Cottage London,150 London Road,London,E7 8AB,1110000
4 Bedroom Bungalow Norwich,158 London Road,Norwich,NR1 7AB,1115000
5 Bedroom Bungalow Norwich,217 Mill Lane,Norwich,NR3 3AB,1270000
5 Bedroom Bungalow Chelmsford,93 Church Road,Chelmsford,CM6 8AB,350000
6 Bedroom House Ipswich,152 Mill Lane,Ipswich,IP7 6AB,535000
1 Bedroom Apartment Colchester,206 Victoria Road,Colchester,CO1 3AB,1340000
3 Bedroom Bungalow Cambridge,131 Station Road,Cambridge,CB7 3AB,1190000
5 Bedroom Cottage Norwich,249 Station Road,Norwich,NR3 8AB,1490000
3 Bedroom Apartment Chelmsford,35 Park Road,Chelmsford,CM8 5AB,365000
6 Bedroom Apartment Ipswich,275 London Road,Ipswich,IP4 1AB,820000
2 Bedroom House Cambridge,233 London Road,Cambridge,CB9 8AB,270000
2 Bedroom Apartment Cambridge,226 High Street,Cambridge,CB9 8AB,1145000
5 Bedroom Cottage London,26 High Street,London,E3 4AB,255000
3 Bedroom House Norwich,3 Victoria Road,Norwich,NR4 6AB,455000
4 Bedroom Cottage Chelmsford,81 Mill Lane,Chelmsford,CM5 8AB,860000
5 Bedroom House Chelmsford,218 Mill Lane,Chelmsford,CM8 6AB,515000
4 Bedroom Bungalow Chelmsford,278 London Road,Chelmsford,CM3 9AB,815000
2 Bedroom Cottage Cambridge,52 London Road,Cambridge,CB1 3AB,605000
2 Bedroom House Norwich,106 Victoria Road,Norwich,NR7 8AB,810000
1 Bedroom Cottage London,235 High Street,London,E1 2AB,1270000
3 Bedroom House London,101 Station Road,London,E5 4AB,1165000
1 Bedroom Apartment Chelmsford,6 London Road,Chelmsford,CM4 4AB,1335000
4 Bedroom Bungalow Colchester,281 Station Road,Colchester,CO2 5AB,430000
2 Bedroom Bungalow Norwich,268 King Street,Norwich,NR5 1AB,775000
6 Bedroom Apartment Cambridge,296 Victoria Road,Cambridge,CB8 4AB,960000
1 Bedroom House Cambridge,282 Springfield Road,Cambridge,CB5 9AB,365000
4 Bedroom Bungalow Ipswich,19 Victoria Road,Ipswich,IP2 7AB,1400000
4 Bedroom Cottage Cambridge,34 Park Road,Cambridge,CB9 8AB,635000
2 Bedroom Apartment Colchester,209 Victoria Road,Colchester,CO5 2AB,165000
1 Bedroom Bungalow Cambridge,268 London Road,Cambridge,CB9 4AB,215000
5 Bedroom House London,139 High Street,London,E5 4AB,1285000
5 Bedroom Cottage Norwich,1 Springfield Road,Norwich,NR1 5AB,455000
2 Bedroom House Ipswich,201 King Street,Ipswich,IP6 3AB,195000
5 Bedroom Cottage Norwich,186 Mill Lane,Norwich,NR1 4AB,1065000
1 Bedroom House Chelmsford,222 Church Road,Chelmsford,CM6 4AB,1275000
1 Bedroom House London,37 Station Road,London,E9 5AB,1040000
3 Bedroom Bungalow Norwich,200 King Street,Norwich,NR6 4AB,1100000
3 Bedroom Apartment Norwich,227 Station Road,Norwich,NR5 6AB,285000
2 Bedroom Bungalow Ipswich,4 Queen Street,Ipswich,IP5 7AB,175000
2 Bedroom Cottage Colchester,193 Park Road,Colchester,CO5 8AB,310000
3 Bedroom Cottage Cambridge,254 Mill Lane,Cambridge,CB1 1AB,1105000
1 Bedroom House Cambridge,244 High Street,Cambridge,CB3 9AB,910000
2 Bedroom Bungalow Norwich,175 London Road,Norwich,NR6 4AB,1370000
3 Bedroom Bungalow Cambridge,30 Victoria Road,Cambridge,CB2 2AB,1335000
5 Bedroom Apartment Norwich,3 Station Road,Norwich,NR9 4AB,1085000
2 Bedroom Apartment Chelmsford,189 Queen Street,Chelmsford,CM6 7AB,1285000
1 Bedroom Apartment Ipswich,131 Station Road,Ipswich,IP6 5AB,225000
2 Bedroom Bungalow Chelmsford,60 High Street,Chelmsford,CM6 4AB,1465000
2 Bedroom Cottage London,68 Church Road,London,E2 9AB,950000
4 Bedroom House Colchester,100 Church Road,Colchester,CO6 9AB,1260000
4 Bedroom Cottage Colchester,85 Springfield Road,Colchester,CO5 1AB,1205000
2 Bedroom Apartment Colchester,132 High Street,Colchester,CO1 6AB,1100000
5 Bedroom Apartment Colchester,39 Springfield Road,Colchester,CO5 3AB,210000
3 Bedroom Cottage Norwich,85 Springfield Road,Norwich,NR3 7AB,520000
3 Bedroom Cottage Ipswich,182 Station Road,Ipswich,IP1 9AB,295000
2 Bedroom Bungalow Cambridge,16 High Street,Cambridge,CB2 5AB,970000
3 Bedroom Bungalow Chelmsford,41 Queen Street,Chelmsford,CM1 9AB,750000
3 Bedroom House London,123 High Street,London,E4 4AB,305000
5 Bedroom Cottage Norwich,84 Queen Street,Norwich,NR5 6AB,1035000
4 Bedroom Bungalow Norwich,147 Park Road,Norwich,NR5 1AB,1405000
2 Bedroom House Colchester,274 King Street,Colchester,CO9 5AB,1275000
3 Bedroom Bungalow Cambridge,134 High Street,Cambridge,CB7 4AB,930000
5 Bedroom Cottage Colchester,19 Church Road,Colchester,CO7 2AB,720000
5 Bedroom House Cambridge,20 Mill Lane,Cambridge,CB9 1AB,510000
6 Bedroom Cottage London,268 King Street,London,E5 6AB,485000
4 Bedroom House Ipswich,166 Springfield Road,Ipswich,IP4 8AB,965000
2 Bedroom Apartment Colchester,160 London Road,Colchester,CO2 3AB,755000
2 Bedroom Apartment Colchester,185 Church Road,Colchester,CO8 2AB,475000
2 Bedroom Bungalow Norwich,84 Park Road,Norwich,NR8 8AB,1015000
4 Bedroom House Norwich,263 London Road,Norwich,NR8 1AB,1465000
1 Bedroom House Cambridge,214 King Street,Cambridge,CB3 7AB,815000
3 Bedroom Apartment Colchester,118 Springfield Road,Colchester,CO7 6AB,990000
1 Bedroom Apartment London,271 Station Road,London,E4 3AB,475000
4 Bedroom House Cambridge,88 Mill Lane,Cambridge,CB8 8AB,1405000
1 Bedroom Apartment Cambridge,214 London Road,Cambridge,CB2 1AB,730000
1 Bedroom Bungalow Chelmsford,222 Victoria Road,Chelmsford,CM5 1AB,1095000
5 Bedroom Apartment Chelmsford,48 Station Road,Chelmsford,CM2 8AB,480000
3 Bedroom House Colchester,137 King Street,Colchester,CO9 3AB,740000
2 Bedroom Bungalow Chelmsford,270 London Road,Chelmsford,CM5 7AB,970000
6 Bedroom Apartment Norwich,105 Springfield Road,Norwich,NR4 9AB,1490000
1 Bedroom Cottage Cambridge,232 Victoria Road,Cambridge,CB5 7AB,245000
4 Bedroom Apartment Ipswich,177 Station Road,Ipswich,IP6 5AB,1150000
1 Bedroom Apartment Ipswich,300 Springfield Road,Ipswich,IP3 1AB,150000
4 Bedroom Bungalow London,11 London Road,London,E2 5AB,1265000
2 Bedroom Bungalow Ipswich,209 Queen Street,Ipswich,IP1 2AB,255000
5 Bedroom Apartment Ipswich,210 Queen Street,Ipswich,IP2 5AB,235000
1 Bedroom Cottage Chelmsford,217 Queen Street,Chelmsford,CM6 9AB,1390000
1 Bedroom House Cambridge,291 Church Road,Cambridge,CB5 9AB,1410000
1 Bedroom House Ipswich,103 High Street,Ipswich,IP2 7AB,1185000
5 Bedroom House Ipswich,31 Victoria Road,Ipswich,IP2 7AB,385000
3 Bedroom House Norwich,266 Springfield Road,Norwich,NR2 7AB,555000
4 Bedroom Bungalow Colchester,299 Queen Street,Colchester,CO8 2AB,1490000
6 Bedroom Cottage Ipswich,117 King Street,Ipswich,IP3 2AB,1400000
3 Bedroom Cottage Norwich,12 London Road,Norwich,NR1 7AB,720000
4 Bedroom Cottage Cambridge,104 Springfield Road,Cambridge,CB1 9AB,1250000
1 Bedroom Bungalow Chelmsford,211 Mill Lane,Chelmsford,CM9 4AB,1075000
1 Bedroom House Colchester,190 London Road,Colchester,CO9 3AB,1435000
1 Bedroom House Norwich,195 High Street,Norwich,NR5 5AB,965000
1 Bedroom Bungalow Cambridge,70 London Road,Cambridge,CB6 5AB,775000
6 Bedroom Bungalow Chelmsford,130 High Street,Chelmsford,CM7 1AB,960000
4 Bedroom Bungalow Cambridge,100 Church Road,Cambridge,CB7 8AB,255000
3 Bedroom Bungalow Norwich,249 London Road,Norwich,NR6 7AB,180000
6 Bedroom Cottage Cambridge,141 Church Road,Cambridge,CB8 1AB,360000
6 Bedroom Cottage Ipswich,176 Mill Lane,Ipswich,IP3 3AB,755000
4 Bedroom Apartment Chelmsford,137 Station Road,Chelmsford,CM1 8AB,220000
4 Bedroom Bungalow London,238 King Street,London,E2 9AB,1375000
6 Bedroom Apartment Cambridge,181 Church Road,Cambridge,CB5 6AB,1210000
4 Bedroom Apartment London,158 London Road,London,E7 3AB,1215000
2 Bedroom Bungalow Ipswich,39 Church Road,Ipswich,IP5 1AB,1365000
4 Bedroom Bungalow Norwich,96 Church Road,Norwich,NR5 9AB,1205000
2 Bedroom Bungalow Cambridge,241 London Road,Cambridge,CB1 9AB,515000
2 Bedroom Apartment Colchester,284 High Street,Colchester,CO8 1AB,535000
5 Bedroom House Ipswich,167 High Street,Ipswich,IP9 4AB,1120000
1 Bedroom Bungalow Norwich,45 Victoria Road,Norwich,NR7 3AB,1450000
1 Bedroom House Ipswich,135 London Road,Ipswich,IP3 7AB,320000
3 Bedroom Bungalow Chelmsford,220 Victoria Road,Chelmsford,CM4 6AB,1130000
3 Bedroom Apartment Cambridge,140 King Street,Cambridge,CB5 4AB,505000
2 Bedroom House Colchester,192 Victoria Road,Colchester,CO6 5AB,325000
3 Bedroom Bungalow Chelmsford,154 Springfield Road,Chelmsford,CM3 8AB,705000
2 Bedroom House Cambridge,43 Church Road,Cambridge,CB4 9AB,1280000
1 Bedroom House Colchester,224 Church Road,Colchester,CO4 5AB,1430000
3 Bedroom Bungalow Cambridge,245 Springfield Road,Cambridge,CB3 1AB,595000
4 Bedroom Apartment Cambridge,49 Station Road,Cambridge,CB2 1AB,605000
3 Bedroom Bungalow Chelmsford,188 Springfield Road,Chelmsford,CM2 3AB,720000
3 Bedroom Bungalow Norwich,109 Church Road,Norwich,NR7 2AB,1100000
1 Bedroom Bungalow Colchester,186 Church Road,Colchester,CO2 4AB,545000
1 Bedroom Cottage Ipswich,223 King Street,Ipswich,IP3 3AB,1150000
2 Bedroom Cottage Ipswich,202 High Street,Ipswich,IP1 6AB,1475000
3 Bedroom Apartment Ipswich,84 King Street,Ipswich,IP1 1AB,1495000
5 Bedroom House Cambridge,123 Mill Lane,Cambridge,CB1 6AB,725000
5 Bedroom House London,285 Church Road,London,E7 7AB,810000
3 Bedroom Apartment Ipswich,158 Station Road,Ipswich,IP3 8AB,1140000
4 Bedroom Apartment Colchester,269 Station Road,Colchester,CO4 6AB,425000
3 Bedroom Bungalow Cambridge,139 London Road,Cambridge,CB9 6AB,385000
2 Bedroom Apartment Norwich,96 London Road,Norwich,NR7 6AB,1190000
3 Bedroom House Cambridge,75 Springfield Road,Cambridge,CB5 6AB,860000
3 Bedroom House Chelmsford,9 High Street,Chelmsford,CM3 7AB,295000
4 Bedroom Bungalow Ipswich,4 Church Road,Ipswich,IP2 1AB,665000
5 Bedroom House Colchester,118 King Street,Colchester,CO3 2AB,1255000
1 Bedroom Bungalow Ipswich,233 Victoria Road,Ipswich,IP6 4AB,425000
5 Bedroom Apartment Cambridge,235 London Road,Cambridge,CB3 2AB,1065000
2 Bedroom House Colchester,125 Mill Lane,Colchester,CO4 2AB,400000
1 Bedroom Bungalow Norwich,295 Queen Street,Norwich,NR2 8AB,785000
4 Bedroom Apartment Colchester,258 Park Road,Colchester,CO2 6AB,890000
1 Bedroom Bungalow Cambridge,160 Victoria Road,Cambridge,CB2 2AB,1230000
2 Bedroom Apartment Cambridge,149 King Street,Cambridge,CB8 7AB,595000
1 Bedroom Bungalow London,276 London Road,London,E5 2AB,760000
4 Bedroom Bungalow Chelmsford,300 Springfield Road,Chelmsford,CM8 7AB,985000
4 Bedroom Bungalow Norwich,247 King Street,Norwich,NR6 1AB,800000
1 Bedroom Cottage Chelmsford,180 Victoria Road,Chelmsford,CM7 9AB,420000
6 Bedroom Bungalow Norwich,100 Victoria Road,Norwich,NR6 4AB,225000
2 Bedroom Cottage Cambridge,188 King Street,Cambridge,CB1 7AB,180000
4 Bedroom Apartment London,180 Springfield Road,London,E3 8AB,175000
3 Bedroom Apartment Chelmsford,274 King Street,Chelmsford,CM7 6AB,420000
2 Bedroom Cottage Colchester,169 Station Road,Colchester,CO1 8AB,1180000
3 Bedroom Apartment Chelmsford,199 Victoria Road,Chelmsford,CM7 3AB,170000
3 Bedroom Apartment Colchester,168 King Street,Colchester,CO9 7AB,1090000
4 Bedroom Apartment London,87 Mill Lane,London,E6 4AB,1160000
5 Bedroom Bungalow Colchester,200 King Street,Colchester,CO6 2AB,1200000
1 Bedroom Cottage Ipswich,165 Park Road,Ipswich,IP1 4AB,450000
5 Bedroom Bungalow Norwich,175 Station Road,Norwich,NR6 6AB,325000
4 Bedroom Apartment Cambridge,237 Queen Street,Cambridge,CB4 4AB,990000
4 Bedroom Apartment Colchester,42 Station Road,Colchester,CO3 9AB,1485000
1 Bedroom Bungalow Ipswich,35 Springfield Road,Ipswich,IP8 7AB,840000
2 Bedroom Cottage London,209 Church Road,London,E5 5AB,460000
4 Bedroom Bungalow Chelmsford,182 Springfield Road,Chelmsford,CM2 1AB,1015000
1 Bedroom Cottage Cambridge,77 Church Road,Cambridge,CB6 5AB,900000
3 Bedroom Apartment Norwich,273 London Road,Norwich,NR7 2AB,1140000
1 Bedroom House London,38 Queen Street,London,E1 5AB,370000
5 Bedroom Cottage London,125 Springfield Road,London,E7 7AB,1370000
1 Bedroom Apartment London,2 London Road,London,E3 9AB,1415000
4 Bedroom Apartment Chelmsford,262 Springfield Road,Chelmsford,CM3 7AB,655000
2 Bedroom Apartment Cambridge,252 Mill Lane,Cambridge,CB2 1AB,670000
2 Bedroom Apartment Chelmsford,76 London Road,Chelmsford,CM8 4AB,1155000
2 Bedroom Apartment Cambridge,220 Victoria Road,Cambridge,CB2 2AB,500000
2 Bedroom Apartment Cambridge,266 King Street,Cambridge,CB9 6AB,195000
5 Bedroom Apartment Chelmsford,72 Victoria Road,Chelmsford,CM1 5AB,480000
3 Bedroom House Colchester,134 Victoria Road,Colchester,CO3 9AB,975000
3 Bedroom Bungalow Norwich,32 Mill Lane,Norwich,NR8 1AB,180000
6 Bedroom Bungalow Chelmsford,26 Church Road,Chelmsford,CM8 4AB,1130000
1 Bedroom Cottage London,249 King Street,London,E9 4AB,1115000
5 Bedroom Bungalow Chelmsford,253 Park Road,Chelmsford,CM6 2AB,1125000
1 Bedroom Bungalow Colchester,188 Church Road,Colchester,CO5 6AB,500000
3 Bedroom Bungalow Norwich,255 King Street,Norwich,NR9 6AB,1460000
5 Bedroom Cottage Cambridge,169 Church Road,Cambridge,CB9 1AB,595000
5 Bedroom Bungalow Colchester,248 Station Road,Colchester,CO6 7AB,1225000
3 Bedroom Cottage Ipswich,271 Queen Street,Ipswich,IP8 6AB,905000
2 Bedroom Cottage Norwich,296 Springfield Road,Norwich,NR1 4AB,690000
3 Bedroom House Norwich,64 Station Road,Norwich,NR3 9AB,575000
2 Bedroom Apartment Chelmsford,35 High Street,Chelmsford,CM6 7AB,690000
5 Bedroom Apartment London,252 Church Road,London,E7 7AB,170000
3 Bedroom Cottage London,40 Mill Lane,London,E4 3AB,845000
6 Bedroom Apartment Norwich,279 Queen Street,Norwich,NR1 7AB,1490000
6 Bedroom Cottage Chelmsford,69 Church Road,Chelmsford,CM4 9AB,765000
2 Bedroom Bungalow Chelmsford,281 Station Road,Chelmsford,CM3 6AB,1390000
1 Bedroom Apartment Cambridge,244 Queen Street,Cambridge,CB5 3AB,1380000
6 Bedroom Bungalow London,251 Station Road,London,E2 4AB,820000
6 Bedroom House London,266 Mill Lane,London,E4 7AB,370000
4 Bedroom House Norwich,151 Mill Lane,Norwich,NR4 6AB,1230000
4 Bedroom House Chelmsford,136 Mill Lane,Chelmsford,CM3 6AB,1095000
5 Bedroom Bungalow Cambridge,174 Station Road,Cambridge,CB5 1AB,390000
2 Bedroom Bungalow Chelmsford,199 Victoria Road,Chelmsford,CM8 3AB,305000
2 Bedroom Cottage Chelmsford,243 King Street,Chelmsford,CM9 6AB,1380000
1 Bedroom Cottage Ipswich,206 Mill Lane,Ipswich,IP2 7AB,535000
3 Bedroom Bungalow Chelmsford,129 Station Road,Chelmsford,CM9 4AB,285000
2 Bedroom Apartment London,49 High Street,London,E2 3AB,295000
3 Bedroom Apartment Chelmsford,270 London Road,Chelmsford,CM3 8AB,430000
3 Bedroom Cottage Norwich,55 Park Road,Norwich,NR8 9AB,395000
6 Bedroom House Chelmsford,78 Station Road,Chelmsford,CM7 9AB,170000
1 Bedroom Cottage Colchester,86 Victoria Road,Colchester,CO1 1AB,325000
5 Bedroom Bungalow Chelmsford,196 Victoria Road,Chelmsford,CM3 7AB,760000
5 Bedroom Apartment Colchester,38 Church Road,Colchester,CO2 7AB,1460000
2 Bedroom Bungalow Colchester,220 King Street,Colchester,CO2 1AB,690000
6 Bedroom Apartment Norwich,185 Springfield Road,Norwich,NR9 5AB,795000
6 Bedroom House Chelmsford,31 Queen Street,Chelmsford,CM9 9AB,810000
1 Bedroom Cottage Ipswich,61 Station Road,Ipswich,IP2 2AB,185000
3 Bedroom Cottage Norwich,199 Park Road,Norwich,NR8 5AB,585000
5 Bedroom Cottage Colchester,224 Victoria Road,Colchester,CO7 3AB,155000
2 Bedroom Bungalow London,206 Park Road,London,E8 4AB,820000
1 Bedroom House Chelmsford,75 Victoria Road,Chelmsford,CM5 4AB,800000
2 Bedroom Apartment Cambridge,126 Church Road,Cambridge,CB9 1AB,275000
3 Bedroom House Norwich,257 Station Road,Norwich,NR7 3AB,775000
6 Bedroom Apartment Cambridge,261 King Street,Cambridge,CB5 1AB,1405000
5 Bedroom Cottage Colchester,156 London Road,Colchester,CO1 9AB,535000
1 Bedroom Bungalow London,40 Victoria Road,London,E1 4AB,955000
1 Bedroom Apartment London,239 Queen Street,London,E5 6AB,295000
6 Bedroom Bungalow Colchester,76 Mill Lane,Colchester,CO9 9AB,760000
6 Bedroom Bungalow Norwich,126 Springfield Road,Norwich,NR4 3AB,635000
3 Bedroom Bungalow Ipswich,263 Victoria Road,Ipswich,IP6 6AB,780000
1 Bedroom Apartment London,6 Church Road,London,E7 1AB,515000
2 Bedroom Bungalow Norwich,206 Queen Street,Norwich,NR5 1AB,1390000
5 Bedroom House London,202 Springfield Road,London,E8 8AB,450000
1 Bedroom Bungalow Chelmsford,13 Springfield Road,Chelmsford,CM3 4AB,905000
3 Bedroom Cottage Colchester,135 Church Road,Colchester,CO4 7AB,1225000
6 Bedroom Bungalow Cambridge,142 High Street,Cambridge,CB3 1AB,830000
2 Bedroom Apartment Cambridge,38 Mill Lane,Cambridge,CB5 6AB,445000
1 Bedroom Apartment Colchester,190 Queen Street,Colchester,CO7 3AB,785000
6 Bedroom House Cambridge,80 Mill Lane,Cambridge,CB1 7AB,345000
1 Bedroom House Colchester,300 Station Road,Colchester,CO7 2AB,1225000
6 Bedroom House Cambridge,145 Church Road,Cambridge,CB6 2AB,1035000
3 Bedroom Apartment Ipswich,45 King Street,Ipswich,IP1 6AB,345000
4 Bedroom Apartment London,24 Victoria Road,London,E3 8AB,1320000
2 Bedroom Bungalow Norwich,221 London Road,Norwich,NR4 7AB,1415000
2 Bedroom Bungalow Cambridge,102 Victoria Road,Cambridge,CB8 6AB,995000
4 Bedroom House Norwich,38 King Street,Norwich,NR4 4AB,1120000
2 Bedroom Bungalow Norwich,22 Park Road,Norwich,NR4 9AB,1380000
1 Bedroom House Chelmsford,234 Springfield Road,Chelmsford,CM2 8AB,370000
5 Bedroom House Norwich,201 High Street,Norwich,NR8 9AB,1105000
5 Bedroom Bungalow Colchester,249 London Road,Colchester,CO1 6AB,1145000
2 Bedroom Bungalow London,121 London Road,London,E2 5AB,750000
4 Bedroom Cottage Colchester,72 King Street,Colchester,CO8 1AB,520000
4 Bedroom House Colchester,42 High Street,Colchester,CO8 6AB,1200000
6 Bedroom Apartment Cambridge,22 Park Road,Cambridge,CB7 1AB,860000
5 Bedroom Bungalow Cambridge,85 Church Road,Cambridge,CB3 4AB,1090000
3 Bedroom Cottage Cambridge,244 Church Road,Cambridge,CB7 4AB,785000
6 Bedroom Cottage London,121 Park Road,London,E7 5AB,395000
4 Bedroom Bungalow Ipswich,94 King Street,Ipswich,IP7 5AB,995000
3 Bedroom House Colchester,223 King Street,Colchester,CO5 8AB,470000
3 Bedroom Cottage Ipswich,80 Mill Lane,Ipswich,IP5 6AB,655000
3 Bedroom House Colchester,78 Church Road,Colchester,CO7 5AB,855000
1 Bedroom Apartment London,169 Queen Street,London,E4 1AB,940000
2 Bedroom Cottage London,45 Victoria Road,London,E3 2AB,1490000
3 Bedroom Cottage London,245 Station Road,London,E8 6AB,250000
3 Bedroom Bungalow Chelmsford,199 High Street,Chelmsford,CM5 4AB,1280000
3 Bedroom House Chelmsford,29 Springfield Road,Chelmsford,CM9 9AB,425000
1 Bedroom Cottage Ipswich,21 London Road,Ipswich,IP8 3AB,775000
6 Bedroom House London,128 Springfield Road,London,E3 6AB,510000
5 Bedroom House London,97 Springfield Road,London,E7 4AB,230000
5 Bedroom House Chelmsford,23 Station Road,Chelmsford,CM4 4AB,820000
3 Bedroom House Cambridge,159 King Street,Cambridge,CB7 7AB,1125000
1 Bedroom House London,102 London Road,London,E7 5AB,1280000
5 Bedroom House Ipswich,279 Mill Lane,Ipswich,IP9 2AB,1475000
1 Bedroom Bungalow Chelmsford,185 Victoria Road,Chelmsford,CM9 8AB,1035000
1 Bedroom Cottage Cambridge,261 Church Road,Cambridge,CB3 5AB,680000
2 Bedroom Bungalow Colchester,1 High Street,Colchester,CO4 4AB,1250000
5 Bedroom Cottage Cambridge,7 Queen Street,Cambridge,CB3 2AB,950000
3 Bedroom House Ipswich,277 London Road,Ipswich,IP6 9AB,1480000
3 Bedroom Bungalow Colchester,100 Queen Street,Colchester,CO2 4AB,1375000
6 Bedroom House Colchester,198 Park Road,Colchester,CO4 3AB,495000
1 Bedroom House Chelmsford,152 London Road,Chelmsford,CM9 9AB,900000
1 Bedroom Cottage Chelmsford,74 Church Road,Chelmsford,CM2 2AB,340000
6 Bedroom Cottage Cambridge,94 Station Road,Cambridge,CB6 6AB,545000
6 Bedroom Cottage Colchester,120 Park Road,Colchester,CO7 3AB,1425000
4 Bedroom Bungalow Cambridge,108 Springfield Road,Cambridge,CB5 2AB,360000
4 Bedroom Apartment Colchester,89 Mill Lane,Colchester,CO9 9AB,215000
5 Bedroom House Ipswich,52 Park Road,Ipswich,IP4 7AB,400000
1 Bedroom House Cambridge,137 Park Road,Cambridge,CB6 4AB,865000
5 Bedroom Apartment Ipswich,31 Springfield Road,Ipswich,IP5 4AB,530000
1 Bedroom House Cambridge,138 Queen Street,Cambridge,CB3 1AB,160000
2 Bedroom Bungalow Colchester,196 Mill Lane,Colchester,CO8 9AB,1350000
3 Bedroom Bungalow Cambridge,41 Victoria Road,Cambridge,CB9 1AB,1455000
1 Bedroom Cottage London,203 Church Road,London,E7 5AB,375000
4 Bedroom House Chelmsford,236 Victoria Road,Chelmsford,CM2 3AB,360000
6 Bedroom Cottage Colchester,73 Victoria Road,Colchester,CO6 4AB,845000
2 Bedroom Apartment Norwich,202 Queen Street,Norwich,NR3 7AB,210000
2 Bedroom Cottage Colchester,252 Church Road,Colchester,CO9 7AB,605000
5 Bedroom Apartment London,56 Mill Lane,London,E4 1AB,200000
6 Bedroom Bungalow Chelmsford,223 Mill Lane,Chelmsford,CM4 7AB,1345000
6 Bedroom Apartment Ipswich,112 Victoria Road,Ipswich,IP2 8AB,880000
4 Bedroom Apartment Colchester,23 Park Road,Colchester,CO6 4AB,570000
2 Bedroom Apartment London,266 High Street,London,E2 5AB,1065000
4 Bedroom Bungalow Norwich,270 Mill Lane,Norwich,NR3 3AB,1140000
3 Bedroom House Colchester,87 Park Road,Colchester,CO1 7AB,1340000
3 Bedroom Apartment Norwich,46 King Street,Norwich,NR3 3AB,1490000
3 Bedroom Apartment Chelmsford,294 Station Road,Chelmsford,CM4 2AB,680000
2 Bedroom Apartment Colchester,165 Springfield Road,Colchester,CO7 1AB,205000
5 Bedroom House Norwich,24 Queen Street,Norwich,NR5 3AB,1055000
1 Bedroom Bungalow Chelmsford,202 High Street,Chelmsford,CM2 7AB,950000
6 Bedroom House Ipswich,121 Queen Street,Ipswich,IP4 5AB,480000
5 Bedroom Apartment Chelmsford,6 High Street,Chelmsford,CM2 2AB,245000
3 Bedroom House Ipswich,285 King Street,Ipswich,IP3 9AB,1010000
6 Bedroom House London,181 Springfield Road,London,E3 5AB,385000
4 Bedroom Apartment Cambridge,280 Church Road,Cambridge,CB9 7AB,1365000
4 Bedroom House Norwich,2 Church Road,Norwich,NR7 1AB,1375000
2 Bedroom House Colchester,209 Church Road,Colchester,CO2 5AB,1025000
5 Bedroom Apartment Colchester,24 Church Road,Colchester,CO4 2AB,765000
5 Bedroom Cottage London,99 Victoria Road,London,E3 1AB,1085000
5 Bedroom Apartment Cambridge,29 Park Road,Cambridge,CB8 5AB,1130000
3 Bedroom Bungalow Colchester,28 Mill Lane,Colchester,CO9 2AB,375000
4 Bedroom Apartment Norwich,139 Station Road,Norwich,NR1 7AB,1175000
2 Bedroom Apartment Cambridge,114 Springfield Road,Cambridge,CB6 7AB,570000
6 Bedroom Cottage Cambridge,237 Park Road,Cambridge,CB4 7AB,630000
2 Bedroom Cottage Colchester,141 Church Road,Colchester,CO4 7AB,555000
2 Bedroom Bungalow Norwich,106 High Street,Norwich,NR4 9AB,595000
6 Bedroom Bungalow Ipswich,185 High Street,Ipswich,IP1 4AB,310000
2 Bedroom Apartment Ipswich,98 Station Road,Ipswich,IP4 4AB,545000
2 Bedroom Cottage Ipswich,166 Victoria Road,Ipswich,IP9 3AB,1410000
3 Bedroom Bungalow Norwich,175 Springfield Road,Norwich,NR9 4AB,1095000
2 Bedroom Cottage Norwich,56 Station Road,Norwich,NR8 8AB,1310000
4 Bedroom House Colchester,174 Queen Street,Colchester,CO6 7AB,780000
3 Bedroom Bungalow Colchester,299 Mill Lane,Colchester,CO3 5AB,1275000
2 Bedroom Apartment Ipswich,195 King Street,Ipswich,IP4 4AB,330000
5 Bedroom Bungalow Norwich,142 Park Road,Norwich,NR6 2AB,170000
5 Bedroom House Chelmsford,277 Church Road,Chelmsford,CM9 6AB,1410000
5 Bedroom Cottage Ipswich,11 Springfield Road,Ipswich,IP5 8AB,165000
2 Bedroom Bungalow Colchester,97 Park Road,Colchester,CO9 6AB,1250000
1 Bedroom Bungalow London,221 High Street,London,E6 5AB,440000
5 Bedroom House Ipswich,276 Mill Lane,Ipswich,IP6 6AB,305000
4 Bedroom Apartment Cambridge,5 Springfield Road,Cambridge,CB7 8AB,455000
1 Bedroom Apartment Chelmsford,149 Station Road,Chelmsford,CM2 2AB,515000
4 Bedroom Bungalow Chelmsford,128 Queen Street,Chelmsford,CM3 9AB,1345000
1 Bedroom Cottage Chelmsford,80 Springfield Road,Chelmsford,CM1 4AB,455000
2 Bedroom Cottage London,90 King Street,London,E6 6AB,355000
6 Bedroom Apartment Ipswich,77 London Road,Ipswich,IP4 5AB,1325000
5 Bedroom Apartment Chelmsford,9 High Street,Chelmsford,CM6 7AB,815000
1 Bedroom Cottage Norwich,55 Mill Lane,Norwich,NR9 9AB,1230000
6 Bedroom House Cambridge,146 High Street,Cambridge,CB4 5AB,200000
1 Bedroom Apartment Ipswich,173 Mill Lane,Ipswich,IP9 1AB,620000
4 Bedroom House Colchester,55 Church Road,Colchester,CO1 5AB,265000
1 Bedroom Cottage Ipswich,288 Park Road,Ipswich,IP6 3AB,675000
2 Bedroom Bungalow London,56 Springfield Road,London,E2 7AB,1280000
5 Bedroom Apartment London,239 Victoria Road,London,E6 2AB,1395000
6 Bedroom Bungalow Cambridge,152 Park Road,Cambridge,CB3 7AB,1385000
1 Bedroom Apartment London,92 London Road,London,E8 4AB,1385000
1 Bedroom Cottage London,259 Mill Lane,London,E1 6AB,890000
3 Bedroom Apartment Chelmsford,130 Springfield Road,Chelmsford,CM8 6AB,490000
4 Bedroom Bungalow London,162 Park Road,London,E8 4AB,1060000
2 Bedroom House Chelmsford,108 Park Road,Chelmsford,CM2 8AB,1130000
2 Bedroom Apartment Norwich,115 Queen Street,Norwich,NR6 7AB,210000
4 Bedroom Bungalow Norwich,72 King Street,Norwich,NR9 3AB,955000
4 Bedroom Bungalow Ipswich,11 Victoria Road,Ipswich,IP1 6AB,1240000
3 Bedroom Bungalow Chelmsford,36 Mill Lane,Chelmsford,CM3 4AB,980000
2 Bedroom Bungalow Cambridge,249 Springfield Road,Cambridge,CB1 9AB,310000
5 Bedroom House Colchester,31 Church Road,Colchester,CO1 6AB,1440000
1 Bedroom Cottage Ipswich,256 Victoria Road,Ipswich,IP4 3AB,1415000
4 Bedroom Cottage Norwich,225 Springfield Road,Norwich,NR7 6AB,1095000
1 Bedroom Cottage Ipswich,287 Park Road,Ipswich,IP7 5AB,820000
6 Bedroom Cottage Colchester,99 Station Road,Colchester,CO7 2AB,1040000
4 Bedroom Cottage Cambridge,20 Church Road,Cambridge,CB9 1AB,1110000
3 Bedroom Apartment Chelmsford,140 High Street,Chelmsford,CM9 5AB,355000
2 Bedroom Cottage Norwich,69 Victoria Road,Norwich,NR8 9AB,270000
2 Bedroom Apartment London,230 Springfield Road,London,E9 6AB,1025000
3 Bedroom Cottage Chelmsford,278 High Street,Chelmsford,CM3 1AB,1255000
1 Bedroom Cottage Colchester,111 London Road,Colchester,CO8 7AB,650000
4 Bedroom House Ipswich,183 London Road,Ipswich,IP7 6AB,1410000
3 Bedroom Cottage Chelmsford,277 Church Road,Chelmsford,CM4 6AB,1470000
5 Bedroom Apartment London,135 High Street,London,E3 3AB,755000
5 Bedroom Cottage Norwich,293 High Street,Norwich,NR2 2AB,930000
3 Bedroom Cottage Ipswich,42 Victoria Road,Ipswich,IP2 6AB,615000
4 Bedroom Apartment Ipswich,197 Victoria Road,Ipswich,IP5 6AB,875000
2 Bedroom Cottage Colchester,233 High Street,Colchester,CO6 9AB,210000
1 Bedroom Apartment Ipswich,41 Station Road,Ipswich,IP2 7AB,915000
3 Bedroom House Colchester,283 Victoria Road,Colchester,CO7 6AB,675000
2 Bedroom Cottage London,25 Church Road,London,E3 4AB,250000
1 Bedroom Bungalow London,57 Victoria Road,London,E8 3AB,1380000
2 Bedroom Cottage Cambridge,122 King Street,Cambridge,CB8 8AB,475000
3 Bedroom Apartment Colchester,212 Station Road,Colchester,CO5 6AB,665000
2 Bedroom House London,177 Victoria Road,London,E1 1AB,560000
3 Bedroom House Ipswich,193 Church Road,Ipswich,IP2 6AB,1150000
2 Bedroom Bungalow Colchester,4 Mill Lane,Colchester,CO4 7AB,1385000
6 Bedroom Cottage Cambridge,113 London Road,Cambridge,CB2 8AB,1200000
1 Bedroom Apartment London,255 Victoria Road,London,E7 6AB,925000
3 Bedroom Cottage Colchester,87 Church Road,Colchester,CO1 5AB,775000
5 Bedroom Bungalow Colchester,113 Mill Lane,Colchester,CO5 8AB,720000
5 Bedroom Cottage London,95 London Road,London,E8 9AB,270000
1 Bedroom Bungalow Cambridge,193 Station Road,Cambridge,CB5 8AB,910000
5 Bedroom Apartment Cambridge,119 Church Road,Cambridge,CB8 5AB,625000
1 Bedroom Bungalow Colchester,19 Mill Lane,Colchester,CO3 4AB,460000
4 Bedroom Cottage Colchester,117 Springfield Road,Colchester,CO5 5AB,375000
1 Bedroom Apartment London,156 Park Road,London,E7 6AB,1025000
4 Bedroom Apartment Colchester,238 Park Road,Colchester,CO9 9AB,150000
1 Bedroom Apartment Norwich,201 High Street,Norwich,NR2 4AB,480000
4 Bedroom Bungalow Ipswich,176 Church Road,Ipswich,IP6 6AB,580000
3 Bedroom Bungalow Chelmsford,147 Park Road,Chelmsford,CM7 8AB,335000
3 Bedroom House London,199 Mill Lane,London,E8 5AB,560000
2 Bedroom House Chelmsford,32 Springfield Road,Chelmsford,CM4 6AB,565000
1 Bedroom Cottage Colchester,10 Queen Street,Colchester,CO8 9AB,1100000
1 Bedroom Cottage Cambridge,278 King Street,Cambridge,CB5 9AB,480000
2 Bedroom Cottage London,15 Park Road,London,E8 2AB,670000
1 Bedroom Bungalow London,23 Springfield Road,London,E2 6AB,425000
3 Bedroom Cottage Chelmsford,31 Park Road,Chelmsford,CM5 6AB,865000
3 Bedroom Cottage Cambridge,205 High Street,Cambridge,CB3 1AB,1155000
4 Bedroom Cottage Cambridge,85 King Street,Cambridge,CB1 1AB,340000
2 Bedroom House Cambridge,157 London Road,Cambridge,CB3 8AB,1080000
2 Bedroom Bungalow Cambridge,253 London Road,Cambridge,CB6 8AB,950000
4 Bedroom Bungalow Ipswich,10 London Road,Ipswich,IP5 3AB,800000
4 Bedroom Apartment Norwich,261 King Street,Norwich,NR5 7AB,1460000
3 Bedroom Cottage Norwich,204 Victoria Road,Norwich,NR6 5AB,340000
4 Bedroom Apartment Norwich,239 Mill Lane,Norwich,NR1 9AB,520000
4 Bedroom Cottage London,9 Park Road,London,E6 6AB,1445000
5 Bedroom Bungalow Cambridge,157 Queen Street,Cambridge,CB4 4AB,785000
1 Bedroom Apartment London,153 Station Road,London,E7 1AB,1220000
4 Bedroom Apartment Ipswich,37 Victoria Road,Ipswich,IP7 2AB,820000
3 Bedroom Bungalow Colchester,26 High Street,Colchester,CO1 2AB,1085000
4 Bedroom Bungalow Chelmsford,190 Station Road,Chelmsford,CM9 2AB,1080000
4 Bedroom House Cambridge,150 Park Road,Cambridge,CB6 5AB,855000
3 Bedroom Apartment Ipswich,50 Mill Lane,Ipswich,IP8 2AB,1005000
6 Bedroom Apartment Cambridge,174 Springfield Road,Cambridge,CB9 4AB,315000
6 Bedroom Cottage Colchester,105 King Street,Colchester,CO7 9AB,1310000
3 Bedroom Bungalow Chelmsford,72 High Street,Chelmsford,CM8 5AB,1250000
6 Bedroom House Chelmsford,175 Station Road,Chelmsford,CM1 9AB,250000
3 Bedroom Bungalow London,35 Station Road,London,E5 7AB,505000
4 Bedroom House Chelmsford,79 Queen Street,Chelmsford,CM3 8AB,1005000
6 Bedroom Cottage Ipswich,231 Queen Street,Ipswich,IP9 4AB,1105000
3 Bedroom Cottage Norwich,83 High Street,Norwich,NR1 7AB,1035000
5 Bedroom House Cambridge,182 Station Road,Cambridge,CB9 5AB,275000
2 Bedroom Apartment Chelmsford,38 King Street,Chelmsford,CM1 9AB,910000
5 Bedroom Cottage Chelmsford,206 Queen Street,Chelmsford,CM2 8AB,270000
2 Bedroom House Cambridge,69 Church Road,Cambridge,CB9 7AB,1400000
5 Bedroom Bungalow Chelmsford,212 Springfield Road,Chelmsford,CM2 8AB,480000
3 Bedroom Apartment Colchester,246 Church Road,Colchester,CO5 1AB,735000
3 Bedroom Apartment Ipswich,222 Church Road,Ipswich,IP9 4AB,1305000
4 Bedroom Cottage London,88 King Street,London,E7 9AB,1465000
3 Bedroom Bungalow Ipswich,101 High Street,Ipswich,IP6 1AB,200000
2 Bedroom House London,178 London Road,London,E8 5AB,230000
4 Bedroom Bungalow London,16 Mill Lane,London,E1 6AB,685000
5 Bedroom Apartment Ipswich,287 London Road,Ipswich,IP4 8AB,470000
5 Bedroom House Norwich,285 Mill Lane,Norwich,NR8 9AB,1340000
1 Bedroom Bungalow Cambridge,165 King Street,Cambridge,CB1 3AB,1050000
1 Bedroom Apartment Norwich,168 London Road,Norwich,NR6 4AB,280000
4 Bedroom House Colchester,293 King Street,Colchester,CO7 4AB,1445000
5 Bedroom Cottage Cambridge,22 Victoria Road,Cambridge,CB7 4AB,1265000
4 Bedroom House London,106 Mill Lane,London,E3 6AB,360000
2 Bedroom Apartment Ipswich,244 King Street,Ipswich,IP9 3AB,1015000
6 Bedroom Cottage Chelmsford,297 Mill Lane,Chelmsford,CM3 3AB,1435000
1 Bedroom Cottage Norwich,183 Station Road,Norwich,NR7 4AB,940000
2 Bedroom Cottage Cambridge,278 Springfield Road,Cambridge,CB1 7AB,745000
1 Bedroom Cottage Colchester,279 High Street,Colchester,CO6 7AB,805000
4 Bedroom Cottage Cambridge,149 King Street,Cambridge,CB4 6AB,980000
3 Bedroom House Ipswich,102 London Road,Ipswich,IP7 5AB,345000
4 Bedroom House Cambridge,82 King Street,Cambridge,CB7 2AB,200000
2 Bedroom Apartment Cambridge,181 High Street,Cambridge,CB5 4AB,1380000
1 Bedroom Apartment Ipswich,268 Springfield Road,Ipswich,IP1 4AB,295000
1 Bedroom House London,1 Queen Street,London,E6 6AB,390000
5 Bedroom House Norwich,175 King Street,Norwich,NR8 7AB,440000
4 Bedroom Apartment Norwich,16 Mill Lane,Norwich,NR3 1AB,885000
5 Bedroom Apartment Colchester,228 Queen Street,Colchester,CO8 8AB,930000
3 Bedroom House Ipswich,242 High Street,Ipswich,IP7 3AB,1345000
5 Bedroom House Colchester,292 Springfield Road,Colchester,CO6 2AB,415000
1 Bedroom Apartment London,251 Queen Street,London,E6 9AB,725000
2 Bedroom Apartment London,81 Station Road,London,E2 4AB,800000
2 Bedroom Bungalow London,293 Church Road,London,E3 2AB,245000
4 Bedroom House Cambridge,69 Queen Street,Cambridge,CB5 3AB,1135000
3 Bedroom Cottage Chelmsford,133 Mill Lane,Chelmsford,CM2 3AB,1295000
6 Bedroom House Chelmsford,118 Springfield Road,Chelmsford,CM6 6AB,605000
4 Bedroom Apartment Chelmsford,125 Church Road,Chelmsford,CM2 5AB,320000
1 Bedroom House Ipswich,269 Mill Lane,Ipswich,IP4 1AB,1460000
5 Bedroom House Chelmsford,180 Queen Street,Chelmsford,CM2 4AB,1400000
6 Bedroom Cottage Chelmsford,54 Queen Street,Chelmsford,CM8 5AB,1360000
3 Bedroom House London,38 High Street,London,E2 3AB,1220000
3 Bedroom Bungalow Norwich,63 High Street,Norwich,NR7 6AB,675000
4 Bedroom Apartment Cambridge,100 King Street,Cambridge,CB8 4AB,1180000
4 Bedroom Cottage Ipswich,145 King Street,Ipswich,IP7 7AB,965000
6 Bedroom Apartment Colchester,168 Springfield Road,Colchester,CO4 2AB,1030000
2 Bedroom Apartment London,247 Park Road,London,E4 4AB,265000
4 Bedroom Apartment Cambridge,15 Victoria Road,Cambridge,CB5 2AB,610000
6 Bedroom Cottage Colchester,66 Springfield Road,Colchester,CO1 6AB,775000
6 Bedroom Bungalow London,287 Station Road,London,E2 8AB,810000
6 Bedroom Cottage Norwich,89 Station Road,Norwich,NR9 6AB,1175000
2 Bedroom House Ipswich,40 High Street,Ipswich,IP1 5AB,305000
5 Bedroom Bungalow Cambridge,119 High Street,Cambridge,CB9 2AB,1010000
1 Bedroom Bungalow Colchester,160 Springfield Road,Colchester,CO3 9AB,1430000
3 Bedroom Cottage Ipswich,111 Queen Street,Ipswich,IP8 2AB,1005000
5 Bedroom Bungalow London,298 Queen Street,London,E1 1AB,650000
5 Bedroom Bungalow Cambridge,300 Springfield Road,Cambridge,CB4 7AB,1255000
5 Bedroom Bungalow Chelmsford,274 Station Road,Chelmsford,CM3 5AB,715000
2 Bedroom Bungalow London,160 Park Road,London,E3 8AB,1480000
5 Bedroom House Norwich,42 Mill Lane,Norwich,NR9 8AB,1170000
6 Bedroom Bungalow Chelmsford,73 Queen Street,Chelmsford,CM2 1AB,575000
2 Bedroom Bungalow Chelmsford,66 Park Road,Chelmsford,CM1 5AB,960000
4 Bedroom Cottage London,245 Park Road,London,E2 8AB,190000
2 Bedroom House Colchester,34 London Road,Colchester,CO7 8AB,1210000
6 Bedroom Cottage Chelmsford,42 Park Road,Chelmsford,CM2 7AB,1210000
3 Bedroom Apartment Cambridge,48 Station Road,Cambridge,CB1 4AB,840000
1 Bedroom Apartment Norwich,191 Victoria Road,Norwich,NR7 1AB,575000
4 Bedroom Bungalow Cambridge,60 Queen Street,Cambridge,CB8 6AB,600000
3 Bedroom Bungalow Chelmsford,217 High Street,Chelmsford,CM1 1AB,1085000
4 Bedroom Apartment London,244 London Road,London,E7 7AB,595000
5 Bedroom Bungalow Norwich,48 Park Road,Norwich,NR1 1AB,690000
1 Bedroom Cottage London,18 Springfield Road,London,E4 5AB,290000
6 Bedroom House Chelmsford,115 Mill Lane,Chelmsford,CM2 5AB,1430000
5 Bedroom House Chelmsford,257 Victoria Road,Chelmsford,CM4 7AB,525000
5 Bedroom Apartment Norwich,43 Victoria Road,Norwich,NR8 4AB,1420000
5 Bedroom House London,101 Queen Street,London,E2 3AB,440000
2 Bedroom Apartment Cambridge,223 Queen Street,Cambridge,CB7 5AB,1425000
3 Bedroom Cottage Chelmsford,296 Park Road,Chelmsford,CM4 1AB,1380000
4 Bedroom House Cambridge,175 Springfield Road,Cambridge,CB2 4AB,1115000
4 Bedroom House Norwich,116 High Street,Norwich,NR1 7AB,1020000
2 Bedroom House Cambridge,56 High Street,Cambridge,CB9 8AB,1085000
5 Bedroom Bungalow Norwich,21 King Street,Norwich,NR5 6AB,1075000
3 Bedroom Bungalow Colchester,275 King Street,Colchester,CO4 6AB,1430000
2 Bedroom House Norwich,84 Park Road,Norwich,NR8 2AB,980000
6 Bedroom Apartment Norwich,242 King Street,Norwich,NR9 8AB,1355000
3 Bedroom Apartment Ipswich,155 High Street,Ipswich,IP4 1AB,305000
1 Bedroom Bungalow London,261 London Road,London,E7 8AB,280000
4 Bedroom House Cambridge,188 Mill Lane,Cambridge,CB2 3AB,940000
1 Bedroom Cottage Chelmsford,239 Queen Street,Chelmsford,CM8 1AB,360000
3 Bedroom Bungalow Cambridge,174 Church Road,Cambridge,CB3 2AB,1350000
5 Bedroom Apartment Norwich,214 Springfield Road,Norwich,NR1 3AB,950000
3 Bedroom House Cambridge,91 High Street,Cambridge,CB9 5AB,1125000
5 Bedroom Cottage Ipswich,114 Church Road,Ipswich,IP9 2AB,830000
1 Bedroom Apartment Ipswich,25 Queen Street,Ipswich,IP6 6AB,605000
4 Bedroom Apartment Cambridge,242 Park Road,Cambridge,CB5 4AB,165000
4 Bedroom Apartment London,146 London Road,London,E1 6AB,1125000
1 Bedroom Cottage Norwich,278 Victoria Road,Norwich,NR6 6AB,160000
4 Bedroom Bungalow Colchester,31 Church Road,Colchester,CO1 3AB,415000
2 Bedroom House Norwich,255 Mill Lane,Norwich,NR4 4AB,995000
4 Bedroom Apartment Colchester,120 Church Road,Colchester,CO1 2AB,955000
5 Bedroom Cottage Norwich,214 Victoria Road,Norwich,NR9 7AB,570000
3 Bedroom Apartment Chelmsford,262 Mill Lane,Chelmsford,CM1 6AB,1095000
3 Bedroom Bungalow Cambridge,170 Victoria Road,Cambridge,CB4 4AB,920000
6 Bedroom Apartment Chelmsford,142 Victoria Road,Chelmsford,CM4 8AB,730000
3 Bedroom House London,27 London Road,London,E7 6AB,1340000
6 Bedroom Cottage Cambridge,182 King Street,Cambridge,CB1 8AB,430000
3 Bedroom Bungalow Norwich,296 London Road,Norwich,NR6 8AB,890000
1 Bedroom Cottage Norwich,296 King Street,Norwich,NR5 9AB,1350000
3 Bedroom Cottage Cambridge,43 High Street,Cambridge,CB4 7AB,1240000
1 Bedroom House Norwich,13 Park Road,Norwich,NR3 9AB,930000
4 Bedroom Bungalow Ipswich,217 Station Road,Ipswich,IP3 2AB,885000
6 Bedroom House London,288 Queen Street,London,E1 4AB,1295000
6 Bedroom House Colchester,56 Mill Lane,Colchester,CO8 6AB,580000
3 Bedroom Apartment Ipswich,206 King Street,Ipswich,IP9 9AB,790000
3 Bedroom Apartment Colchester,25 Station Road,Colchester,CO8 3AB,415000
1 Bedroom Cottage Norwich,277 Queen Street,Norwich,NR4 4AB,765000
6 Bedroom Bungalow London,292 Park Road,London,E5 8AB,870000
5 Bedroom Apartment Colchester,253 King Street,Colchester,CO1 5AB,1285000
4 Bedroom House Colchester,98 Queen Street,Colchester,CO8 6AB,955000
6 Bedroom Bungalow Chelmsford,241 Victoria Road,Chelmsford,CM6 1AB,955000
2 Bedroom Apartment Chelmsford,291 Church Road,Chelmsford,CM9 3AB,1130000
6 Bedroom House Norwich,73 High Street,Norwich,NR1 3AB,500000
2 Bedroom Apartment Norwich,119 Station Road,Norwich,NR8 5AB,400000
4 Bedroom Apartment Chelmsford,246 Mill Lane,Chelmsford,CM1 9AB,845000
2 Bedroom Cottage Colchester,275 Church Road,Colchester,CO8 7AB,910000
6 Bedroom Bungalow Norwich,150 King Street,Norwich,NR5 8AB,1255000
5 Bedroom Cottage Ipswich,129 Park Road,Ipswich,IP8 5AB,505000
4 Bedroom House Colchester,3 King Street,Colchester,CO6 8AB,1010000
6 Bedroom House Chelmsford,51 Mill Lane,Chelmsford,CM7 1AB,315000
3 Bedroom Cottage Cambridge,3 Park Road,Cambridge,CB6 7AB,640000
2 Bedroom Bungalow Norwich,135 Springfield Road,Norwich,NR8 1AB,340000
1 Bedroom Apartment Norwich,223 Church Road,Norwich,NR2 3AB,1425000
1 Bedroom Bungalow Chelmsford,110 Mill Lane,Chelmsford,CM1 6AB,1130000
2 Bedroom Cottage Chelmsford,282 London Road,Chelmsford,CM3 8AB,1070000
4 Bedroom Bungalow Colchester,290 Springfield Road,Colchester,CO4 5AB,1200000
6 Bedroom Cottage Cambridge,30 Church Road,Cambridge,CB1 6AB,765000
4 Bedroom House Colchester,64 Victoria Road,Colchester,CO9 4AB,560000
4 Bedroom Apartment Norwich,69 Queen Street,Norwich,NR7 2AB,1190000
2 Bedroom Bungalow Colchester,109 Park Road,Colchester,CO7 5AB,275000
5 Bedroom Apartment Cambridge,289 Church Road,Cambridge,CB9 7AB,185000
2 Bedroom House Cambridge,140 Park Road,Cambridge,CB2 6AB,1190000
5 Bedroom Cottage Cambridge,300 King Street,Cambridge,CB4 5AB,920000
6 Bedroom Apartment Norwich,56 London Road,Norwich,NR4 6AB,1375000
6 Bedroom Apartment Colchester,200 Springfield Road,Colchester,CO9 8AB,520000
4 Bedroom Bungalow Colchester,257 Victoria Road,Colchester,CO1 6AB,300000
2 Bedroom Cottage Colchester,163 Station Road,Colchester,CO7 5AB,275000
3 Bedroom Apartment Colchester,189 Park Road,Colchester,CO2 3AB,475000
3 Bedroom Bungalow Chelmsford,252 King Street,Chelmsford,CM7 1AB,935000
5 Bedroom Cottage Norwich,4 Victoria Road,Norwich,NR3 8AB,1215000
5 Bedroom Bungalow London,169 Springfield Road,London,E4 4AB,635000
2 Bedroom Bungalow Ipswich,156 Park Road,Ipswich,IP6 3AB,515000
2 Bedroom Cottage Norwich,205 Queen Street,Norwich,NR6 8AB,630000
6 Bedroom Apartment Cambridge,285 Springfield Road,Cambridge,CB7 4AB,840000
5 Bedroom Apartment Cambridge,226 King Street,Cambridge,CB1 6AB,350000
3 Bedroom Apartment Ipswich,187 King Street,Ipswich,IP3 4AB,525000
1 Bedroom House Norwich,90 Park Road,Norwich,NR9 2AB,1085000
5 Bedroom Apartment Chelmsford,182 King Street,Chelmsford,CM2 2AB,1390000
2 Bedroom Cottage Colchester,74 King Street,Colchester,CO7 4AB,1180000
2 Bedroom Cottage Chelmsford,69 Victoria Road,Chelmsford,CM1 8AB,825000
4 Bedroom House London,279 Springfield Road,London,E9 2AB,825000
2 Bedroom Cottage Colchester,255 London Road,Colchester,CO3 3AB,880000
5 Bedroom Apartment Chelmsford,252 Mill Lane,Chelmsford,CM8 7AB,900000
3 Bedroom House Cambridge,51 Mill Lane,Cambridge,CB3 9AB,1185000
6 Bedroom Apartment Ipswich,272 Park Road,Ipswich,IP5 1AB,530000
2 Bedroom Cottage Ipswich,43 Mill Lane,Ipswich,IP2 8AB,945000
2 Bedroom House Norwich,125 King Street,Norwich,NR5 6AB,375000
2 Bedroom Bungalow Colchester,51 Station Road,Colchester,CO2 7AB,885000
1 Bedroom Apartment Colchester,71 Station Road,Colchester,CO9 6AB,575000
2 Bedroom House Ipswich,149 Queen Street,Ipswich,IP3 3AB,1165000
3 Bedroom Apartment London,252 London Road,London,E3 6AB,340000
4 Bedroom Cottage Ipswich,249 London Road,Ipswich,IP5 7AB,200000
3 Bedroom Cottage Norwich,217 Park Road,Norwich,NR8 5AB,355000
5 Bedroom Bungalow Cambridge,196 Church Road,Cambridge,CB5 3AB,995000
2 Bedroom House Cambridge,167 Victoria Road,Cambridge,CB2 8AB,400000
6 Bedroom Bungalow London,77 Park Road,London,E6 6AB,185000
2 Bedroom Cottage Cambridge,278 London Road,Cambridge,CB2 7AB,995000
5 Bedroom Cottage Cambridge,154 Station Road,Cambridge,CB1 4AB,1395000
6 Bedroom Bungalow London,25 Park Road,London,E3 8AB,1180000
2 Bedroom Bungalow Colchester,239 Mill Lane,Colchester,CO4 8AB,665000
2 Bedroom Cottage Norwich,290 Station Road,Norwich,NR7 3AB,1445000
5 Bedroom Bungalow Cambridge,25 Church Road,Cambridge,CB9 9AB,1445000
4 Bedroom Bungalow Chelmsford,178 London Road,Chelmsford,CM2 7AB,695000
1 Bedroom Apartment Colchester,129 Mill Lane,Colchester,CO6 1AB,1195000
2 Bedroom Cottage Norwich,53 Station Road,Norwich,NR8 9AB,480000
3 Bedroom Bungalow Chelmsford,92 Park Road,Chelmsford,CM4 2AB,480000
4 Bedroom Bungalow London,235 Springfield Road,London,E9 5AB,1340000
6 Bedroom House London,234 Springfield Road,London,E9 5AB,245000
2 Bedroom Apartment Colchester,70 Queen Street,Colchester,CO6 5AB,870000
2 Bedroom House Chelmsford,230 King Street,Chelmsford,CM4 7AB,155000
5 Bedroom Bungalow London,217 Queen Street,London,E6 9AB,1295000
6 Bedroom Bungalow London,81 London Road,London,E5 3AB,1175000
4 Bedroom Bungalow Colchester,23 Victoria Road,Colchester,CO5 3AB,1200000
6 Bedroom Cottage London,20 Springfield Road,London,E4 8AB,1395000
5 Bedroom Cottage London,275 High Street,London,E3 9AB,1050000
2 Bedroom House Colchester,58 Springfield Road,Colchester,CO8 4AB,630000
4 Bedroom Bungalow Cambridge,126 Church Road,Cambridge,CB7 3AB,965000
3 Bedroom Cottage London,75 Park Road,London,E5 7AB,920000
5 Bedroom Bungalow Chelmsford,71 King Street,Chelmsford,CM4 5AB,825000
4 Bedroom House Cambridge,235 High Street,Cambridge,CB7 7AB,1385000
6 Bedroom Apartment Ipswich,277 Park Road,Ipswich,IP3 1AB,290000
5 Bedroom Bungalow Chelmsford,109 Queen Street,Chelmsford,CM6 2AB,1100000
1 Bedroom House Norwich,125 Mill Lane,Norwich,NR7 5AB,1025000
2 Bedroom House Chelmsford,183 Victoria Road,Chelmsford,CM1 7AB,1455000
2 Bedroom House Norwich,77 Queen Street,Norwich,NR8 3AB,1460000
4 Bedroom Cottage Norwich,270 Station Road,Norwich,NR9 6AB,830000
1 Bedroom Bungalow Norwich,114 Church Road,Norwich,NR1 9AB,345000
5 Bedroom Bungalow Chelmsford,206 London Road,Chelmsford,CM1 2AB,1280000
4 Bedroom Apartment Cambridge,177 King Street,Cambridge,CB6 3AB,570000
3 Bedroom Bungalow Norwich,7 Queen Street,Norwich,NR5 5AB,420000
5 Bedroom Apartment Colchester,268 King Street,Colchester,CO9 5AB,1495000
3 Bedroom House Cambridge,144 Park Road,Cambridge,CB9 1AB,1215000
3 Bedroom Bungalow Colchester,85 Victoria Road,Colchester,CO7 6AB,635000
3 Bedroom Apartment London,258 Victoria Road,London,E9 4AB,795000
3 Bedroom Cottage Norwich,232 Mill Lane,Norwich,NR1 8AB,1420000
1 Bedroom Apartment Cambridge,240 Springfield Road,Cambridge,CB4 2AB,215000
3 Bedroom House Chelmsford,241 King Street,Chelmsford,CM6 1AB,480000
2 Bedroom Bungalow Ipswich,232 King Street,Ipswich,IP3 8AB,645000
1 Bedroom Bungalow London,144 Church Road,London,E4 4AB,1395000
6 Bedroom House London,262 London Road,London,E5 5AB,1010000
3 Bedroom Apartment Ipswich,58 Queen Street,Ipswich,IP4 7AB,1265000
3 Bedroom Apartment Colchester,220 Church Road,Colchester,CO4 7AB,1010000
5 Bedroom Cottage Ipswich,115 Springfield Road,Ipswich,IP7 9AB,230000
2 Bedroom Cottage Cambridge,90 Station Road,Cambridge,CB7 2AB,1140000
2 Bedroom House Ipswich,36 Church Road,Ipswich,IP3 3AB,340000
2 Bedroom Cottage Colchester,197 Queen Street,Colchester,CO4 3AB,255000
2 Bedroom House London,259 Station Road,London,E1 7AB,470000
3 Bedroom Cottage Cambridge,140 Springfield Road,Cambridge,CB2 6AB,1410000
2 Bedroom Bungalow Ipswich,112 London Road,Ipswich,IP7 4AB,510000
4 Bedroom Cottage Norwich,152 London Road,Norwich,NR1 1AB,340000
2 Bedroom Bungalow Colchester,86 Queen Street,Colchester,CO7 4AB,755000
4 Bedroom Bungalow Colchester,59 Church Road,Colchester,CO6 7AB,1185000
6 Bedroom Apartment Colchester,165 High Street,Colchester,CO1 8AB,935000
1 Bedroom Bungalow Chelmsford,86 Victoria Road,Chelmsford,CM5 3AB,245000
5 Bedroom Bungalow Cambridge,176 Church Road,Cambridge,CB7 3AB,1230000
3 Bedroom House Norwich,139 London Road,Norwich,NR3 9AB,630000
3 Bedroom House London,189 Park Road,London,E7 1AB,830000
5 Bedroom Apartment London,244 Park Road,London,E9 3AB,1275000
6 Bedroom Apartment Cambridge,128 Church Road,Cambridge,CB1 6AB,1295000
2 Bedroom Cottage Norwich,147 Church Road,Norwich,NR6 3AB,160000
2 Bedroom Cottage Cambridge,122 King Street,Cambridge,CB2 1AB,1455000
4 Bedroom Cottage Norwich,109 Mill Lane,Norwich,NR6 6AB,415000
3 Bedroom Bungalow London,264 Victoria Road,London,E5 6AB,365000
6 Bedroom House Cambridge,66 Church Road,Cambridge,CB3 5AB,575000
3 Bedroom Cottage Ipswich,120 Queen Street,Ipswich,IP6 4AB,870000
4 Bedroom Cottage Cambridge,137 Springfield Road,Cambridge,CB2 7AB,1490000
2 Bedroom Bungalow Chelmsford,288 Park Road,Chelmsford,CM8 2AB,960000
5 Bedroom Cottage Chelmsford,63 Mill Lane,Chelmsford,CM1 7AB,1485000
2 Bedroom Bungalow London,22 Mill Lane,London,E5 4AB,620000
3 Bedroom House Colchester,12 Victoria Road,Colchester,CO8 4AB,270000
5 Bedroom House London,109 Church Road,London,E1 5AB,675000
4 Bedroom Bungalow Colchester,77 London Road,Colchester,CO7 7AB,195000
4 Bedroom House Cambridge,132 High Street,Cambridge,CB9 7AB,275000
4 Bedroom House Cambridge,173 Park Road,Cambridge,CB1 3AB,260000
5 Bedroom Apartment London,51 Church Road,London,E5 7AB,715000
5 Bedroom Cottage London,82 Park Road,London,E1 9AB,480000
1 Bedroom House Cambridge,256 High Street,Cambridge,CB5 4AB,1315000
1 Bedroom Cottage London,5 Station Road,London,E6 5AB,1090000
2 Bedroom Cottage Cambridge,128 Victoria Road,Cambridge,CB7 3AB,1265000
2 Bedroom Cottage Ipswich,127 King Street,Ipswich,IP9 7AB,240000
4 Bedroom Cottage Chelmsford,188 Mill Lane,Chelmsford,CM9 3AB,670000
1 Bedroom Apartment Colchester,216 Church Road,Colchester,CO8 3AB,195000
3 Bedroom Cottage London,241 Victoria Road,London,E4 5AB,1310000
2 Bedroom Bungalow Cambridge,226 Church Road,Cambridge,CB7 7AB,1075000
4 Bedroom Cottage Chelmsford,85 Church Road,Chelmsford,CM7 9AB,820000
2 Bedroom Bungalow London,122 Station Road,London,E8 3AB,755000
6 Bedroom House Colchester,262 Queen Street,Colchester,CO6 5AB,1295000
1 Bedroom Bungalow London,237 High Street,London,E4 8AB,155000
4 Bedroom Apartment Norwich,260 Springfield Road,Norwich,NR9 9AB,365000
5 Bedroom Cottage Cambridge,206 Church Road,Cambridge,CB9 5AB,1305000
2 Bedroom Apartment Norwich,258 Station Road,Norwich,NR5 4AB,960000
6 Bedroom House Ipswich,237 Park Road,Ipswich,IP2 9AB,360000
3 Bedroom Cottage London,164 Victoria Road,London,E5 2AB,1030000
2 Bedroom Apartment Cambridge,202 Station Road,Cambridge,CB1 2AB,650000
4 Bedroom House Ipswich,243 Queen Street,Ipswich,IP4 1AB,980000
2 Bedroom House London,245 Springfield Road,London,E7 4AB,1475000
4 Bedroom Bungalow Cambridge,159 King Street,Cambridge,CB2 5AB,290000
6 Bedroom Bungalow Ipswich,239 High Street,Ipswich,IP8 9AB,195000
1 Bedroom Apartment Cambridge,205 Queen Street,Cambridge,CB7 5AB,340000
5 Bedroom House Ipswich,245 London Road,Ipswich,IP2 5AB,1190000
1 Bedroom Cottage Colchester,280 Station Road,Colchester,CO8 7AB,850000
5 Bedroom House Chelmsford,216 King Street,Chelmsford,CM6 6AB,820000
5 Bedroom Bungalow London,221 King Street,London,E7 7AB,420000
5 Bedroom House Norwich,205 Church Road,Norwich,NR7 9AB,585000
6 Bedroom Apartment Norwich,31 Victoria Road,Norwich,NR5 3AB,295000
4 Bedroom House Ipswich,215 Victoria Road,Ipswich,IP9 1AB,530000
1 Bedroom House Cambridge,68 Springfield Road,Cambridge,CB7 5AB,440000
3 Bedroom Apartment Ipswich,137 High Street,Ipswich,IP2 8AB,1275000
6 Bedroom House Cambridge,278 Park Road,Cambridge,CB2 9AB,835000
4 Bedroom House Chelmsford,222 Springfield Road,Chelmsford,CM9 2AB,470000
4 Bedroom Apartment Chelmsford,209 High Street,Chelmsford,CM5 9AB,610000
5 Bedroom House Colchester,67 Springfield Road,Colchester,CO8 1AB,1425000
2 Bedroom Apartment Norwich,137 Church Road,Norwich,NR2 4AB,1240000
3 Bedroom Apartment Chelmsford,249 Queen Street,Chelmsford,CM5 5AB,525000
5 Bedroom Bungalow Colchester,150 Park Road,Colchester,CO1 9AB,255000
5 Bedroom Apartment Ipswich,11 Church Road,Ipswich,IP9 4AB,1460000
5 Bedroom House Cambridge,121 Park Road,Cambridge,CB6 2AB,1015000
3 Bedroom Cottage Colchester,191 Mill Lane,Colchester,CO8 4AB,890000
5 Bedroom Cottage Chelmsford,50 High Street,Chelmsford,CM5 5AB,555000
1 Bedroom Cottage London,17 Station Road,London,E7 6AB,270000
5 Bedroom Apartment Ipswich,118 Mill Lane,Ipswich,IP2 8AB,830000
4 Bedroom Cottage Ipswich,45 High Street,Ipswich,IP6 9AB,865000
1 Bedroom Apartment Chelmsford,75 Park Road,Chelmsford,CM4 5AB,815000
5 Bedroom Cottage Norwich,14 Station Road,Norwich,NR2 4AB,1470000
2 Bedroom Cottage Cambridge,239 Station Road,Cambridge,CB6 4AB,500000
4 Bedroom Apartment Cambridge,175 Victoria Road,Cambridge,CB2 3AB,1415000
6 Bedroom Cottage Chelmsford,283 Church Road,Chelmsford,CM4 6AB,175000
2 Bedroom Cottage Cambridge,296 Park Road,Cambridge,CB6 7AB,1130000
1 Bedroom Bungalow London,28 London Road,London,E4 5AB,1355000
3 Bedroom Bungalow Norwich,147 Mill Lane,Norwich,NR4 2AB,535000
6 Bedroom Bungalow London,261 Victoria Road,London,E6 6AB,1345000
5 Bedroom House Colchester,156 Victoria Road,Colchester,CO2 4AB,415000
4 Bedroom House Norwich,42 Station Road,Norwich,NR8 7AB,1185000
6 Bedroom Apartment Norwich,98 London Road,Norwich,NR3 3AB,815000
6 Bedroom Cottage Chelmsford,151 King Street,Chelmsford,CM4 2AB,1315000
2 Bedroom Apartment Chelmsford,168 Victoria Road,Chelmsford,CM9 5AB,720000
1 Bedroom Apartment London,287 Victoria Road,London,E5 9AB,240000
6 Bedroom Bungalow Ipswich,167 Mill Lane,Ipswich,IP8 6AB,680000
6 Bedroom Cottage Norwich,253 London Road,Norwich,NR2 6AB,380000
1 Bedroom Bungalow Ipswich,83 Church Road,Ipswich,IP8 5AB,585000
6 Bedroom Cottage Norwich,221 High Street,Norwich,NR7 2AB,1345000
2 Bedroom Apartment Cambridge,203 High Street,Cambridge,CB5 1AB,195000
2 Bedroom Cottage London,93 Springfield Road,London,E5 2AB,1445000
4 Bedroom Bungalow Cambridge,249 Springfield Road,Cambridge,CB2 3AB,340000
2 Bedroom Apartment Chelmsford,44 Church Road,Chelmsford,CM4 4AB,905000
3 Bedroom Cottage Chelmsford,244 Station Road,Chelmsford,CM2 7AB,815000
2 Bedroom Bungalow Colchester,204 Queen Street,Colchester,CO8 6AB,435000
1 Bedroom Cottage Chelmsford,152 Park Road,Chelmsford,CM5 1AB,1130000
3 Bedroom Cottage Cambridge,154 Victoria Road,Cambridge,CB1 2AB,155000
1 Bedroom Apartment Cambridge,53 London Road,Cambridge,CB7 5AB,885000
3 Bedroom Cottage Colchester,206 London Road,Colchester,CO7 7AB,570000
3 Bedroom Apartment Cambridge,164 Springfield Road,Cambridge,CB6 9AB,1155000
2 Bedroom Apartment Chelmsford,37 London Road,Chelmsford,CM8 3AB,1315000
5 Bedroom Apartment Norwich,122 Station Road,Norwich,NR2 1AB,630000
5 Bedroom House Cambridge,53 London Road,Cambridge,CB1 4AB,980000
1 Bedroom Apartment London,297 Springfield Road,London,E8 5AB,550000
1 Bedroom Cottage Colchester,45 Mill Lane,Colchester,CO2 9AB,945000
2 Bedroom Apartment Norwich,189 High Street,Norwich,NR2 2AB,1040000
4 Bedroom House Norwich,185 Queen Street,Norwich,NR7 1AB,215000
6 Bedroom Apartment Colchester,222 London Road,Colchester,CO5 3AB,875000
4 Bedroom Apartment Colchester,164 Springfield Road,Colchester,CO8 8AB,1240000
3 Bedroom House Colchester,137 High Street,Colchester,CO5 6AB,845000
6 Bedroom Cottage Ipswich,189 King Street,Ipswich,IP3 2AB,295000
4 Bedroom Bungalow Chelmsford,241 Church Road,Chelmsford,CM3 3AB,615000
1 Bedroom House Cambridge,121 Church Road,Cambridge,CB6 8AB,760000
2 Bedroom Apartment London,233 Victoria Road,London,E1 2AB,685000
1 Bedroom Bungalow Ipswich,186 Church Road,Ipswich,IP1 7AB,1100000
2 Bedroom Bungalow London,71 King Street,London,E5 3AB,940000
4 Bedroom Bungalow Chelmsford,2 London Road,Chelmsford,CM9 8AB,1165000
2 Bedroom Apartment Chelmsford,168 Queen Street,Chelmsford,CM7 4AB,545000
2 Bedroom Bungalow Chelmsford,240 High Street,Chelmsford,CM8 7AB,550000
5 Bedroom Bungalow Norwich,90 Station Road,Norwich,NR5 5AB,800000
1 Bedroom Bungalow Cambridge,266 Springfield Road,Cambridge,CB1 5AB,1210000
3 Bedroom House Norwich,68 London Road,Norwich,NR8 8AB,1385000
2 Bedroom Apartment Chelmsford,32 King Street,Chelmsford,CM8 4AB,195000
5 Bedroom House London,267 King Street,London,E8 1AB,270000
6 Bedroom House Chelmsford,125 Queen Street,Chelmsford,CM5 5AB,1200000
3 Bedroom Cottage Norwich,235 Springfield Road,Norwich,NR4 8AB,720000
6 Bedroom Bungalow Cambridge,101 Church Road,Cambridge,CB3 6AB,645000
6 Bedroom Cottage Cambridge,206 High Street,Cambridge,CB1 8AB,190000
1 Bedroom House Ipswich,10 London Road,Ipswich,IP2 6AB,1065000
5 Bedroom House Norwich,196 Queen Street,Norwich,NR4 7AB,565000
5 Bedroom Cottage Colchester,292 Mill Lane,Colchester,CO5 3AB,1165000
6 Bedroom House Colchester,178 High Street,Colchester,CO1 5AB,435000
1 Bedroom Apartment Ipswich,233 Springfield Road,Ipswich,IP1 3AB,355000
2 Bedroom Bungalow Chelmsford,210 High Street,Chelmsford,CM5 3AB,1465000
6 Bedroom Cottage Ipswich,254 Park Road,Ipswich,IP6 7AB,230000
5 Bedroom Apartment Ipswich,99 Church Road,Ipswich,IP3 4AB,230000
4 Bedroom Bungalow London,96 Church Road,London,E5 5AB,1190000
6 Bedroom Bungalow Ipswich,147 Queen Street,Ipswich,IP5 6AB,415000
3 Bedroom House Colchester,193 Springfield Road,Colchester,CO1 1AB,1055000
3 Bedroom House Cambridge,85 Victoria Road,Cambridge,CB2 7AB,425000
1 Bedroom Cottage Ipswich,296 Mill Lane,Ipswich,IP5 2AB,195000
5 Bedroom Apartment Chelmsford,145 Victoria Road,Chelmsford,CM9 3AB,710000
2 Bedroom Bungalow Ipswich,60 Springfield Road,Ipswich,IP7 4AB,1010000
2 Bedroom House Chelmsford,124 Park Road,Chelmsford,CM9 6AB,1150000
6 Bedroom Cottage Ipswich,232 King Street,Ipswich,IP6 2AB,1470000
5 Bedroom House Colchester,23 Station Road,Colchester,CO4 3AB,585000
3 Bedroom Bungalow London,214 Springfield Road,London,E1 1AB,1260000
1 Bedroom Cottage Ipswich,287 Church Road,Ipswich,IP7 4AB,200000
5 Bedroom House Colchester,138 Church Road,Colchester,CO3 2AB,580000
1 Bedroom Cottage Chelmsford,173 Station Road,Chelmsford,CM5 1AB,1320000
5 Bedroom House London,263 Park Road,London,E5 1AB,205000
3 Bedroom Bungalow Cambridge,36 Victoria Road,Cambridge,CB4 4AB,1065000
2 Bedroom Cottage London,143 Queen Street,London,E1 2AB,320000
1 Bedroom Bungalow Norwich,157 Victoria Road,Norwich,NR9 7AB,665000
6 Bedroom Apartment Norwich,57 High Street,Norwich,NR2 8AB,735000
2 Bedroom Cottage Chelmsford,228 Springfield Road,Chelmsford,CM6 2AB,1310000
3 Bedroom Cottage Norwich,63 Station Road,Norwich,NR8 5AB,1155000
5 Bedroom House Colchester,94 Station Road,Colchester,CO2 6AB,225000
3 Bedroom Apartment Chelmsford,185 Station Road,Chelmsford,CM9 7AB,965000
2 Bedroom Apartment Chelmsford,65 Springfield Road,Chelmsford,CM8 5AB,635000
5 Bedroom Bungalow Norwich,101 Park Road,Norwich,NR7 3AB,1215000
2 Bedroom Apartment Chelmsford,73 Church Road,Chelmsford,CM8 3AB,745000
2 Bedroom House Chelmsford,79 Springfield Road,Chelmsford,CM2 4AB,620000
2 Bedroom Apartment London,265 London Road,London,E4 5AB,920000
2 Bedroom Cottage Ipswich,131 Queen Street,Ipswich,IP1 5AB,425000
2 Bedroom House Colchester,33 Park Road,Colchester,CO2 7AB,1010000
1 Bedroom Apartment Norwich,212 Station Road,Norwich,NR2 9AB,1340000
3 Bedroom Cottage Chelmsford,146 Park Road,Chelmsford,CM5 6AB,1375000
3 Bedroom House Norwich,223 Church Road,Norwich,NR7 8AB,1400000
3 Bedroom Cottage Cambridge,2 London Road,Cambridge,CB3 3AB,1435000
2 Bedroom Cottage Norwich,246 Park Road,Norwich,NR1 5AB,580000
5 Bedroom Bungalow London,96 Victoria Road,London,E5 3AB,885000
1 Bedroom Apartment London,76 Mill Lane,London,E6 4AB,275000
3 Bedroom Cottage London,254 Queen Street,London,E6 2AB,1230000
4 Bedroom Apartment Chelmsford,231 King Street,Chelmsford,CM4 8AB,290000
5 Bedroom Apartment Chelmsford,39 Church Road,Chelmsford,CM5 3AB,1390000
1 Bedroom House Cambridge,216 Mill Lane,Cambridge,CB7 1AB,555000
2 Bedroom Apartment Chelmsford,92 High Street,Chelmsford,CM5 5AB,750000
4 Bedroom Bungalow Norwich,88 London Road,Norwich,NR3 6AB,305000
1 Bedroom House Cambridge,116 King Street,Cambridge,CB3 1AB,1270000
2 Bedroom Bungalow Colchester,11 Victoria Road,Colchester,CO3 6AB,395000
5 Bedroom Cottage Cambridge,86 High Street,Cambridge,CB2 9AB,1135000
3 Bedroom Cottage Ipswich,5 King Street,Ipswich,IP4 7AB,1055000
1 Bedroom Apartment Cambridge,85 Victoria Road,Cambridge,CB1 6AB,1165000
3 Bedroom Apartment Cambridge,158 Queen Street,Cambridge,CB4 3AB,760000
6 Bedroom Bungalow Norwich,154 London Road,Norwich,NR6 5AB,1340000
2 Bedroom Cottage Ipswich,75 Station Road,Ipswich,IP2 8AB,1120000
2 Bedroom Cottage London,89 Station Road,London,E5 2AB,1495000
6 Bedroom Bungalow Colchester,57 London Road,Colchester,CO3 2AB,600000
4 Bedroom Bungalow Chelmsford,135 Victoria Road,Chelmsford,CM7 6AB,325000
4 Bedroom Apartment Cambridge,83 Park Road,Cambridge,CB5 3AB,220000
6 Bedroom Bungalow Cambridge,271 King Street,Cambridge,CB4 1AB,585000
5 Bedroom Cottage Chelmsford,106 London Road,Chelmsford,CM8 4AB,1190000
6 Bedroom Bungalow London,215 Queen Street,London,E9 2AB,270000
1 Bedroom Bungalow Cambridge,160 Park Road,Cambridge,CB8 1AB,220000
4 Bedroom Cottage London,140 Church Road,London,E6 5AB,1335000
3 Bedroom Cottage Norwich,108 Mill Lane,Norwich,NR7 8AB,1385000
1 Bedroom Cottage Chelmsford,121 Station Road,Chelmsford,CM8 7AB,1425000
5 Bedroom Apartment Ipswich,289 Queen Street,Ipswich,IP6 6AB,1450000
5 Bedroom Cottage Ipswich,39 Queen Street,Ipswich,IP3 5AB,1145000
6 Bedroom Cottage Ipswich,51 London Road,Ipswich,IP3 2AB,985000
3 Bedroom Apartment Ipswich,18 Mill Lane,Ipswich,IP4 8AB,1440000
4 Bedroom Bungalow Colchester,179 Springfield Road,Colchester,CO3 9AB,280000
4 Bedroom House Colchester,81 High Street,Colchester,CO6 5AB,175000
6 Bedroom Bungalow Cambridge,159 Church Road,Cambridge,CB5 2AB,1060000
6 Bedroom Cottage Chelmsford,89 High Street,Chelmsford,CM4 7AB,295000
3 Bedroom Bungalow Chelmsford,225 Queen Street,Chelmsford,CM6 1AB,410000
4 Bedroom Cottage Ipswich,228 Victoria Road,Ipswich,IP9 3AB,1495000
4 Bedroom Bungalow Colchester,247 High Street,Colchester,CO8 6AB,1185000
4 Bedroom Apartment Chelmsford,87 Mill Lane,Chelmsford,CM1 8AB,1260000
3 Bedroom Bungalow Colchester,203 Mill Lane,Colchester,CO4 8AB,880000
1 Bedroom Bungalow Cambridge,260 Victoria Road,Cambridge,CB6 9AB,1430000
2 Bedroom Bungalow Norwich,181 Springfield Road,Norwich,NR7 6AB,1150000
3 Bedroom House Ipswich,148 High Street,Ipswich,IP8 2AB,635000
5 Bedroom Bungalow London,53 High Street,London,E2 2AB,175000
3 Bedroom House Cambridge,114 Springfield Road,Cambridge,CB3 2AB,1310000
3 Bedroom Apartment Norwich,45 London Road,Norwich,NR2 4AB,310000
2 Bedroom Apartment Chelmsford,213 Springfield Road,Chelmsford,CM3 4AB,855000
4 Bedroom House London,199 Victoria Road,London,E9 7AB,820000
5 Bedroom House Chelmsford,6 High Street,Chelmsford,CM5 4AB,670000
1 Bedroom Apartment Cambridge,162 Queen Street,Cambridge,CB4 2AB,560000
2 Bedroom Cottage Colchester,48 London Road,Colchester,CO3 3AB,340000
2 Bedroom Cottage London,30 London Road,London,E9 6AB,335000
2 Bedroom Apartment Colchester,244 Station Road,Colchester,CO3 9AB,985000
5 Bedroom Cottage London,183 Mill Lane,London,E9 6AB,1140000
5 Bedroom Cottage Colchester,118 Station Road,Colchester,CO6 9AB,315000
6 Bedroom Bungalow Ipswich,130 Park Road,Ipswich,IP2 5AB,315000
3 Bedroom Cottage London,237 Victoria Road,London,E8 6AB,1170000
5 Bedroom Apartment Norwich,194 Church Road,Norwich,NR9 2AB,620000
5 Bedroom Bungalow Norwich,73 Mill Lane,Norwich,NR6 6AB,1135000
4 Bedroom Apartment Colchester,285 Station Road,Colchester,CO9 3AB,1495000
3 Bedroom House Cambridge,217 Victoria Road,Cambridge,CB9 2AB,1470000
2 Bedroom House London,9 King Street,London,E8 4AB,770000
5 Bedroom Cottage Cambridge,84 London Road,Cambridge,CB8 8AB,375000
1 Bedroom Cottage Norwich,123 High Street,Norwich,NR5 7AB,305000
2 Bedroom Cottage Chelmsford,105 Queen Street,Chelmsford,CM1 5AB,1330000
5 Bedroom Bungalow Norwich,48 Park Road,Norwich,NR8 3AB,230000
6 Bedroom House Colchester,145 High Street,Colchester,CO8 3AB,585000
4 Bedroom Bungalow Cambridge,2 King Street,Cambridge,CB7 7AB,160000
4 Bedroom Apartment Norwich,47 Queen Street,Norwich,NR9 7AB,240000
5 Bedroom House Cambridge,140 Park Road,Cambridge,CB5 7AB,505000
5 Bedroom Cottage Cambridge,144 High Street,Cambridge,CB6 3AB,1235000
5 Bedroom Apartment Norwich,91 Station Road,Norwich,NR9 5AB,740000
3 Bedroom Apartment London,197 Queen Street,London,E1 9AB,1090000
2 Bedroom Apartment Cambridge,112 Park Road,Cambridge,CB2 7AB,1080000
1 Bedroom Bungalow London,237 London Road,London,E1 2AB,1045000
3 Bedroom Cottage London,265 Queen Street,London,E2 1AB,640000
4 Bedroom House Colchester,244 Springfield Road,Colchester,CO3 7AB,675000
6 Bedroom Apartment Chelmsford,40 Victoria Road,Chelmsford,CM1 7AB,960000
3 Bedroom Cottage Ipswich,66 Mill Lane,Ipswich,IP8 7AB,1290000
4 Bedroom Cottage Cambridge,85 Mill Lane,Cambridge,CB8 6AB,590000
2 Bedroom Bungalow Chelmsford,145 Victoria Road,Chelmsford,CM4 5AB,310000
3 Bedroom Bungalow Norwich,194 King Street,Norwich,NR4 3AB,1075000
5 Bedroom Apartment Cambridge,167 Park Road,Cambridge,CB8 1AB,850000
1 Bedroom Cottage London,253 Station Road,London,E2 9AB,585000
3 Bedroom House Norwich,123 Victoria Road,Norwich,NR2 6AB,845000
4 Bedroom House Cambridge,141 King Street,Cambridge,CB1 7AB,650000
1 Bedroom Bungalow Ipswich,231 Victoria Road,Ipswich,IP9 1AB,385000
3 Bedroom Cottage Colchester,270 King Street,Colchester,CO7 4AB,1385000
2 Bedroom Cottage London,126 Church Road,London,E9 2AB,570000
5 Bedroom Bungalow Cambridge,60 Queen Street,Cambridge,CB9 4AB,800000
6 Bedroom Apartment Ipswich,98 Station Road,Ipswich,IP4 3AB,295000
6 Bedroom Bungalow Cambridge,109 London Road,Cambridge,CB7 8AB,980000
5 Bedroom Apartment Colchester,164 Church Road,Colchester,CO7 2AB,980000
3 Bedroom Apartment Ipswich,16 London Road,Ipswich,IP5 9AB,395000
1 Bedroom Cottage Norwich,23 King Street,Norwich,NR2 5AB,160000
6 Bedroom Bungalow Colchester,130 Mill Lane,Colchester,CO6 8AB,970000
2 Bedroom Cottage Colchester,237 King Street,Colchester,CO2 5AB,160000
6 Bedroom Apartment Norwich,230 Church Road,Norwich,NR1 9AB,380000
3 Bedroom House Colchester,66 Park Road,Colchester,CO8 9AB,895000
5 Bedroom Apartment Cambridge,192 Queen Street,Cambridge,CB5 2AB,1460000
5 Bedroom Cottage London,236 London Road,London,E1 4AB,600000
2 Bedroom Bungalow Chelmsford,188 Church Road,Chelmsford,CM5 5AB,875000
6 Bedroom Cottage Colchester,94 Queen Street,Colchester,CO5 7AB,620000
4 Bedroom Cottage Colchester,162 Station Road,Colchester,CO9 4AB,1465000
4 Bedroom Bungalow Ipswich,216 Park Road,Ipswich,IP9 9AB,1240000
4 Bedroom Apartment Ipswich,164 High Street,Ipswich,IP8 8AB,415000
4 Bedroom Apartment Chelmsford,152 Victoria Road,Chelmsford,CM1 7AB,1490000
1 Bedroom Cottage Cambridge,299 King Street,Cambridge,CB9 9AB,1210000
2 Bedroom Cottage London,209 Queen Street,London,E5 5AB,475000
2 Bedroom House London,168 Mill Lane,London,E1 9AB,680000
4 Bedroom House Norwich,191 King Street,Norwich,NR4 4AB,975000
3 Bedroom House Colchester,206 King Street,Colchester,CO5 2AB,435000
3 Bedroom Bungalow Chelmsford,270 Station Road,Chelmsford,CM8 7AB,1425000
3 Bedroom House Chelmsford,244 Station Road,Chelmsford,CM7 4AB,1340000
2 Bedroom Bungalow Cambridge,260 King Street,Cambridge,CB6 8AB,845000
4 Bedroom Bungalow Chelmsford,132 Church Road,Chelmsford,CM7 9AB,760000
6 Bedroom Apartment Colchester,219 Springfield Road,Colchester,CO3 5AB,260000
3 Bedroom Bungalow Colchester,196 Station Road,Colchester,CO1 2AB,1300000
5 Bedroom Apartment Colchester,146 Queen Street,Colchester,CO4 7AB,495000
4 Bedroom Bungalow London,192 Victoria Road,London,E6 8AB,735000
4 Bedroom Bungalow Cambridge,202 Queen Street,Cambridge,CB6 3AB,1120000
6 Bedroom Bungalow Cambridge,220 Station Road,Cambridge,CB7 9AB,1110000
4 Bedroom Cottage Norwich,107 Station Road,Norwich,NR4 6AB,365000
1 Bedroom Bungalow Cambridge,296 Queen Street,Cambridge,CB3 5AB,955000
1 Bedroom Apartment Norwich,250 London Road,Norwich,NR2 1AB,435000
2 Bedroom Apartment Ipswich,173 Queen Street,Ipswich,IP2 8AB,480000
1 Bedroom Bungalow Cambridge,74 High Street,Cambridge,CB8 3AB,1005000
2 Bedroom House Colchester,253 Victoria Road,Colchester,CO7 2AB,355000
3 Bedroom Cottage Norwich,70 High Street,Norwich,NR8 6AB,420000
3 Bedroom Apartment Colchester,90 Victoria Road,Colchester,CO4 7AB,1090000
5 Bedroom Bungalow London,182 Station Road,London,E2 7AB,520000
1 Bedroom House Cambridge,140 Church Road,Cambridge,CB8 2AB,850000
1 Bedroom House Norwich,266 Queen Street,Norwich,NR1 8AB,565000
5 Bedroom Bungalow Ipswich,109 Queen Street,Ipswich,IP8 3AB,385000
6 Bedroom Bungalow Norwich,61 London Road,Norwich,NR2 2AB,825000
1 Bedroom House Cambridge,160 King Street,Cambridge,CB1 4AB,705000
4 Bedroom Apartment Cambridge,124 Victoria Road,Cambridge,CB9 9AB,1160000
3 Bedroom Cottage Norwich,280 Queen Street,Norwich,NR8 8AB,1375000
4 Bedroom Cottage Cambridge,96 Park Road,Cambridge,CB6 3AB,855000
5 Bedroom Cottage Norwich,88 King Street,Norwich,NR7 2AB,620000
4 Bedroom Cottage London,124 Springfield Road,London,E5 8AB,1210000
4 Bedroom Cottage Chelmsford,77 Park Road,Chelmsford,CM7 7AB,1350000
4 Bedroom Cottage Colchester,154 King Street,Colchester,CO2 3AB,250000
4 Bedroom Cottage Cambridge,201 Mill Lane,Cambridge,CB4 9AB,330000
3 Bedroom Bungalow Cambridge,217 Mill Lane,Cambridge,CB7 9AB,435000
6 Bedroom House Colchester,223 Church Road,Colchester,CO2 7AB,1140000
4 Bedroom Cottage Ipswich,298 Mill Lane,Ipswich,IP3 3AB,1255000
5 Bedroom Cottage Chelmsford,89 Springfield Road,Chelmsford,CM8 8AB,770000
5 Bedroom Apartment Colchester,82 London Road,Colchester,CO7 3AB,480000
3 Bedroom Apartment London,105 Church Road,London,E3 7AB,1315000
3 Bedroom Cottage Ipswich,183 High Street,Ipswich,IP1 9AB,605000
2 Bedroom Apartment Ipswich,139 Station Road,Ipswich,IP5 3AB,720000
4 Bedroom House Chelmsford,142 King Street,Chelmsford,CM9 2AB,1030000
6 Bedroom Cottage London,221 Park Road,London,E5 4AB,1495000
4 Bedroom House Cambridge,70 Park Road,Cambridge,CB1 5AB,555000
6 Bedroom Bungalow Cambridge,73 Church Road,Cambridge,CB7 2AB,470000
2 Bedroom Bungalow Cambridge,16 High Street,Cambridge,CB6 6AB,1495000
3 Bedroom Cottage Chelmsford,265 High Street,Chelmsford,CM2 8AB,260000
2 Bedroom House Chelmsford,277 Church Road,Chelmsford,CM9 2AB,755000
1 Bedroom Bungalow Cambridge,217 High Street,Cambridge,CB6 9AB,525000
3 Bedroom House Cambridge,180 High Street,Cambridge,CB8 8AB,1485000
3 Bedroom Apartment London,96 King Street,London,E8 1AB,1145000
6 Bedroom House Ipswich,203 Victoria Road,Ipswich,IP1 9AB,1390000
4 Bedroom House Norwich,271 Park Road,Norwich,NR3 7AB,370000
3 Bedroom Cottage Ipswich,39 High Street,Ipswich,IP9 7AB,745000
1 Bedroom House Ipswich,47 Victoria Road,Ipswich,IP7 3AB,410000
3 Bedroom Bungalow Chelmsford,202 Mill Lane,Chelmsford,CM5 7AB,890000
2 Bedroom Apartment Norwich,279 London Road,Norwich,NR4 4AB,1105000
4 Bedroom House Chelmsford,5 King Street,Chelmsford,CM3 7AB,375000
1 Bedroom Cottage Norwich,147 Queen Street,Norwich,NR8 6AB,1020000
3 Bedroom Apartment Colchester,73 Mill Lane,Colchester,CO6 8AB,630000
5 Bedroom Cottage Cambridge,37 Park Road,Cambridge,CB4 7AB,885000
2 Bedroom Apartment Colchester,48 King Street,Colchester,CO1 4AB,855000
6 Bedroom Bungalow Chelmsford,44 Springfield Road,Chelmsford,CM1 7AB,570000
4 Bedroom House Norwich,82 Park Road,Norwich,NR6 2AB,300000
6 Bedroom Apartment Cambridge,124 Victoria Road,Cambridge,CB4 7AB,200000
5 Bedroom Cottage Chelmsford,188 Church Road,Chelmsford,CM7 5AB,185000
4 Bedroom Bungalow Norwich,235 Station Road,Norwich,NR2 6AB,1015000
3 Bedroom Cottage London,175 London Road,London,E5 8AB,1425000
2 Bedroom Cottage Ipswich,202 Station Road,Ipswich,IP1 9AB,810000
2 Bedroom Bungalow Cambridge,176 Park Road,Cambridge,CB8 6AB,1280000
1 Bedroom Bungalow Norwich,293 Station Road,Norwich,NR1 7AB,190000
3 Bedroom Bungalow Cambridge,153 Mill Lane,Cambridge,CB4 4AB,370000
3 Bedroom House Colchester,232 Mill Lane,Colchester,CO8 7AB,1060000
4 Bedroom House Cambridge,195 Church Road,Cambridge,CB7 5AB,630000
6 Bedroom Apartment Colchester,179 High Street,Colchester,CO1 8AB,370000
2 Bedroom Bungalow London,287 Park Road,London,E5 5AB,1365000
1 Bedroom House London,203 Mill Lane,London,E5 4AB,1065000
2 Bedroom House London,280 Church Road,London,E8 2AB,1450000
6 Bedroom Apartment London,217 Mill Lane,London,E5 2AB,460000
2 Bedroom House Colchester,159 King Street,Colchester,CO7 9AB,1450000
5 Bedroom Bungalow Chelmsford,72 Station Road,Chelmsford,CM7 2AB,1065000
3 Bedroom Cottage London,270 Park Road,London,E4 6AB,370000
2 Bedroom Bungalow Colchester,204 Church Road,Colchester,CO3 7AB,855000
5 Bedroom Bungalow Colchester,115 High Street,Colchester,CO2 9AB,350000
2 Bedroom House London,151 Church Road,London,E6 5AB,1210000
2 Bedroom House London,144 Church Road,London,E7 9AB,990000
4 Bedroom Bungalow Colchester,191 Springfield Road,Colchester,CO1 4AB,1275000
1 Bedroom Cottage Colchester,299 Victoria Road,Colchester,CO7 1AB,1305000
4 Bedroom Cottage Ipswich,104 Park Road,Ipswich,IP6 5AB,1115000
1 Bedroom Cottage Colchester,278 Church Road,Colchester,CO6 7AB,580000
4 Bedroom Apartment Cambridge,158 Church Road,Cambridge,CB4 4AB,1035000
3 Bedroom Cottage Cambridge,99 High Street,Cambridge,CB4 5AB,775000
5 Bedroom Bungalow Chelmsford,189 Victoria Road,Chelmsford,CM3 6AB,205000
1 Bedroom Bungalow Colchester,135 Queen Street,Colchester,CO5 5AB,1200000
4 Bedroom Apartment Cambridge,285 Springfield Road,Cambridge,CB9 9AB,540000
1 Bedroom House Norwich,93 Victoria Road,Norwich,NR4 3AB,1155000
5 Bedroom House Cambridge,216 High Street,Cambridge,CB8 3AB,1225000
5 Bedroom Cottage Norwich,229 King Street,Norwich,NR7 5AB,465000
5 Bedroom Apartment London,112 Park Road,London,E1 5AB,860000
1 Bedroom Bungalow Ipswich,27 King Street,Ipswich,IP4 4AB,855000
6 Bedroom Cottage Norwich,129 King Street,Norwich,NR4 6AB,870000
2 Bedroom Apartment Ipswich,132 King Street,Ipswich,IP9 9AB,1195000
5 Bedroom Bungalow London,294 London Road,London,E4 6AB,270000
6 Bedroom Apartment Cambridge,114 High Street,Cambridge,CB2 4AB,810000
6 Bedroom House Chelmsford,87 London Road,Chelmsford,CM3 1AB,495000
5 Bedroom House Chelmsford,233 Queen Street,Chelmsford,CM5 1AB,1190000
4 Bedroom Bungalow London,286 Queen Street,London,E7 5AB,555000
5 Bedroom Cottage Cambridge,45 Victoria Road,Cambridge,CB1 7AB,340000
6 Bedroom House Cambridge,197 Station Road,Cambridge,CB8 3AB,560000
5 Bedroom Apartment Norwich,185 London Road,Norwich,NR4 9AB,1085000
4 Bedroom Bungalow Chelmsford,268 High Street,Chelmsford,CM5 2AB,485000
4 Bedroom Apartment Ipswich,120 Church Road,Ipswich,IP6 9AB,155000
5 Bedroom Bungalow Chelmsford,22 Mill Lane,Chelmsford,CM5 7AB,600000
3 Bedroom Cottage Cambridge,114 Church Road,Cambridge,CB4 4AB,405000
6 Bedroom Bungalow Colchester,15 Queen Street,Colchester,CO7 3AB,855000
4 Bedroom Apartment Chelmsford,140 Springfield Road,Chelmsford,CM6 9AB,225000
5 Bedroom Apartment Ipswich,141 Station Road,Ipswich,IP4 6AB,1380000
4 Bedroom Cottage Colchester,110 Springfield Road,Colchester,CO9 7AB,1165000
3 Bedroom Bungalow Chelmsford,32 High Street,Chelmsford,CM6 8AB,530000
5 Bedroom Cottage Cambridge,282 Springfield Road,Cambridge,CB2 7AB,980000
2 Bedroom Cottage Ipswich,264 Station Road,Ipswich,IP6 6AB,1445000
5 Bedroom House Cambridge,278 Springfield Road,Cambridge,CB8 7AB,330000
2 Bedroom Apartment London,235 Church Road,London,E9 3AB,595000
6 Bedroom Bungalow Colchester,23 Park Road,Colchester,CO9 1AB,1345000
4 Bedroom Apartment Cambridge,146 Queen Street,Cambridge,CB4 6AB,505000
4 Bedroom Bungalow London,102 Mill Lane,London,E6 7AB,605000
6 Bedroom Bungalow Colchester,126 Church Road,Colchester,CO9 2AB,185000
6 Bedroom House Ipswich,169 Queen Street,Ipswich,IP2 7AB,1280000
6 Bedroom Cottage Norwich,47 King Street,Norwich,NR8 5AB,1465000
1 Bedroom House Ipswich,146 London Road,Ipswich,IP9 2AB,485000
3 Bedroom Bungalow Colchester,271 Victoria Road,Colchester,CO5 4AB,960000
2 Bedroom House Colchester,287 High Street,Colchester,CO6 8AB,355000
2 Bedroom Cottage Chelmsford,239 King Street,Chelmsford,CM8 1AB,400000
4 Bedroom Cottage Chelmsford,145 Queen Street,Chelmsford,CM9 5AB,810000
4 Bedroom House London,238 Springfield Road,London,E3 9AB,435000
6 Bedroom Apartment Ipswich,235 London Road,Ipswich,IP4 8AB,245000
6 Bedroom Bungalow Chelmsford,167 Church Road,Chelmsford,CM7 6AB,305000
6 Bedroom Apartment Norwich,95 Park Road,Norwich,NR4 6AB,1320000
6 Bedroom Bungalow Cambridge,76 Mill Lane,Cambridge,CB7 6AB,1280000
6 Bedroom House Ipswich,277 King Street,Ipswich,IP5 7AB,880000
5 Bedroom Bungalow Cambridge,228 Park Road,Cambridge,CB8 5AB,405000
4 Bedroom Cottage Chelmsford,94 High Street,Chelmsford,CM7 6AB,1110000
2 Bedroom Bungalow Norwich,257 Church Road,Norwich,NR6 3AB,310000
5 Bedroom House Colchester,231 Park Road,Colchester,CO9 7AB,1475000
1 Bedroom Bungalow Ipswich,172 Church Road,Ipswich,IP3 2AB,760000
2 Bedroom Bungalow Cambridge,40 Victoria Road,Cambridge,CB2 1AB,1015000
5 Bedroom Apartment Cambridge,205 London Road,Cambridge,CB6 3AB,1245000
5 Bedroom House Ipswich,62 Mill Lane,Ipswich,IP4 6AB,415000
2 Bedroom Apartment Cambridge,289 Church Road,Cambridge,CB3 8AB,1495000
5 Bedroom House Chelmsford,184 High Street,Chelmsford,CM3 5AB,280000
6 Bedroom House Chelmsford,27 Victoria Road,Chelmsford,CM1 5AB,675000
2 Bedroom Bungalow Chelmsford,219 Queen Street,Chelmsford,CM7 9AB,1125000
6 Bedroom House Ipswich,168 Mill Lane,Ipswich,IP2 6AB,950000
2 Bedroom Cottage Ipswich,178 Mill Lane,Ipswich,IP1 7AB,1035000
1 Bedroom Cottage Norwich,53 Station Road,Norwich,NR2 1AB,230000
4 Bedroom Cottage Colchester,86 Springfield Road,Colchester,CO3 1AB,1150000
5 Bedroom Cottage Ipswich,97 Mill Lane,Ipswich,IP3 8AB,670000
2 Bedroom Bungalow London,42 Springfield Road,London,E5 3AB,545000
2 Bedroom Bungalow Cambridge,181 Victoria Road,Cambridge,CB8 8AB,1415000
1 Bedroom Cottage Chelmsford,287 Victoria Road,Chelmsford,CM7 4AB,1030000
3 Bedroom House London,4 Victoria Road,London,E2 6AB,1495000
1 Bedroom Bungalow Cambridge,200 Victoria Road,Cambridge,CB2 8AB,920000
3 Bedroom Apartment Colchester,270 King Street,Colchester,CO2 7AB,670000
5 Bedroom Bungalow Ipswich,115 High Street,Ipswich,IP5 1AB,1185000
5 Bedroom House Ipswich,202 London Road,Ipswich,IP5 5AB,1010000
5 Bedroom Cottage Norwich,114 Victoria Road,Norwich,NR1 5AB,1485000
1 Bedroom House Norwich,260 Park Road,Norwich,NR1 3AB,825000
6 Bedroom House Norwich,288 Queen Street,Norwich,NR6 8AB,1365000
5 Bedroom Bungalow Colchester,195 Park Road,Colchester,CO8 4AB,860000
2 Bedroom House London,252 Station Road,London,E6 5AB,860000
6 Bedroom Apartment Ipswich,177 Victoria Road,Ipswich,IP5 7AB,1415000
3 Bedroom House Colchester,104 London Road,Colchester,CO6 7AB,750000
6 Bedroom Cottage Norwich,138 London Road,Norwich,NR7 5AB,190000
4 Bedroom Cottage London,81 Victoria Road,London,E2 8AB,190000
6 Bedroom Cottage Chelmsford,118 Queen Street,Chelmsford,CM3 1AB,1145000
5 Bedroom Bungalow Colchester,177 Church Road,Colchester,CO6 3AB,930000
1 Bedroom Bungalow Norwich,29 High Street,Norwich,NR5 2AB,210000
6 Bedroom Bungalow Cambridge,157 London Road,Cambridge,CB2 3AB,195000
1 Bedroom House Cambridge,270 Queen Street,Cambridge,CB5 1AB,1055000
3 Bedroom Apartment Chelmsford,220 Station Road,Chelmsford,CM8 8AB,955000
5 Bedroom House Ipswich,135 Church Road,Ipswich,IP7 8AB,475000
4 Bedroom House Norwich,274 Springfield Road,Norwich,NR8 5AB,1445000
2 Bedroom House Chelmsford,194 Station Road,Chelmsford,CM6 6AB,310000
4 Bedroom Cottage Norwich,159 Mill Lane,Norwich,NR5 4AB,230000
5 Bedroom House Norwich,299 Victoria Road,Norwich,NR5 1AB,720000
1 Bedroom House Chelmsford,112 Station Road,Chelmsford,CM8 4AB,225000
4 Bedroom Bungalow London,267 Station Road,London,E2 7AB,885000
3 Bedroom Apartment Colchester,285 London Road,Colchester,CO5 1AB,160000
6 Bedroom Bungalow London,46 King Street,London,E5 6AB,250000
2 Bedroom Bungalow Colchester,24 Park Road,Colchester,CO4 1AB,755000
6 Bedroom Cottage Norwich,99 Victoria Road,Norwich,NR6 7AB,760000
2 Bedroom Apartment Chelmsford,173 Park Road,Chelmsford,CM1 3AB,385000
3 Bedroom Bungalow Colchester,235 King Street,Colchester,CO8 3AB,165000
6 Bedroom House Colchester,201 Victoria Road,Colchester,CO6 7AB,1285000
3 Bedroom Bungalow Norwich,238 King Street,Norwich,NR7 7AB,1095000
5 Bedroom Bungalow Chelmsford,226 Queen Street,Chelmsford,CM2 4AB,1120000
3 Bedroom Bungalow Colchester,211 King Street,Colchester,CO2 5AB,950000
3 Bedroom Cottage Colchester,141 Park Road,Colchester,CO5 8AB,230000
4 Bedroom Bungalow Colchester,76 Church Road,Colchester,CO4 5AB,1150000
2 Bedroom Bungalow Norwich,143 Church Road,Norwich,NR4 4AB,860000
6 Bedroom House Ipswich,296 King Street,Ipswich,IP9 8AB,1180000
1 Bedroom Bungalow Chelmsford,181 Station Road,Chelmsford,CM2 1AB,875000
1 Bedroom Apartment London,1 Mill Lane,London,E7 6AB,1245000
5 Bedroom Apartment Norwich,126 Victoria Road,Norwich,NR7 5AB,1150000
2 Bedroom Cottage London,180 Church Road,London,E6 9AB,1410000
6 Bedroom Cottage Chelmsford,104 High Street,Chelmsford,CM7 4AB,780000
6 Bedroom Bungalow London,293 Park Road,London,E7 7AB,505000
6 Bedroom House Colchester,239 Station Road,Colchester,CO9 1AB,665000
6 Bedroom Cottage Chelmsford,272 Church Road,Chelmsford,CM6 6AB,1130000
6 Bedroom Bungalow Cambridge,89 King Street,Cambridge,CB1 8AB,745000
2 Bedroom Cottage London,246 Victoria Road,London,E9 9AB,475000
5 Bedroom House Colchester,229 Park Road,Colchester,CO5 8AB,1235000
2 Bedroom Apartment Chelmsford,14 Queen Street,Chelmsford,CM1 8AB,550000
2 Bedroom Bungalow Colchester,72 London Road,Colchester,CO9 6AB,475000
6 Bedroom Bungalow Cambridge,104 High Street,Cambridge,CB2 2AB,1005000
3 Bedroom Bungalow Cambridge,250 Springfield Road,Cambridge,CB5 6AB,705000
5 Bedroom House Chelmsford,221 Church Road,Chelmsford,CM1 9AB,1090000
3 Bedroom House Ipswich,224 Park Road,Ipswich,IP3 1AB,965000
3 Bedroom Cottage Cambridge,150 Park Road,Cambridge,CB4 2AB,1175000
1 Bedroom House London,4 High Street,London,E2 8AB,565000
6 Bedroom Bungalow London,123 Park Road,London,E2 1AB,505000
1 Bedroom Cottage Colchester,249 Mill Lane,Colchester,CO6 4AB,230000
1 Bedroom Bungalow London,241 Queen Street,London,E8 3AB,1025000
1 Bedroom Cottage Chelmsford,172 King Street,Chelmsford,CM4 4AB,1225000
1 Bedroom House Norwich,236 Queen Street,Norwich,NR5 1AB,1435000
4 Bedroom Cottage London,251 Mill Lane,London,E4 1AB,200000
2 Bedroom Apartment Chelmsford,261 London Road,Chelmsford,CM5 9AB,1410000
4 Bedroom Cottage Ipswich,125 London Road,Ipswich,IP1 7AB,975000
6 Bedroom House Chelmsford,79 Victoria Road,Chelmsford,CM3 4AB,1020000
1 Bedroom Bungalow Cambridge,250 Station Road,Cambridge,CB8 9AB,435000
6 Bedroom House London,78 London Road,London,E1 6AB,1120000
6 Bedroom House Cambridge,104 Mill Lane,Cambridge,CB4 4AB,495000
2 Bedroom Apartment Cambridge,171 King Street,Cambridge,CB3 9AB,865000
1 Bedroom Cottage Cambridge,200 Springfield Road,Cambridge,CB2 4AB,590000
2 Bedroom Apartment Norwich,55 Church Road,Norwich,NR5 9AB,1300000
1 Bedroom House Ipswich,14 London Road,Ipswich,IP7 1AB,635000
3 Bedroom Apartment Chelmsford,178 Queen Street,Chelmsford,CM9 7AB,705000
5 Bedroom Cottage Chelmsford,198 Church Road,Chelmsford,CM9 8AB,705000
1 Bedroom Apartment Ipswich,282 Park Road,Ipswich,IP4 6AB,405000
6 Bedroom Apartment London,37 Springfield Road,London,E7 6AB,1365000
5 Bedroom Apartment Cambridge,17 Victoria Road,Cambridge,CB7 1AB,275000
4 Bedroom Cottage Norwich,271 London Road,Norwich,NR7 6AB,940000
1 Bedroom House Norwich,6 High Street,Norwich,NR4 7AB,390000
3 Bedroom Apartment Ipswich,178 Church Road,Ipswich,IP7 7AB,405000
5 Bedroom Apartment Ipswich,221 Queen Street,Ipswich,IP9 6AB,1425000
2 Bedroom Apartment Cambridge,25 Church Road,Cambridge,CB9 5AB,820000
3 Bedroom Bungalow Ipswich,12 Mill Lane,Ipswich,IP2 6AB,1095000
4 Bedroom Bungalow London,296 Station Road,London,E1 5AB,1245000
1 Bedroom Cottage Cambridge,124 Mill Lane,Cambridge,CB4 1AB,265000
5 Bedroom Cottage Norwich,161 Park Road,Norwich,NR5 9AB,1350000
1 Bedroom Apartment Ipswich,281 Victoria Road,Ipswich,IP5 9AB,670000
3 Bedroom Cottage Norwich,126 London Road,Norwich,NR1 1AB,1370000
4 Bedroom Cottage Chelmsford,80 Park Road,Chelmsford,CM1 2AB,960000
1 Bedroom Bungalow Norwich,37 London Road,Norwich,NR2 3AB,670000
2 Bedroom House Norwich,143 Station Road,Norwich,NR7 4AB,1140000
3 Bedroom House Chelmsford,161 Station Road,Chelmsford,CM8 8AB,1475000
3 Bedroom House Ipswich,254 Mill Lane,Ipswich,IP6 3AB,1465000
1 Bedroom Bungalow Norwich,174 London Road,Norwich,NR8 5AB,885000
5 Bedroom Cottage London,137 Victoria Road,London,E1 3AB,580000
1 Bedroom Apartment Norwich,196 London Road,Norwich,NR3 1AB,360000
1 Bedroom Cottage Chelmsford,37 Victoria Road,Chelmsford,CM3 6AB,1130000
2 Bedroom Cottage Ipswich,282 Mill Lane,Ipswich,IP8 9AB,530000
1 Bedroom Bungalow Ipswich,275 Station Road,Ipswich,IP2 7AB,640000
4 Bedroom Bungalow London,105 High Street,London,E5 8AB,1160000
6 Bedroom House Cambridge,199 King Street,Cambridge,CB9 7AB,415000
5 Bedroom Bungalow Chelmsford,48 Victoria Road,Chelmsford,CM6 6AB,1380000
5 Bedroom Bungalow Cambridge,35 Springfield Road,Cambridge,CB6 5AB,510000
4 Bedroom House Norwich,279 Mill Lane,Norwich,NR9 7AB,1370000
5 Bedroom House Colchester,23 Park Road,Colchester,CO9 1AB,785000
2 Bedroom House London,180 Springfield Road,London,E7 7AB,1170000
2 Bedroom Apartment Ipswich,256 Mill Lane,Ipswich,IP2 2AB,1420000
1 Bedroom Apartment Ipswich,3 Station Road,Ipswich,IP2 2AB,225000
6 Bedroom House Norwich,141 Church Road,Norwich,NR9 1AB,185000
2 Bedroom Cottage Ipswich,129 Station Road,Ipswich,IP3 9AB,640000
6 Bedroom Bungalow London,222 King Street,London,E3 1AB,550000
6 Bedroom House Ipswich,148 Mill Lane,Ipswich,IP8 2AB,1405000
3 Bedroom House London,244 King Street,London,E6 7AB,535000
4 Bedroom House Norwich,236 Church Road,Norwich,NR2 3AB,905000
5 Bedroom House London,297 Church Road,London,E5 5AB,1290000
1 Bedroom Cottage Ipswich,74 High Street,Ipswich,IP3 2AB,370000
4 Bedroom House Norwich,64 Victoria Road,Norwich,NR1 1AB,845000
6 Bedroom Cottage Norwich,98 Mill Lane,Norwich,NR4 4AB,770000
6 Bedroom Cottage Cambridge,19 Victoria Road,Cambridge,CB3 6AB,245000
2 Bedroom Bungalow Norwich,62 Springfield Road,Norwich,NR7 1AB,935000
5 Bedroom House Colchester,76 Church Road,Colchester,CO6 6AB,600000
1 Bedroom House Norwich,116 Mill Lane,Norwich,NR8 8AB,445000
6 Bedroom Cottage Norwich,183 Springfield Road,Norwich,NR8 8AB,345000
6 Bedroom Cottage Chelmsford,26 Mill Lane,Chelmsford,CM6 6AB,910000
4 Bedroom Apartment Colchester,25 Station Road,Colchester,CO2 2AB,930000
5 Bedroom Apartment Cambridge,83 Church Road,Cambridge,CB7 3AB,595000
5 Bedroom Cottage Colchester,54 Springfield Road,Colchester,CO3 4AB,265000
5 Bedroom Cottage Chelmsford,213 King Street,Chelmsford,CM1 9AB,495000
6 Bedroom House Norwich,37 High Street,Norwich,NR7 4AB,890000
1 Bedroom House Colchester,241 High Street,Colchester,CO3 3AB,240000
1 Bedroom Apartment London,9 Park Road,London,E2 7AB,795000
1 Bedroom Apartment Chelmsford,99 Station Road,Chelmsford,CM9 2AB,710000
5 Bedroom Apartment Colchester,190 Station Road,Colchester,CO3 9AB,1090000
4 Bedroom Cottage Norwich,300 Mill Lane,Norwich,NR1 6AB,1100000
4 Bedroom Cottage Norwich,185 Mill Lane,Norwich,NR6 4AB,1120000
2 Bedroom House London,206 King Street,London,E5 9AB,295000
3 Bedroom Bungalow Cambridge,121 London Road,Cambridge,CB9 2AB,1050000
6 Bedroom House Cambridge,172 High Street,Cambridge,CB4 5AB,170000
2 Bedroom House Ipswich,238 Victoria Road,Ipswich,IP3 1AB,1205000
6 Bedroom Cottage Cambridge,80 King Street,Cambridge,CB1 5AB,990000
5 Bedroom Cottage London,143 High Street,London,E1 5AB,1055000
3 Bedroom Apartment Norwich,116 King Street,Norwich,NR5 7AB,995000
5 Bedroom Cottage Colchester,155 Victoria Road,Colchester,CO8 3AB,1380000
3 Bedroom House Chelmsford,181 Church Road,Chelmsford,CM8 5AB,945000
6 Bedroom Apartment Ipswich,145 High Street,Ipswich,IP9 9AB,915000
2 Bedroom Bungalow Chelmsford,65 Mill Lane,Chelmsford,CM8 4AB,505000
3 Bedroom Bungalow Colchester,68 Victoria Road,Colchester,CO9 7AB,1290000
2 Bedroom Cottage Ipswich,291 King Street,Ipswich,IP2 2AB,870000
1 Bedroom Bungalow Cambridge,126 Queen Street,Cambridge,CB8 4AB,1095000
2 Bedroom Bungalow Norwich,300 Springfield Road,Norwich,NR5 9AB,730000
6 Bedroom Bungalow Norwich,212 Station Road,Norwich,NR6 1AB,1195000
1 Bedroom Cottage Colchester,287 Victoria Road,Colchester,CO5 8AB,605000
3 Bedroom Apartment Ipswich,64 Queen Street,Ipswich,IP5 7AB,1185000
3 Bedroom Cottage Colchester,78 Queen Street,Colchester,CO1 5AB,915000
5 Bedroom Apartment Ipswich,202 Church Road,Ipswich,IP3 1AB,1280000
1 Bedroom Apartment Colchester,214 Station Road,Colchester,CO4 2AB,1105000
2 Bedroom Cottage London,295 Church Road,London,E1 9AB,1205000
2 Bedroom Bungalow Chelmsford,23 Victoria Road,Chelmsford,CM9 1AB,1465000
2 Bedroom Bungalow Colchester,14 High Street,Colchester,CO5 6AB,920000
6 Bedroom House Norwich,288 High Street,Norwich,NR2 5AB,1045000
2 Bedroom House Ipswich,225 Queen Street,Ipswich,IP1 7AB,1255000
2 Bedroom Bungalow Colchester,71 Springfield Road,Colchester,CO1 1AB,720000
5 Bedroom Bungalow Ipswich,198 Victoria Road,Ipswich,IP8 9AB,1385000
3 Bedroom Apartment London,61 King Street,London,E1 4AB,440000
4 Bedroom House Norwich,111 King Street,Norwich,NR2 9AB,245000
2 Bedroom Bungalow Chelmsford,51 King Street,Chelmsford,CM3 8AB,905000
6 Bedroom Bungalow Chelmsford,183 Station Road,Chelmsford,CM1 5AB,735000
1 Bedroom House London,165 Victoria Road,London,E1 8AB,815000
4 Bedroom Bungalow Chelmsford,85 Victoria Road,Chelmsford,CM7 5AB,600000
1 Bedroom Apartment Chelmsford,44 High Street,Chelmsford,CM1 3AB,1155000
2 Bedroom Apartment Norwich,127 Park Road,Norwich,NR4 5AB,1310000
3 Bedroom Apartment Colchester,80 Victoria Road,Colchester,CO2 4AB,895000
5 Bedroom Cottage Chelmsford,182 Victoria Road,Chelmsford,CM3 1AB,185000
3 Bedroom House Norwich,143 Station Road,Norwich,NR8 5AB,640000
6 Bedroom House Ipswich,19 Park Road,Ipswich,IP3 3AB,1165000
5 Bedroom Cottage Norwich,23 High Street,Norwich,NR5 6AB,1450000
4 Bedroom Cottage Ipswich,183 Park Road,Ipswich,IP5 4AB,375000
1 Bedroom House Chelmsford,93 London Road,Chelmsford,CM8 1AB,325000
1 Bedroom Bungalow Cambridge,10 London Road,Cambridge,CB4 3AB,925000
1 Bedroom Bungalow Ipswich,190 Station Road,Ipswich,IP4 5AB,1355000
4 Bedroom Bungalow Chelmsford,1 Station Road,Chelmsford,CM9 6AB,1175000
3 Bedroom Cottage Chelmsford,199 Church Road,Chelmsford,CM1 3AB,1040000
5 Bedroom House Norwich,66 London Road,Norwich,NR1 6AB,1405000
3 Bedroom House Chelmsford,141 Victoria Road,Chelmsford,CM8 2AB,455000
6 Bedroom Apartment Norwich,245 Victoria Road,Norwich,NR3 7AB,525000
3 Bedroom Cottage Colchester,86 Queen Street,Colchester,CO9 4AB,820000
4 Bedroom Cottage London,48 Mill Lane,London,E7 7AB,460000
6 Bedroom Apartment Norwich,19 Mill Lane,Norwich,NR9 6AB,940000
5 Bedroom Cottage Chelmsford,140 Springfield Road,Chelmsford,CM3 2AB,1045000
5 Bedroom Cottage Chelmsford,129 Church Road,Chelmsford,CM8 7AB,1010000
4 Bedroom House London,130 High Street,London,E7 8AB,1490000
4 Bedroom Apartment Chelmsford,157 Queen Street,Chelmsford,CM4 2AB,1365000
6 Bedroom Cottage Norwich,96 Queen Street,Norwich,NR8 2AB,745000
2 Bedroom Apartment London,232 Mill Lane,London,E1 4AB,220000
5 Bedroom Cottage Ipswich,272 Park Road,Ipswich,IP8 4AB,900000
5 Bedroom Apartment Norwich,46 Park Road,Norwich,NR3 7AB,225000
3 Bedroom Cottage London,255 Church Road,London,E4 1AB,550000
6 Bedroom Bungalow Cambridge,172 King Street,Cambridge,CB7 4AB,485000
3 Bedroom Cottage Colchester,9 King Street,Colchester,CO1 3AB,1130000
5 Bedroom Cottage Chelmsford,93 Victoria Road,Chelmsford,CM9 8AB,1235000
2 Bedroom Bungalow Norwich,237 Mill Lane,Norwich,NR7 7AB,210000
3 Bedroom Apartment Norwich,281 High Street,Norwich,NR2 2AB,915000
3 Bedroom Bungalow London,68 Queen Street,London,E9 4AB,150000
3 Bedroom House Cambridge,40 London Road,Cambridge,CB3 1AB,530000
3 Bedroom House Ipswich,91 Victoria Road,Ipswich,IP4 6AB,610000
3 Bedroom Cottage London,223 Station Road,London,E4 9AB,985000
6 Bedroom House Colchester,270 Mill Lane,Colchester,CO9 9AB,325000
1 Bedroom House Cambridge,40 Springfield Road,Cambridge,CB8 9AB,945000
2 Bedroom Apartment Chelmsford,16 High Street,Chelmsford,CM1 4AB,1150000
4 Bedroom House Norwich,206 Station Road,Norwich,NR2 5AB,1490000
1 Bedroom Bungalow Colchester,237 Station Road,Colchester,CO3 6AB,1215000
5 Bedroom Bungalow Colchester,244 Church Road,Colchester,CO9 8AB,480000
4 Bedroom Cottage Chelmsford,97 High Street,Chelmsford,CM7 6AB,1345000
6 Bedroom Apartment London,236 High Street,London,E1 1AB,795000
2 Bedroom Apartment Norwich,54 Queen Street,Norwich,NR3 4AB,1225000
4 Bedroom Apartment Cambridge,277 London Road,Cambridge,CB7 4AB,275000
4 Bedroom Bungalow Colchester,259 Station Road,Colchester,CO6 3AB,1045000
5 Bedroom House Norwich,168 Church Road,Norwich,NR6 2AB,1320000
3 Bedroom House Ipswich,60 Queen Street,Ipswich,IP7 1AB,300000
6 Bedroom Apartment Colchester,248 Mill Lane,Colchester,CO6 9AB,610000
3 Bedroom Apartment Chelmsford,126 Station Road,Chelmsford,CM8 8AB,995000
3 Bedroom Cottage Ipswich,148 High Street,Ipswich,IP2 8AB,220000
2 Bedroom House Colchester,76 Church Road,Colchester,CO7 7AB,315000
6 Bedroom Apartment Norwich,25 High Street,Norwich,NR7 4AB,625000
1 Bedroom Apartment Norwich,292 Queen Street,Norwich,NR3 6AB,405000
3 Bedroom Apartment Ipswich,89 King Street,Ipswich,IP2 1AB,1075000
5 Bedroom Cottage Cambridge,116 High Street,Cambridge,CB4 7AB,1290000
2 Bedroom Bungalow Cambridge,228 London Road,Cambridge,CB7 5AB,1330000
1 Bedroom Cottage Chelmsford,34 King Street,Chelmsford,CM8 6AB,630000
6 Bedroom House Ipswich,33 Park Road,Ipswich,IP8 6AB,415000
1 Bedroom Apartment Ipswich,102 Mill Lane,Ipswich,IP4 4AB,980000
4 Bedroom Cottage Colchester,238 Queen Street,Colchester,CO2 3AB,580000
6 Bedroom Apartment Ipswich,265 Victoria Road,Ipswich,IP6 1AB,495000
1 Bedroom Bungalow Chelmsford,245 Park Road,Chelmsford,CM1 5AB,1075000
5 Bedroom Bungalow Norwich,113 Mill Lane,Norwich,NR2 3AB,245000
5 Bedroom House Cambridge,247 High Street,Cambridge,CB3 1AB,945000
6 Bedroom House Ipswich,49 Station Road,Ipswich,IP3 9AB,820000
2 Bedroom House London,156 London Road,London,E2 5AB,675000
1 Bedroom Cottage Chelmsford,191 Victoria Road,Chelmsford,CM1 2AB,755000
1 Bedroom House Cambridge,214 Station Road,Cambridge,CB4 7AB,685000
5 Bedroom Bungalow Cambridge,258 Church Road,Cambridge,CB5 2AB,1055000
6 Bedroom Apartment London,172 Station Road,London,E6 9AB,1080000
5 Bedroom House Ipswich,96 Springfield Road,Ipswich,IP8 4AB,1065000
2 Bedroom Cottage Norwich,246 Church Road,Norwich,NR6 2AB,1080000
4 Bedroom House Cambridge,122 High Street,Cambridge,CB6 2AB,735000
6 Bedroom House Cambridge,291 King Street,Cambridge,CB7 4AB,400000
4 Bedroom Cottage Chelmsford,231 Mill Lane,Chelmsford,CM8 6AB,775000
2 Bedroom Apartment Cambridge,97 Queen Street,Cambridge,CB7 3AB,1260000
4 Bedroom Bungalow London,222 London Road,London,E4 7AB,1025000
2 Bedroom Bungalow Colchester,86 Springfield Road,Colchester,CO1 6AB,250000
2 Bedroom House Ipswich,282 Victoria Road,Ipswich,IP1 6AB,1280000
1 Bedroom Bungalow Norwich,84 Park Road,Norwich,NR3 9AB,720000
6 Bedroom Apartment Cambridge,203 Park Road,Cambridge,CB3 9AB,1465000
3 Bedroom Cottage London,194 Victoria Road,London,E8 2AB,550000
3 Bedroom Cottage Chelmsford,51 Station Road,Chelmsford,CM1 8AB,780000
6 Bedroom Apartment Cambridge,15 High Street,Cambridge,CB9 2AB,680000
6 Bedroom Bungalow Colchester,78 Queen Street,Colchester,CO4 9AB,480000
3 Bedroom Bungalow Cambridge,37 Mill Lane,Cambridge,CB6 1AB,1025000
4 Bedroom House London,133 King Street,London,E5 9AB,1365000
4 Bedroom House Norwich,248 King Street,Norwich,NR2 9AB,260000
1 Bedroom Cottage London,285 High Street,London,E8 8AB,1260000
6 Bedroom House London,123 Church Road,London,E9 2AB,905000
4 Bedroom Cottage Norwich,287 High Street,Norwich,NR2 1AB,1180000
3 Bedroom Apartment Colchester,295 Springfield Road,Colchester,CO8 3AB,1355000
4 Bedroom House Colchester,183 Springfield Road,Colchester,CO5 7AB,1210000
5 Bedroom House Cambridge,131 King Street,Cambridge,CB8 1AB,1415000
3 Bedroom Cottage Colchester,13 Queen Street,Colchester,CO7 7AB,310000
4 Bedroom House Norwich,143 Church Road,Norwich,NR9 6AB,540000
6 Bedroom Apartment Cambridge,144 Victoria Road,Cambridge,CB3 8AB,1260000
6 Bedroom Bungalow London,260 Park Road,London,E3 6AB,560000
3 Bedroom Bungalow London,168 Queen Street,London,E6 4AB,1365000
2 Bedroom Apartment Chelmsford,78 High Street,Chelmsford,CM9 2AB,255000
3 Bedroom Apartment Norwich,164 Springfield Road,Norwich,NR9 9AB,680000
1 Bedroom Cottage Colchester,116 King Street,Colchester,CO7 3AB,1385000
5 Bedroom Cottage Chelmsford,33 Mill Lane,Chelmsford,CM6 5AB,1320000
4 Bedroom House Cambridge,191 Station Road,Cambridge,CB3 7AB,1465000
6 Bedroom Apartment Chelmsford,25 Victoria Road,Chelmsford,CM4 5AB,775000
5 Bedroom Cottage Cambridge,294 Church Road,Cambridge,CB1 8AB,1035000
3 Bedroom Bungalow Norwich,159 Church Road,Norwich,NR2 6AB,205000
3 Bedroom Cottage Ipswich,103 King Street,Ipswich,IP6 6AB,1345000
5 Bedroom Cottage Chelmsford,58 London Road,Chelmsford,CM8 7AB,1275000
4 Bedroom Bungalow Norwich,299 Victoria Road,Norwich,NR4 5AB,840000
1 Bedroom Apartment Colchester,173 Park Road,Colchester,CO6 7AB,425000
2 Bedroom Cottage Cambridge,122 Park Road,Cambridge,CB9 1AB,915000
5 Bedroom Cottage Colchester,259 Church Road,Colchester,CO5 8AB,1360000
6 Bedroom Apartment Cambridge,216 Station Road,Cambridge,CB8 3AB,630000
4 Bedroom Bungalow London,13 High Street,London,E9 4AB,1035000
6 Bedroom House Norwich,190 King Street,Norwich,NR1 5AB,1120000
3 Bedroom Bungalow Norwich,162 Mill Lane,Norwich,NR2 2AB,700000
4 Bedroom Bungalow Norwich,178 Victoria Road,Norwich,NR8 3AB,650000
1 Bedroom House London,10 London Road,London,E8 7AB,515000
2 Bedroom House Chelmsford,202 Victoria Road,Chelmsford,CM3 3AB,1475000
4 Bedroom House Colchester,44 King Street,Colchester,CO3 4AB,885000
2 Bedroom Apartment Chelmsford,203 Park Road,Chelmsford,CM8 6AB,865000
3 Bedroom Bungalow London,111 Park Road,London,E2 3AB,570000
6 Bedroom Cottage Cambridge,243 London Road,Cambridge,CB3 3AB,455000
6 Bedroom Bungalow Ipswich,148 Park Road,Ipswich,IP5 3AB,780000
1 Bedroom House Norwich,22 Springfield Road,Norwich,NR9 8AB,255000
2 Bedroom Apartment Chelmsford,62 Victoria Road,Chelmsford,CM5 5AB,705000
3 Bedroom Cottage London,51 Church Road,London,E6 9AB,530000
6 Bedroom Cottage Ipswich,77 King Street,Ipswich,IP8 9AB,1470000
5 Bedroom Bungalow Cambridge,90 High Street,Cambridge,CB4 4AB,970000
2 Bedroom Apartment Cambridge,34 Church Road,Cambridge,CB7 2AB,420000
3 Bedroom House London,44 Springfield Road,London,E5 4AB,815000
4 Bedroom House Chelmsford,183 Mill Lane,Chelmsford,CM2 6AB,375000
3 Bedroom Bungalow London,217 High Street,London,E8 7AB,1265000
4 Bedroom Bungalow Norwich,28 Church Road,Norwich,NR2 1AB,700000
2 Bedroom Apartment Cambridge,121 Victoria Road,Cambridge,CB1 1AB,945000
6 Bedroom Apartment Colchester,94 Station Road,Colchester,CO4 9AB,780000
1 Bedroom Apartment London,286 High Street,London,E4 3AB,950000
3 Bedroom Apartment London,106 High Street,London,E4 1AB,1395000
3 Bedroom House Cambridge,112 Church Road,Cambridge,CB1 1AB,390000
4 Bedroom Cottage Ipswich,61 High Street,Ipswich,IP8 9AB,655000
4 Bedroom Bungalow Cambridge,62 Springfield Road,Cambridge,CB8 8AB,1235000
6 Bedroom House Ipswich,89 Springfield Road,Ipswich,IP1 6AB,315000
1 Bedroom Bungalow Colchester,196 Queen Street,Colchester,CO2 9AB,850000
4 Bedroom Apartment Ipswich,173 King Street,Ipswich,IP7 3AB,880000
5 Bedroom House Chelmsford,119 High Street,Chelmsford,CM5 9AB,560000
1 Bedroom Cottage Ipswich,95 Springfield Road,Ipswich,IP5 1AB,365000
6 Bedroom Bungalow Colchester,234 Queen Street,Colchester,CO8 7AB,1445000
3 Bedroom House Cambridge,146 Park Road,Cambridge,CB3 6AB,940000
6 Bedroom Cottage Norwich,197 Church Road,Norwich,NR5 7AB,945000
1 Bedroom Bungalow Colchester,159 High Street,Colchester,CO9 9AB,410000
3 Bedroom Bungalow Colchester,43 High Street,Colchester,CO9 9AB,1120000
2 Bedroom Bungalow Cambridge,289 Victoria Road,Cambridge,CB5 9AB,960000
1 Bedroom House London,245 Mill Lane,London,E5 1AB,1485000
2 Bedroom Bungalow London,185 Park Road,London,E3 2AB,1290000
6 Bedroom House London,239 High Street,London,E9 8AB,240000
5 Bedroom House London,283 Victoria Road,London,E5 5AB,965000
2 Bedroom House Colchester,55 London Road,Colchester,CO7 6AB,415000
6 Bedroom House Chelmsford,129 High Street,Chelmsford,CM8 7AB,300000
1 Bedroom Apartment Norwich,290 Station Road,Norwich,NR2 4AB,565000
1 Bedroom Apartment Cambridge,287 Mill Lane,Cambridge,CB4 2AB,980000
3 Bedroom Apartment Chelmsford,130 Queen Street,Chelmsford,CM3 9AB,1320000
5 Bedroom Bungalow Ipswich,48 Church Road,Ipswich,IP7 1AB,1455000
6 Bedroom Cottage London,268 King Street,London,E3 3AB,1020000
5 Bedroom Apartment Norwich,288 Queen Street,Norwich,NR1 4AB,1445000
5 Bedroom Apartment Norwich,67 Springfield Road,Norwich,NR9 2AB,580000
3 Bedroom House Chelmsford,15 London Road,Chelmsford,CM9 2AB,1425000
3 Bedroom Apartment Cambridge,59 Queen Street,Cambridge,CB6 4AB,880000
2 Bedroom Apartment Cambridge,156 Station Road,Cambridge,CB5 9AB,280000
2 Bedroom House Colchester,215 Springfield Road,Colchester,CO2 9AB,250000
5 Bedroom Apartment Cambridge,182 Springfield Road,Cambridge,CB6 6AB,970000
5 Bedroom Bungalow Norwich,295 High Street,Norwich,NR5 2AB,795000
5 Bedroom Bungalow Colchester,135 Park Road,Colchester,CO9 5AB,1105000
1 Bedroom House Chelmsford,220 Park Road,Chelmsford,CM6 7AB,1200000
4 Bedroom Cottage London,97 High Street,London,E9 4AB,395000
5 Bedroom Apartment London,83 Park Road,London,E8 8AB,470000
5 Bedroom House Norwich,181 Station Road,Norwich,NR4 6AB,735000
4 Bedroom House Ipswich,84 Queen Street,Ipswich,IP3 3AB,770000
5 Bedroom Bungalow Chelmsford,100 King Street,Chelmsford,CM5 4AB,1465000
1 Bedroom Bungalow Chelmsford,206 Station Road,Chelmsford,CM1 5AB,725000
3 Bedroom House Norwich,18 Church Road,Norwich,NR6 1AB,1175000
4 Bedroom Apartment Chelmsford,13 High Street,Chelmsford,CM4 8AB,780000
2 Bedroom Bungalow Chelmsford,136 London Road,Chelmsford,CM3 6AB,365000
3 Bedroom Bungalow Chelmsford,247 London Road,Chelmsford,CM4 9AB,845000
2 Bedroom House Norwich,282 London Road,Norwich,NR8 1AB,335000
2 Bedroom House Ipswich,253 Park Road,Ipswich,IP4 4AB,545000
5 Bedroom Cottage Colchester,33 High Street,Colchester,CO4 9AB,620000
3 Bedroom Bungalow Colchester,7 Springfield Road,Colchester,CO7 2AB,535000
2 Bedroom Apartment Colchester,46 King Street,Colchester,CO9 2AB,1315000
1 Bedroom House Chelmsford,142 Church Road,Chelmsford,CM7 5AB,655000
4 Bedroom Cottage Ipswich,300 Station Road,Ipswich,IP6 9AB,1475000
4 Bedroom Bungalow Cambridge,10 Springfield Road,Cambridge,CB1 5AB,1410000
3 Bedroom Cottage Colchester,177 Victoria Road,Colchester,CO3 8AB,905000
6 Bedroom Cottage Cambridge,176 King Street,Cambridge,CB9 1AB,580000
3 Bedroom Cottage Ipswich,66 Mill Lane,Ipswich,IP3 8AB,940000
4 Bedroom Bungalow Norwich,92 Springfield Road,Norwich,NR6 1AB,655000
4 Bedroom House Norwich,84 London Road,Norwich,NR5 4AB,435000
4 Bedroom Cottage Chelmsford,35 Queen Street,Chelmsford,CM9 8AB,480000
1 Bedroom Bungalow Ipswich,111 London Road,Ipswich,IP8 9AB,1340000
6 Bedroom Cottage Colchester,180 Queen Street,Colchester,CO5 3AB,465000
1 Bedroom Apartment Chelmsford,257 Station Road,Chelmsford,CM1 4AB,1255000
2 Bedroom Cottage Colchester,42 Church Road,Colchester,CO9 1AB,365000
2 Bedroom Bungalow London,276 King Street,London,E6 1AB,520000
5 Bedroom Cottage Cambridge,220 High Street,Cambridge,CB4 7AB,1275000
4 Bedroom Apartment London,108 Park Road,London,E1 6AB,680000
5 Bedroom House Ipswich,227 High Street,Ipswich,IP2 6AB,1265000
6 Bedroom Apartment London,205 Mill Lane,London,E4 9AB,685000
3 Bedroom Bungalow Cambridge,216 Church Road,Cambridge,CB1 3AB,1240000
4 Bedroom House Norwich,223 Park Road,Norwich,NR8 6AB,1085000
2 Bedroom Cottage Cambridge,7 Mill Lane,Cambridge,CB3 9AB,1385000
5 Bedroom House Norwich,269 Springfield Road,Norwich,NR5 1AB,1075000
6 Bedroom Apartment Cambridge,38 Springfield Road,Cambridge,CB6 3AB,415000
2 Bedroom Cottage Cambridge,28 London Road,Cambridge,CB6 6AB,1155000
1 Bedroom Bungalow Ipswich,17 Station Road,Ipswich,IP1 4AB,315000
6 Bedroom Cottage Chelmsford,281 Church Road,Chelmsford,CM9 4AB,390000
5 Bedroom Apartment Norwich,58 High Street,Norwich,NR1 2AB,310000
6 Bedroom House Norwich,273 Springfield Road,Norwich,NR1 3AB,150000
1 Bedroom Apartment Cambridge,150 London Road,Cambridge,CB1 7AB,615000
3 Bedroom Bungalow Norwich,248 High Street,Norwich,NR9 6AB,245000
4 Bedroom Cottage Chelmsford,223 Mill Lane,Chelmsford,CM9 9AB,590000
3 Bedroom House London,247 Springfield Road,London,E3 2AB,330000
6 Bedroom Apartment Norwich,130 Station Road,Norwich,NR3 4AB,1315000
2 Bedroom Cottage Colchester,148 Queen Street,Colchester,CO3 7AB,875000
4 Bedroom House Cambridge,252 King Street,Cambridge,CB6 6AB,750000
6 Bedroom Bungalow Norwich,236 King Street,Norwich,NR5 4AB,1095000
6 Bedroom Apartment Colchester,61 Springfield Road,Colchester,CO5 8AB,355000
5 Bedroom Apartment Colchester,266 Springfield Road,Colchester,CO9 7AB,1125000
3 Bedroom Apartment London,96 Station Road,London,E1 5AB,435000
1 Bedroom Cottage Colchester,151 Park Road,Colchester,CO7 3AB,1000000
4 Bedroom Apartment London,162 Springfield Road,London,E7 3AB,1280000
6 Bedroom Cottage Chelmsford,208 London Road,Chelmsford,CM4 4AB,935000
3 Bedroom Apartment London,292 Queen Street,London,E5 5AB,1000000
2 Bedroom Apartment London,121 Station Road,London,E7 1AB,450000
6 Bedroom House Colchester,200 London Road,Colchester,CO8 7AB,835000
2 Bedroom Cottage London,55 Springfield Road,London,E6 4AB,585000
2 Bedroom Cottage London,82 Station Road,London,E3 7AB,1495000
2 Bedroom Cottage Chelmsford,12 London Road,Chelmsford,CM1 2AB,655000
2 Bedroom House Chelmsford,86 Park Road,Chelmsford,CM1 1AB,165000
1 Bedroom Apartment Norwich,17 Park Road,Norwich,NR2 4AB,920000
5 Bedroom Bungalow Cambridge,37 Springfield Road,Cambridge,CB1 9AB,1260000
3 Bedroom House Ipswich,282 Victoria Road,Ipswich,IP7 4AB,360000
1 Bedroom Bungalow Colchester,124 Park Road,Colchester,CO4 3AB,665000
4 Bedroom Cottage Colchester,108 Queen Street,Colchester,CO1 2AB,335000
5 Bedroom Apartment Ipswich,90 Station Road,Ipswich,IP8 5AB,1490000
6 Bedroom Bungalow London,267 King Street,London,E1 3AB,1345000
5 Bedroom Bungalow London,136 Victoria Road,London,E9 4AB,1275000
1 Bedroom House London,95 London Road,London,E6 9AB,375000
2 Bedroom House Norwich,232 Church Road,Norwich,NR8 9AB,790000
2 Bedroom Apartment Ipswich,194 Victoria Road,Ipswich,IP4 5AB,1145000
5 Bedroom Bungalow London,180 High Street,London,E8 8AB,185000
1 Bedroom Cottage Norwich,254 Springfield Road,Norwich,NR3 9AB,390000
5 Bedroom House Chelmsford,204 Station Road,Chelmsford,CM9 5AB,1410000
6 Bedroom Cottage London,151 Mill Lane,London,E5 1AB,255000
3 Bedroom House Ipswich,66 Station Road,Ipswich,IP7 2AB,1155000
4 Bedroom Cottage London,202 Park Road,London,E2 6AB,1280000
2 Bedroom Cottage Ipswich,203 Mill Lane,Ipswich,IP8 9AB,950000
5 Bedroom House Norwich,174 Springfield Road,Norwich,NR2 3AB,500000
1 Bedroom Cottage Norwich,15 Springfield Road,Norwich,NR9 1AB,1140000
6 Bedroom Cottage Cambridge,150 Church Road,Cambridge,CB7 2AB,865000
6 Bedroom Apartment Colchester,290 High Street,Colchester,CO2 9AB,1265000
3 Bedroom Apartment Cambridge,181 Springfield Road,Cambridge,CB3 4AB,475000
4 Bedroom Apartment Cambridge,21 High Street,Cambridge,CB9 2AB,1225000
5 Bedroom House Colchester,189 High Street,Colchester,CO8 9AB,215000
3 Bedroom Cottage Norwich,258 Mill Lane,Norwich,NR6 1AB,765000
4 Bedroom House Cambridge,93 High Street,Cambridge,CB4 9AB,1105000
1 Bedroom Cottage Chelmsford,89 High Street,Chelmsford,CM8 5AB,1060000
1 Bedroom Bungalow Cambridge,57 Station Road,Cambridge,CB8 7AB,1490000
2 Bedroom Apartment Cambridge,264 King Street,Cambridge,CB7 5AB,1315000
4 Bedroom Bungalow Colchester,123 Mill Lane,Colchester,CO2 4AB,505000
1 Bedroom Cottage Norwich,236 Mill Lane,Norwich,NR3 9AB,1075000
6 Bedroom Cottage Ipswich,289 London Road,Ipswich,IP9 8AB,750000
5 Bedroom Apartment Colchester,205 King Street,Colchester,CO7 1AB,1250000
3 Bedroom Apartment Colchester,203 King Street,Colchester,CO3 5AB,1125000
6 Bedroom Bungalow Norwich,64 Victoria Road,Norwich,NR7 3AB,375000
1 Bedroom House Norwich,91 Springfield Road,Norwich,NR8 4AB,955000
2 Bedroom Bungalow Ipswich,239 High Street,Ipswich,IP4 8AB,775000
3 Bedroom Cottage Cambridge,261 High Street,Cambridge,CB9 7AB,1085000
3 Bedroom House Ipswich,28 Park Road,Ipswich,IP8 3AB,465000
1 Bedroom Apartment Ipswich,206 King Street,Ipswich,IP9 3AB,380000
1 Bedroom Cottage London,122 Mill Lane,London,E7 7AB,225000
4 Bedroom Cottage Norwich,185 Park Road,Norwich,NR6 2AB,1440000
4 Bedroom Apartment Norwich,197 Springfield Road,Norwich,NR3 3AB,1195000
1 Bedroom Cottage Chelmsford,144 Victoria Road,Chelmsford,CM8 3AB,990000
3 Bedroom Cottage Colchester,237 Mill Lane,Colchester,CO1 5AB,880000
2 Bedroom Bungalow London,202 Springfield Road,London,E8 4AB,910000
1 Bedroom Cottage Cambridge,86 Victoria Road,Cambridge,CB6 1AB,825000
4 Bedroom Bungalow Cambridge,235 Victoria Road,Cambridge,CB1 4AB,735000
6 Bedroom Cottage Chelmsford,243 Springfield Road,Chelmsford,CM9 1AB,1080000
3 Bedroom Bungalow Colchester,80 Springfield Road,Colchester,CO2 5AB,155000
4 Bedroom Bungalow Colchester,148 Station Road,Colchester,CO8 6AB,780000
3 Bedroom Apartment Norwich,282 Springfield Road,Norwich,NR5 7AB,1225000
2 Bedroom Bungalow Norwich,133 Station Road,Norwich,NR4 6AB,1310000
3 Bedroom Apartment Cambridge,64 Church Road,Cambridge,CB6 3AB,1415000
6 Bedroom Apartment Chelmsford,173 Victoria Road,Chelmsford,CM7 6AB,215000
3 Bedroom Cottage Chelmsford,232 London Road,Chelmsford,CM9 4AB,1165000
1 Bedroom Apartment Cambridge,126 King Street,Cambridge,CB5 2AB,655000
4 Bedroom Apartment Chelmsford,174 High Street,Chelmsford,CM5 8AB,425000
4 Bedroom Bungalow Chelmsford,283 Mill Lane,Chelmsford,CM5 9AB,640000
6 Bedroom House Colchester,217 London Road,Colchester,CO7 2AB,795000
5 Bedroom Bungalow London,62 Queen Street,London,E5 4AB,190000
2 Bedroom Cottage Colchester,159 Mill Lane,Colchester,CO7 1AB,1220000
1 Bedroom Cottage Norwich,247 Springfield Road,Norwich,NR2 8AB,1075000
4 Bedroom House Cambridge,232 Springfield Road,Cambridge,CB1 9AB,895000
3 Bedroom Bungalow London,76 High Street,London,E5 1AB,1280000
2 Bedroom Apartment Colchester,256 Park Road,Colchester,CO4 9AB,1350000
2 Bedroom Apartment Chelmsford,211 London Road,Chelmsford,CM2 6AB,365000
4 Bedroom House Ipswich,135 Mill Lane,Ipswich,IP6 1AB,955000
6 Bedroom Bungalow London,8 Church Road,London,E5 6AB,620000
5 Bedroom House Cambridge,136 Station Road,Cambridge,CB8 8AB,550000
2 Bedroom House Norwich,300 Victoria Road,Norwich,NR2 8AB,210000
1 Bedroom Apartment London,54 Springfield Road,London,E5 1AB,1340000
4 Bedroom Cottage Chelmsford,293 Mill Lane,Chelmsford,CM2 1AB,1400000
3 Bedroom House Chelmsford,213 High Street,Chelmsford,CM8 9AB,1040000
5 Bedroom Apartment Colchester,98 Springfield Road,Colchester,CO9 3AB,885000
1 Bedroom Apartment Norwich,132 Victoria Road,Norwich,NR6 8AB,700000
2 Bedroom House Chelmsford,162 Queen Street,Chelmsford,CM4 2AB,675000
6 Bedroom House Cambridge,43 Park Road,Cambridge,CB6 5AB,745000
1 Bedroom House Norwich,179 Station Road,Norwich,NR5 5AB,1165000
5 Bedroom House London,71 High Street,London,E8 8AB,680000
6 Bedroom Apartment Colchester,49 Queen Street,Colchester,CO4 1AB,390000
3 Bedroom Apartment Ipswich,220 Victoria Road,Ipswich,IP6 3AB,305000
1 Bedroom Apartment London,203 King Street,London,E9 2AB,1065000
1 Bedroom Apartment Cambridge,217 Queen Street,Cambridge,CB5 8AB,625000
4 Bedroom Cottage Colchester,140 Church Road,Colchester,CO8 3AB,415000
3 Bedroom Bungalow Colchester,119 Springfield Road,Colchester,CO2 6AB,945000
1 Bedroom Apartment Chelmsford,95 Station Road,Chelmsford,CM9 8AB,1155000
5 Bedroom Cottage Colchester,272 Queen Street,Colchester,CO2 9AB,1490000
2 Bedroom Bungalow Cambridge,164 Victoria Road,Cambridge,CB8 6AB,665000
1 Bedroom Apartment Ipswich,254 Mill Lane,Ipswich,IP1 9AB,215000
6 Bedroom Cottage Cambridge,208 Mill Lane,Cambridge,CB7 8AB,950000
1 Bedroom Apartment Cambridge,130 Park Road,Cambridge,CB1 4AB,1240000
5 Bedroom Apartment Chelmsford,269 London Road,Chelmsford,CM6 3AB,335000
2 Bedroom Apartment Cambridge,138 Church Road,Cambridge,CB3 5AB,1265000
1 Bedroom House Norwich,292 Mill Lane,Norwich,NR7 4AB,885000
5 Bedroom Bungalow Chelmsford,246 High Street,Chelmsford,CM5 4AB,1480000
1 Bedroom Bungalow London,107 High Street,London,E7 9AB,1350000
2 Bedroom Bungalow Ipswich,27 High Street,Ipswich,IP5 7AB,1045000
2 Bedroom Apartment Colchester,120 Church Road,Colchester,CO7 6AB,485000
4 Bedroom Cottage London,167 Church Road,London,E3 3AB,1355000
3 Bedroom House Cambridge,111 Queen Street,Cambridge,CB2 4AB,1050000
3 Bedroom Bungalow Chelmsford,188 Springfield Road,Chelmsford,CM3 6AB,180000
5 Bedroom Apartment Ipswich,76 Station Road,Ipswich,IP1 5AB,1245000
2 Bedroom Cottage Cambridge,290 Queen Street,Cambridge,CB5 5AB,1215000
3 Bedroom Apartment Chelmsford,126 Mill Lane,Chelmsford,CM6 3AB,200000
1 Bedroom House London,203 London Road,London,E5 4AB,1150000
5 Bedroom House Ipswich,74 Victoria Road,Ipswich,IP2 2AB,880000
4 Bedroom Bungalow Cambridge,179 Park Road,Cambridge,CB3 2AB,420000
3 Bedroom Bungalow Colchester,249 King Street,Colchester,CO7 1AB,690000
1 Bedroom Bungalow Ipswich,89 Station Road,Ipswich,IP5 8AB,880000
1 Bedroom House Ipswich,68 Station Road,Ipswich,IP9 8AB,950000
1 Bedroom Cottage London,160 King Street,London,E9 6AB,1100000
5 Bedroom Bungalow Colchester,204 Springfield Road,Colchester,CO1 1AB,480000
6 Bedroom Apartment Chelmsford,114 Station Road,Chelmsford,CM9 3AB,800000
2 Bedroom House Cambridge,290 Mill Lane,Cambridge,CB2 9AB,300000
3 Bedroom Bungalow London,68 King Street,London,E7 5AB,290000
5 Bedroom House Colchester,13 Park Road,Colchester,CO7 9AB,655000
5 Bedroom House Chelmsford,80 London Road,Chelmsford,CM1 2AB,1305000
2 Bedroom Cottage Chelmsford,136 Station Road,Chelmsford,CM8 1AB,1235000
5 Bedroom House Cambridge,286 King Street,Cambridge,CB6 3AB,1110000
1 Bedroom Cottage Ipswich,73 London Road,Ipswich,IP8 3AB,920000
4 Bedroom Cottage Chelmsford,219 Victoria Road,Chelmsford,CM3 1AB,485000
6 Bedroom Apartment Cambridge,153 High Street,Cambridge,CB1 2AB,890000
4 Bedroom Apartment Ipswich,213 Park Road,Ipswich,IP3 8AB,290000
6 Bedroom House Colchester,79 Station Road,Colchester,CO2 4AB,970000
1 Bedroom Apartment Ipswich,169 Mill Lane,Ipswich,IP8 7AB,220000
4 Bedroom House London,25 Springfield Road,London,E7 1AB,495000
2 Bedroom Cottage Ipswich,41 Park Road,Ipswich,IP5 6AB,460000
1 Bedroom House Cambridge,209 Springfield Road,Cambridge,CB6 6AB,1290000
4 Bedroom Apartment Colchester,77 Victoria Road,Colchester,CO9 7AB,665000
2 Bedroom Bungalow Ipswich,202 High Street,Ipswich,IP4 2AB,845000
2 Bedroom Apartment Chelmsford,248 Victoria Road,Chelmsford,CM5 2AB,1150000
5 Bedroom Cottage Chelmsford,107 Queen Street,Chelmsford,CM3 8AB,275000
4 Bedroom House Colchester,96 Springfield Road,Colchester,CO7 4AB,150000
1 Bedroom House Colchester,216 Victoria Road,Colchester,CO5 2AB,1035000
5 Bedroom Bungalow London,247 Springfield Road,London,E6 7AB,1445000
1 Bedroom House Ipswich,184 King Street,Ipswich,IP3 5AB,155000
5 Bedroom Apartment Colchester,251 Victoria Road,Colchester,CO5 8AB,260000
5 Bedroom Bungalow London,224 London Road,London,E8 2AB,375000
5 Bedroom House Cambridge,14 Springfield Road,Cambridge,CB9 7AB,1285000
6 Bedroom Bungalow London,119 King Street,London,E6 5AB,530000
1 Bedroom House Norwich,275 Park Road,Norwich,NR3 2AB,555000
6 Bedroom Bungalow Colchester,269 Park Road,Colchester,CO4 5AB,1465000
5 Bedroom Bungalow Colchester,198 Victoria Road,Colchester,CO1 1AB,535000
1 Bedroom Bungalow Cambridge,231 Queen Street,Cambridge,CB2 5AB,1245000
5 Bedroom Apartment Chelmsford,274 Church Road,Chelmsford,CM9 2AB,360000
6 Bedroom Apartment Colchester,16 Springfield Road,Colchester,CO5 5AB,910000
6 Bedroom Bungalow Chelmsford,52 Station Road,Chelmsford,CM4 2AB,380000
2 Bedroom Bungalow Chelmsford,294 High Street,Chelmsford,CM6 4AB,165000
5 Bedroom Cottage Cambridge,262 Victoria Road,Cambridge,CB8 7AB,380000
4 Bedroom House Chelmsford,271 Victoria Road,Chelmsford,CM4 3AB,715000
5 Bedroom Cottage London,274 High Street,London,E8 1AB,1385000
5 Bedroom House Ipswich,153 Victoria Road,Ipswich,IP5 3AB,725000
5 Bedroom Cottage Norwich,72 Mill Lane,Norwich,NR8 4AB,1255000
3 Bedroom Bungalow Norwich,125 Queen Street,Norwich,NR6 4AB,315000
2 Bedroom House Norwich,109 High Street,Norwich,NR7 1AB,530000
5 Bedroom Bungalow Cambridge,205 Station Road,Cambridge,CB2 6AB,210000
6 Bedroom House Norwich,209 Station Road,Norwich,NR7 3AB,825000
3 Bedroom Apartment Chelmsford,51 High Street,Chelmsford,CM6 3AB,1000000
3 Bedroom Apartment Ipswich,33 London Road,Ipswich,IP1 4AB,835000
2 Bedroom Apartment Chelmsford,177 Springfield Road,Chelmsford,CM5 7AB,290000
6 Bedroom Apartment Colchester,157 Church Road,Colchester,CO8 5AB,300000
1 Bedroom Apartment London,203 Park Road,London,E8 5AB,1415000
2 Bedroom Apartment Chelmsford,206 Park Road,Chelmsford,CM8 8AB,1295000
3 Bedroom House Norwich,297 Victoria Road,Norwich,NR4 5AB,405000
3 Bedroom Apartment Chelmsford,130 Victoria Road,Chelmsford,CM8 5AB,1270000
4 Bedroom Cottage Colchester,192 Victoria Road,Colchester,CO7 3AB,705000
4 Bedroom Cottage London,116 Station Road,London,E5 9AB,270000
5 Bedroom House Colchester,130 London Road,Colchester,CO3 8AB,325000
1 Bedroom Bungalow London,1 High Street,London,E6 3AB,375000
4 Bedroom Apartment Colchester,110 Station Road,Colchester,CO3 1AB,525000
1 Bedroom House Norwich,38 Queen Street,Norwich,NR4 8AB,355000
5 Bedroom Bungalow Colchester,131 London Road,Colchester,CO1 9AB,205000
4 Bedroom Bungalow Cambridge,123 Mill Lane,Cambridge,CB3 6AB,1310000
3 Bedroom Bungalow Ipswich,262 King Street,Ipswich,IP1 4AB,1165000
6 Bedroom Cottage Colchester,243 Queen Street,Colchester,CO3 4AB,195000
4 Bedroom Apartment Colchester,7 High Street,Colchester,CO5 4AB,1100000
3 Bedroom Bungalow Chelmsford,219 Queen Street,Chelmsford,CM2 5AB,1325000
1 Bedroom House Colchester,116 Station Road,Colchester,CO3 3AB,610000
4 Bedroom Apartment Ipswich,120 King Street,Ipswich,IP7 5AB,1240000
6 Bedroom Bungalow Norwich,61 King Street,Norwich,NR1 1AB,1130000
4 Bedroom Cottage Norwich,67 King Street,Norwich,NR9 5AB,565000
5 Bedroom Cottage Norwich,26 King Street,Norwich,NR5 3AB,1135000
2 Bedroom Apartment London,127 Station Road,London,E6 7AB,605000
5 Bedroom Bungalow Colchester,245 High Street,Colchester,CO8 4AB,305000
6 Bedroom Apartment Chelmsford,42 King Street,Chelmsford,CM1 2AB,885000
3 Bedroom Cottage Cambridge,79 Victoria Road,Cambridge,CB4 5AB,775000
5 Bedroom Cottage Cambridge,80 Church Road,Cambridge,CB9 9AB,1165000
2 Bedroom Bungalow Cambridge,69 Springfield Road,Cambridge,CB6 3AB,515000
3 Bedroom Bungalow London,110 London Road,London,E8 5AB,1180000
6 Bedroom Apartment Ipswich,273 High Street,Ipswich,IP2 2AB,835000
1 Bedroom Bungalow Norwich,296 King Street,Norwich,NR9 8AB,1480000
4 Bedroom Cottage Chelmsford,241 London Road,Chelmsford,CM6 9AB,335000
1 Bedroom Cottage London,183 London Road,London,E2 6AB,340000
5 Bedroom House London,121 London Road,London,E5 4AB,430000
1 Bedroom Bungalow Norwich,155 King Street,Norwich,NR5 5AB,1415000
6 Bedroom House Chelmsford,239 Victoria Road,Chelmsford,CM9 5AB,750000
2 Bedroom Apartment Ipswich,19 Mill Lane,Ipswich,IP8 9AB,245000
4 Bedroom Cottage Chelmsford,22 Victoria Road,Chelmsford,CM3 1AB,185000
5 Bedroom Apartment Ipswich,286 Victoria Road,Ipswich,IP2 2AB,555000
4 Bedroom Cottage Ipswich,195 King Street,Ipswich,IP1 8AB,920000
6 Bedroom House Colchester,212 Station Road,Colchester,CO6 3AB,725000
4 Bedroom House Ipswich,292 Church Road,Ipswich,IP3 6AB,295000
5 Bedroom House Chelmsford,86 Victoria Road,Chelmsford,CM9 8AB,765000
6 Bedroom House Norwich,156 Springfield Road,Norwich,NR6 1AB,505000
3 Bedroom Bungalow Cambridge,293 London Road,Cambridge,CB8 5AB,1455000
4 Bedroom House Colchester,118 London Road,Colchester,CO5 9AB,185000
6 Bedroom Apartment Ipswich,86 Station Road,Ipswich,IP6 3AB,1100000
4 Bedroom Apartment Colchester,108 King Street,Colchester,CO2 1AB,1070000
2 Bedroom Apartment Norwich,296 Queen Street,Norwich,NR6 1AB,1355000
4 Bedroom Bungalow Norwich,190 Church Road,Norwich,NR2 4AB,1170000
2 Bedroom Cottage Norwich,150 High Street,Norwich,NR4 2AB,1450000
4 Bedroom Cottage Cambridge,129 Springfield Road,Cambridge,CB4 4AB,405000
4 Bedroom House Ipswich,187 High Street,Ipswich,IP1 3AB,1320000
4 Bedroom House Chelmsford,299 Park Road,Chelmsford,CM4 9AB,385000
6 Bedroom Apartment Ipswich,189 Church Road,Ipswich,IP6 9AB,1190000
6 Bedroom Apartment Cambridge,230 Springfield Road,Cambridge,CB8 6AB,1325000
2 Bedroom Apartment London,188 Station Road,London,E6 7AB,1365000
6 Bedroom Cottage Colchester,184 Park Road,Colchester,CO4 5AB,875000
5 Bedroom Apartment Chelmsford,50 Station Road,Chelmsford,CM5 7AB,390000
3 Bedroom Cottage Cambridge,154 King Street,Cambridge,CB7 7AB,1150000
3 Bedroom House Cambridge,8 Church Road,Cambridge,CB8 6AB,455000
3 Bedroom Bungalow Cambridge,200 Park Road,Cambridge,CB9 9AB,385000
6 Bedroom Bungalow London,300 Park Road,London,E4 5AB,990000
3 Bedroom Bungalow London,109 King Street,London,E2 2AB,1020000
1 Bedroom Cottage Colchester,51 Springfield Road,Colchester,CO5 1AB,1265000
4 Bedroom Bungalow Cambridge,161 Station Road,Cambridge,CB5 5AB,985000
5 Bedroom Bungalow Cambridge,190 London Road,Cambridge,CB2 6AB,150000
1 Bedroom Cottage Colchester,109 High Street,Colchester,CO7 2AB,165000
5 Bedroom House London,37 Mill Lane,London,E3 7AB,370000
6 Bedroom Apartment Cambridge,27 Mill Lane,Cambridge,CB8 7AB,425000
4 Bedroom House Colchester,240 Victoria Road,Colchester,CO7 1AB,680000
1 Bedroom House Ipswich,177 Springfield Road,Ipswich,IP5 3AB,340000
5 Bedroom House Colchester,178 Church Road,Colchester,CO7 6AB,250000
2 Bedroom House London,113 Victoria Road,London,E9 8AB,750000
4 Bedroom Cottage Ipswich,35 Park Road,Ipswich,IP6 5AB,620000
2 Bedroom House Cambridge,250 Station Road,Cambridge,CB6 3AB,150000
1 Bedroom Cottage Norwich,166 Station Road,Norwich,NR2 9AB,660000
5 Bedroom Bungalow Chelmsford,275 Church Road,Chelmsford,CM2 6AB,1450000
1 Bedroom Bungalow Chelmsford,241 Victoria Road,Chelmsford,CM8 7AB,1455000
3 Bedroom Bungalow London,271 Springfield Road,London,E2 2AB,1345000
3 Bedroom Apartment Norwich,66 Victoria Road,Norwich,NR4 5AB,545000
4 Bedroom Apartment London,248 Springfield Road,London,E4 4AB,1140000
2 Bedroom Bungalow London,133 Church Road,London,E4 4AB,1015000
3 Bedroom Bungalow London,157 High Street,London,E3 8AB,1435000
2 Bedroom Apartment London,58 King Street,London,E3 5AB,1175000
1 Bedroom House Colchester,258 Station Road,Colchester,CO8 3AB,1425000
5 Bedroom House Cambridge,89 Park Road,Cambridge,CB1 1AB,1430000
2 Bedroom House Colchester,19 Church Road,Colchester,CO6 9AB,810000
1 Bedroom Bungalow London,198 London Road,London,E7 9AB,220000
4 Bedroom House Norwich,98 London Road,Norwich,NR8 9AB,900000
1 Bedroom Apartment London,105 Park Road,London,E1 4AB,470000
2 Bedroom Cottage Ipswich,17 King Street,Ipswich,IP9 7AB,1445000
2 Bedroom Apartment Ipswich,14 Mill Lane,Ipswich,IP1 7AB,465000
1 Bedroom Bungalow Colchester,252 Church Road,Colchester,CO9 8AB,565000
6 Bedroom Apartment Cambridge,173 King Street,Cambridge,CB6 3AB,700000
6 Bedroom Cottage London,29 Park Road,London,E1 5AB,500000
5 Bedroom Apartment Cambridge,255 Springfield Road,Cambridge,CB9 8AB,345000
5 Bedroom Apartment Ipswich,119 Springfield Road,Ipswich,IP4 7AB,245000
6 Bedroom Cottage Chelmsford,154 Mill Lane,Chelmsford,CM2 1AB,250000
6 Bedroom Cottage Ipswich,298 High Street,Ipswich,IP2 8AB,305000
2 Bedroom House London,190 Victoria Road,London,E1 5AB,430000
6 Bedroom Apartment Chelmsford,223 Church Road,Chelmsford,CM8 7AB,960000
4 Bedroom House Cambridge,272 Park Road,Cambridge,CB5 8AB,485000
6 Bedroom Apartment Norwich,168 High Street,Norwich,NR2 6AB,925000
2 Bedroom Bungalow London,16 Springfield Road,London,E4 9AB,685000
1 Bedroom Apartment Ipswich,146 Station Road,Ipswich,IP5 9AB,160000
6 Bedroom Apartment Cambridge,193 High Street,Cambridge,CB7 7AB,330000
5 Bedroom Cottage Ipswich,196 London Road,Ipswich,IP9 3AB,1150000
6 Bedroom Bungalow Norwich,226 London Road,Norwich,NR7 1AB,1360000
4 Bedroom Cottage Cambridge,276 High Street,Cambridge,CB9 1AB,1095000
4 Bedroom Bungalow Cambridge,214 Mill Lane,Cambridge,CB3 4AB,1070000
2 Bedroom Cottage Chelmsford,37 Victoria Road,Chelmsford,CM7 8AB,1105000
6 Bedroom Apartment Cambridge,121 Station Road,Cambridge,CB1 6AB,410000
3 Bedroom Apartment Colchester,86 King Street,Colchester,CO3 1AB,1055000
5 Bedroom Bungalow Colchester,135 Springfield Road,Colchester,CO7 8AB,280000
6 Bedroom Bungalow Colchester,145 Church Road,Colchester,CO9 2AB,980000
3 Bedroom Bungalow Cambridge,286 Victoria Road,Cambridge,CB8 9AB,555000
5 Bedroom Apartment Cambridge,234 Church Road,Cambridge,CB4 8AB,785000
6 Bedroom Apartment Colchester,120 Station Road,Colchester,CO9 4AB,375000
1 Bedroom House Ipswich,286 Mill Lane,Ipswich,IP2 5AB,245000
5 Bedroom Cottage London,126 King Street,London,E5 2AB,920000
2 Bedroom Cottage Cambridge,142 Mill Lane,Cambridge,CB4 7AB,1490000
6 Bedroom Apartment Norwich,200 Victoria Road,Norwich,NR8 6AB,1065000
3 Bedroom House Colchester,11 Springfield Road,Colchester,CO9 9AB,895000
5 Bedroom Apartment London,57 Station Road,London,E5 6AB,175000
3 Bedroom Apartment Chelmsford,39 Church Road,Chelmsford,CM3 9AB,1415000
3 Bedroom Cottage Cambridge,130 London Road,Cambridge,CB7 6AB,1415000
3 Bedroom House Ipswich,170 King Street,Ipswich,IP6 2AB,1395000
6 Bedroom Apartment Ipswich,51 Queen Street,Ipswich,IP4 6AB,460000
2 Bedroom House Norwich,187 Station Road,Norwich,NR3 6AB,190000
2 Bedroom House Colchester,20 King Street,Colchester,CO8 3AB,185000
2 Bedroom House Colchester,208 Mill Lane,Colchester,CO5 4AB,1455000
3 Bedroom House Colchester,29 Springfield Road,Colchester,CO9 6AB,1100000
6 Bedroom Bungalow Colchester,140 King Street,Colchester,CO3 6AB,250000
2 Bedroom Cottage Cambridge,157 Springfield Road,Cambridge,CB4 6AB,675000
5 Bedroom Apartment Chelmsford,273 Victoria Road,Chelmsford,CM8 3AB,410000
3 Bedroom Bungalow Colchester,33 Springfield Road,Colchester,CO9 7AB,835000
5 Bedroom House Ipswich,267 Victoria Road,Ipswich,IP1 6AB,1180000
5 Bedroom Bungalow Colchester,102 Park Road,Colchester,CO3 6AB,1415000
6 Bedroom Cottage Colchester,212 King Street,Colchester,CO9 8AB,1045000
4 Bedroom Cottage Norwich,249 Queen Street,Norwich,NR5 4AB,1010000
3 Bedroom Apartment Colchester,192 Mill Lane,Colchester,CO7 6AB,685000
4 Bedroom House Chelmsford,170 Mill Lane,Chelmsford,CM4 9AB,1470000
5 Bedroom Cottage Norwich,293 High Street,Norwich,NR7 8AB,785000
4 Bedroom Cottage Colchester,198 High Street,Colchester,CO3 9AB,1040000
4 Bedroom Apartment Ipswich,30 London Road,Ipswich,IP4 5AB,1420000
3 Bedroom Bungalow London,168 Springfield Road,London,E9 6AB,880000
3 Bedroom Bungalow Norwich,160 Station Road,Norwich,NR3 1AB,1365000
6 Bedroom Cottage Ipswich,103 Victoria Road,Ipswich,IP6 9AB,565000
6 Bedroom Apartment Cambridge,60 Queen Street,Cambridge,CB8 5AB,1230000
3 Bedroom Bungalow Cambridge,55 High Street,Cambridge,CB2 7AB,860000
2 Bedroom Cottage London,214 Queen Street,London,E6 3AB,390000
2 Bedroom Bungalow Norwich,244 Queen Street,Norwich,NR5 7AB,340000
5 Bedroom Bungalow London,60 Mill Lane,London,E8 7AB,1200000
5 Bedroom House Chelmsford,243 London Road,Chelmsford,CM9 8AB,1390000
1 Bedroom Cottage Cambridge,13 Church Road,Cambridge,CB6 4AB,485000
3 Bedroom House Cambridge,274 Park Road,Cambridge,CB6 8AB,1070000
6 Bedroom Apartment Cambridge,49 Victoria Road,Cambridge,CB2 9AB,560000
4 Bedroom Cottage Colchester,70 High Street,Colchester,CO8 1AB,995000
3 Bedroom House Colchester,256 Springfield Road,Colchester,CO4 2AB,735000
3 Bedroom House Ipswich,299 London Road,Ipswich,IP7 7AB,375000
6 Bedroom Cottage Colchester,236 Queen Street,Colchester,CO3 9AB,660000
2 Bedroom Apartment London,202 London Road,London,E3 5AB,530000
2 Bedroom Cottage Ipswich,89 Park Road,Ipswich,IP2 9AB,885000
1 Bedroom Apartment Ipswich,108 Church Road,Ipswich,IP8 8AB,1435000
1 Bedroom Bungalow Chelmsford,218 Church Road,Chelmsford,CM6 7AB,1295000
1 Bedroom Cottage Chelmsford,173 Church Road,Chelmsford,CM6 8AB,1335000
5 Bedroom Bungalow Colchester,72 Springfield Road,Colchester,CO5 1AB,810000
6 Bedroom Apartment London,182 London Road,London,E4 2AB,405000
5 Bedroom Bungalow Ipswich,130 King Street,Ipswich,IP4 5AB,980000
4 Bedroom Bungalow Colchester,40 Church Road,Colchester,CO9 8AB,1275000
6 Bedroom Bungalow Cambridge,126 Queen Street,Cambridge,CB1 7AB,1405000
3 Bedroom Cottage Chelmsford,209 High Street,Chelmsford,CM8 6AB,615000
6 Bedroom Bungalow Chelmsford,257 London Road,Chelmsford,CM1 1AB,515000
4 Bedroom Cottage Colchester,6 Church Road,Colchester,CO2 6AB,975000
3 Bedroom Bungalow Ipswich,184 High Street,Ipswich,IP5 4AB,1260000
2 Bedroom House Colchester,151 King Street,Colchester,CO3 5AB,370000
6 Bedroom Apartment Colchester,276 High Street,Colchester,CO2 9AB,1235000
4 Bedroom Bungalow Chelmsford,43 London Road,Chelmsford,CM9 3AB,565000
3 Bedroom House Cambridge,217 Station Road,Cambridge,CB6 4AB,200000
2 Bedroom Bungalow London,274 Park Road,London,E2 9AB,380000
6 Bedroom Cottage Ipswich,136 London Road,Ipswich,IP7 4AB,1060000
6 Bedroom Bungalow Cambridge,231 Church Road,Cambridge,CB4 2AB,210000
4 Bedroom Bungalow Colchester,97 Queen Street,Colchester,CO5 7AB,1490000
1 Bedroom Apartment Colchester,238 Park Road,Colchester,CO7 2AB,280000
2 Bedroom Cottage Chelmsford,219 King Street,Chelmsford,CM7 2AB,1105000
5 Bedroom House London,156 London Road,London,E5 3AB,295000
6 Bedroom Cottage Colchester,171 King Street,Colchester,CO2 2AB,860000
5 Bedroom Cottage Cambridge,262 Park Road,Cambridge,CB4 7AB,1370000
1 Bedroom Bungalow Ipswich,187 Park Road,Ipswich,IP6 8AB,1495000
1 Bedroom Apartment Cambridge,79 Park Road,Cambridge,CB7 6AB,1005000
5 Bedroom House Colchester,152 Victoria Road,Colchester,CO1 9AB,605000
5 Bedroom Bungalow Chelmsford,191 Park Road,Chelmsford,CM3 5AB,1440000
5 Bedroom Bungalow Ipswich,7 High Street,Ipswich,IP1 8AB,650000
3 Bedroom Cottage London,112 Station Road,London,E5 8AB,830000
6 Bedroom Cottage London,137 Station Road,London,E6 1AB,1290000
5 Bedroom Cottage Norwich,39 King Street,Norwich,NR2 1AB,755000
5 Bedroom Cottage Norwich,127 Church Road,Norwich,NR7 6AB,355000
3 Bedroom House Colchester,195 Queen Street,Colchester,CO8 4AB,945000
2 Bedroom House Norwich,58 Park Road,Norwich,NR7 1AB,1285000
4 Bedroom Bungalow Norwich,83 London Road,Norwich,NR6 3AB,1435000
5 Bedroom Bungalow Chelmsford,103 London Road,Chelmsford,CM6 4AB,1220000
3 Bedroom Bungalow London,284 King Street,London,E9 9AB,465000
6 Bedroom House Norwich,195 Queen Street,Norwich,NR4 1AB,660000
1 Bedroom Apartment Cambridge,136 Station Road,Cambridge,CB3 5AB,375000
4 Bedroom Cottage Norwich,29 Park Road,Norwich,NR8 3AB,395000
1 Bedroom Cottage Ipswich,44 Station Road,Ipswich,IP8 7AB,520000
1 Bedroom Apartment Colchester,287 Mill Lane,Colchester,CO2 8AB,215000
1 Bedroom House Cambridge,250 Victoria Road,Cambridge,CB2 7AB,1320000
6 Bedroom House London,290 Mill Lane,London,E5 9AB,865000
6 Bedroom House Norwich,200 Victoria Road,Norwich,NR8 9AB,345000
1 Bedroom Bungalow Norwich,181 Victoria Road,Norwich,NR9 1AB,775000
2 Bedroom House Chelmsford,143 Church Road,Chelmsford,CM7 9AB,430000
2 Bedroom Apartment Ipswich,244 Springfield Road,Ipswich,IP8 7AB,1425000
2 Bedroom Bungalow London,234 Church Road,London,E5 9AB,165000
6 Bedroom Bungalow Ipswich,32 Queen Street,Ipswich,IP4 5AB,300000
6 Bedroom House Norwich,1 Mill Lane,Norwich,NR9 9AB,975000
3 Bedroom Bungalow London,226 Springfield Road,London,E3 2AB,330000
5 Bedroom Bungalow Cambridge,164 Victoria Road,Cambridge,CB2 5AB,430000
1 Bedroom Apartment Chelmsford,30 Victoria Road,Chelmsford,CM6 5AB,525000
6 Bedroom Cottage Chelmsford,150 Park Road,Chelmsford,CM9 9AB,355000
1 Bedroom Bungalow London,200 Springfield Road,London,E4 6AB,520000
1 Bedroom Bungalow Colchester,91 Park Road,Colchester,CO2 7AB,520000
5 Bedroom Bungalow Norwich,241 Station Road,Norwich,NR8 7AB,150000
1 Bedroom Bungalow Ipswich,206 Mill Lane,Ipswich,IP1 2AB,530000
5 Bedroom Cottage Chelmsford,52 Queen Street,Chelmsford,CM6 5AB,1440000
2 Bedroom Cottage Chelmsford,14 Mill Lane,Chelmsford,CM2 6AB,815000
1 Bedroom House Norwich,45 Park Road,Norwich,NR2 2AB,1450000
5 Bedroom Cottage Colchester,192 Springfield Road,Colchester,CO8 1AB,715000
2 Bedroom Cottage London,56 Victoria Road,London,E1 7AB,1315000
3 Bedroom Apartment Colchester,288 Mill Lane,Colchester,CO4 6AB,1165000
6 Bedroom Cottage Ipswich,288 Station Road,Ipswich,IP4 7AB,730000
5 Bedroom Bungalow Ipswich,133 Church Road,Ipswich,IP1 2AB,705000
6 Bedroom Cottage Cambridge,283 Queen Street,Cambridge,CB1 2AB,1420000
1 Bedroom Apartment Ipswich,202 Station Road,Ipswich,IP2 8AB,1440000
1 Bedroom Cottage Ipswich,190 Mill Lane,Ipswich,IP5 2AB,1150000
6 Bedroom Cottage Chelmsford,80 High Street,Chelmsford,CM7 9AB,700000
4 Bedroom House Colchester,161 Mill Lane,Colchester,CO4 3AB,330000
5 Bedroom House Ipswich,264 London Road,Ipswich,IP3 4AB,895000
3 Bedroom House Cambridge,234 King Street,Cambridge,CB5 7AB,1450000
6 Bedroom House London,166 King Street,London,E5 5AB,1280000
1 Bedroom Cottage Ipswich,232 Mill Lane,Ipswich,IP8 6AB,500000
1 Bedroom Cottage Colchester,221 High Street,Colchester,CO3 6AB,380000
1 Bedroom Bungalow Norwich,205 Church Road,Norwich,NR3 3AB,1365000
4 Bedroom Apartment Ipswich,119 Queen Street,Ipswich,IP7 1AB,370000
1 Bedroom Bungalow Chelmsford,133 High Street,Chelmsford,CM2 3AB,410000
6 Bedroom Apartment Norwich,96 Station Road,Norwich,NR7 4AB,1370000
4 Bedroom Bungalow London,80 Queen Street,London,E8 6AB,1350000
2 Bedroom House Norwich,201 London Road,Norwich,NR5 5AB,270000
1 Bedroom Bungalow Cambridge,105 London Road,Cambridge,CB1 7AB,605000
2 Bedroom Cottage Colchester,71 Park Road,Colchester,CO7 4AB,525000
4 Bedroom Cottage Colchester,186 High Street,Colchester,CO4 6AB,525000
6 Bedroom Apartment Ipswich,174 Queen Street,Ipswich,IP3 2AB,1135000
3 Bedroom Cottage Ipswich,207 Victoria Road,Ipswich,IP9 5AB,735000
4 Bedroom Cottage Ipswich,213 Station Road,Ipswich,IP1 7AB,1230000
1 Bedroom House Ipswich,1 London Road,Ipswich,IP6 7AB,495000
5 Bedroom House Colchester,190 Mill Lane,Colchester,CO9 3AB,1150000
2 Bedroom Bungalow Cambridge,295 High Street,Cambridge,CB7 6AB,1105000
6 Bedroom Apartment Norwich,264 Queen Street,Norwich,NR8 5AB,830000
1 Bedroom Apartment Chelmsford,121 Church Road,Chelmsford,CM2 9AB,930000
2 Bedroom House Cambridge,217 Mill Lane,Cambridge,CB6 6AB,905000
5 Bedroom House Ipswich,126 Queen Street,Ipswich,IP7 3AB,150000
5 Bedroom House Norwich,213 Queen Street,Norwich,NR3 4AB,1165000
5 Bedroom Apartment Colchester,198 Queen Street,Colchester,CO3 4AB,1065000
3 Bedroom Cottage Norwich,109 Queen Street,Norwich,NR5 2AB,725000
6 Bedroom Apartment Norwich,98 London Road,Norwich,NR7 6AB,295000
4 Bedroom Bungalow Ipswich,225 London Road,Ipswich,IP6 5AB,595000
6 Bedroom House London,287 Victoria Road,London,E5 7AB,625000
4 Bedroom House Chelmsford,21 Queen Street,Chelmsford,CM9 6AB,1085000
5 Bedroom Bungalow London,162 Springfield Road,London,E1 9AB,165000
6 Bedroom Apartment Cambridge,300 High Street,Cambridge,CB1 3AB,425000
4 Bedroom Cottage London,32 London Road,London,E5 7AB,205000
4 Bedroom Cottage London,97 High Street,London,E3 6AB,1100000
3 Bedroom House London,97 Church Road,London,E1 7AB,915000
5 Bedroom Bungalow Chelmsford,243 Church Road,Chelmsford,CM6 2AB,985000
1 Bedroom Bungalow Cambridge,6 Church Road,Cambridge,CB5 5AB,1090000
6 Bedroom Cottage Ipswich,180 Station Road,Ipswich,IP6 5AB,475000
1 Bedroom Cottage Colchester,83 High Street,Colchester,CO8 9AB,490000
6 Bedroom Bungalow Colchester,220 Station Road,Colchester,CO6 7AB,1220000
5 Bedroom Apartment Colchester,240 Mill Lane,Colchester,CO3 6AB,315000
3 Bedroom Cottage London,38 Victoria Road,London,E4 1AB,1390000
3 Bedroom Bungalow London,28 High Street,London,E7 8AB,340000
5 Bedroom House Cambridge,55 King Street,Cambridge,CB3 9AB,1115000
5 Bedroom Bungalow Ipswich,221 Station Road,Ipswich,IP3 2AB,915000
2 Bedroom Cottage Cambridge,20 Mill Lane,Cambridge,CB1 3AB,1285000
1 Bedroom Bungalow Ipswich,54 Station Road,Ipswich,IP2 1AB,1285000
4 Bedroom House Norwich,244 King Street,Norwich,NR5 1AB,350000
3 Bedroom Bungalow Cambridge,144 High Street,Cambridge,CB2 2AB,1235000
4 Bedroom Cottage Ipswich,186 Station Road,Ipswich,IP1 2AB,1335000
5 Bedroom Bungalow Ipswich,166 Station Road,Ipswich,IP2 2AB,180000
6 Bedroom Cottage Ipswich,169 Victoria Road,Ipswich,IP7 6AB,330000
3 Bedroom Apartment Colchester,142 Mill Lane,Colchester,CO8 9AB,435000
6 Bedroom Cottage Chelmsford,272 High Street,Chelmsford,CM7 8AB,1020000
2 Bedroom Bungalow Cambridge,142 Station Road,Cambridge,CB1 5AB,945000
2 Bedroom Apartment Colchester,271 Springfield Road,Colchester,CO8 4AB,920000
1 Bedroom Bungalow Norwich,167 Queen Street,Norwich,NR1 1AB,535000
4 Bedroom Bungalow Norwich,118 King Street,Norwich,NR9 3AB,1060000
2 Bedroom Cottage Norwich,104 Springfield Road,Norwich,NR1 9AB,330000
6 Bedroom Cottage Ipswich,18 Park Road,Ipswich,IP6 9AB,1345000
4 Bedroom Bungalow Cambridge,172 Church Road,Cambridge,CB6 3AB,730000
1 Bedroom Apartment Colchester,75 Mill Lane,Colchester,CO3 1AB,240000
6 Bedroom Cottage London,28 High Street,London,E1 5AB,1135000
3 Bedroom Cottage Ipswich,94 Park Road,Ipswich,IP4 4AB,830000
6 Bedroom Apartment Ipswich,253 Park Road,Ipswich,IP4 2AB,445000
3 Bedroom Apartment Cambridge,5 Victoria Road,Cambridge,CB3 4AB,540000
5 Bedroom Cottage Chelmsford,105 High Street,Chelmsford,CM1 7AB,580000
5 Bedroom Apartment London,300 Springfield Road,London,E8 4AB,1135000
6 Bedroom Apartment Colchester,207 Park Road,Colchester,CO7 7AB,1005000
1 Bedroom Apartment Colchester,197 Station Road,Colchester,CO7 6AB,790000
6 Bedroom Bungalow London,232 Mill Lane,London,E8 7AB,1385000
5 Bedroom Bungalow Cambridge,52 Springfield Road,Cambridge,CB1 5AB,445000
1 Bedroom Cottage Ipswich,62 Queen Street,Ipswich,IP3 8AB,545000
4 Bedroom Cottage Chelmsford,191 Mill Lane,Chelmsford,CM5 3AB,1420000
5 Bedroom Apartment London,221 Mill Lane,London,E3 9AB,1370000
2 Bedroom House London,236 Station Road,London,E6 5AB,565000
4 Bedroom Apartment Ipswich,108 King Street,Ipswich,IP8 4AB,1010000
1 Bedroom Cottage Norwich,167 King Street,Norwich,NR9 7AB,410000
5 Bedroom Bungalow Ipswich,292 Church Road,Ipswich,IP8 9AB,505000
4 Bedroom Cottage Colchester,264 Mill Lane,Colchester,CO8 8AB,320000
6 Bedroom Bungalow Norwich,15 Church Road,Norwich,NR9 8AB,1325000
6 Bedroom Apartment London,18 Victoria Road,London,E8 8AB,595000
2 Bedroom Cottage Ipswich,217 Station Road,Ipswich,IP9 7AB,805000
6 Bedroom Apartment London,156 King Street,London,E1 2AB,1145000
6 Bedroom Cottage Colchester,65 Station Road,Colchester,CO4 4AB,705000
2 Bedroom House London,223 London Road,London,E8 2AB,660000
5 Bedroom Bungalow Cambridge,76 Park Road,Cambridge,CB9 4AB,1010000
4 Bedroom Apartment Colchester,78 Station Road,Colchester,CO6 4AB,920000
6 Bedroom Bungalow Colchester,249 Church Road,Colchester,CO7 5AB,330000
3 Bedroom Cottage Chelmsford,162 King Street,Chelmsford,CM4 2AB,1205000
6 Bedroom Apartment London,6 Station Road,London,E3 7AB,175000
1 Bedroom House London,14 Springfield Road,London,E8 8AB,490000
4 Bedroom House Ipswich,173 Springfield Road,Ipswich,IP2 5AB,435000
6 Bedroom House Cambridge,154 Mill Lane,Cambridge,CB8 8AB,1165000
5 Bedroom Apartment Cambridge,43 Church Road,Cambridge,CB3 5AB,1460000
6 Bedroom Cottage Colchester,253 Park Road,Colchester,CO5 1AB,240000
6 Bedroom Bungalow Cambridge,63 Park Road,Cambridge,CB5 9AB,525000
2 Bedroom Cottage Chelmsford,182 Mill Lane,Chelmsford,CM7 9AB,500000
4 Bedroom House London,164 Station Road,London,E1 6AB,945000
5 Bedroom Cottage Colchester,17 King Street,Colchester,CO1 6AB,735000
3 Bedroom Bungalow Cambridge,276 Victoria Road,Cambridge,CB9 9AB,535000
5 Bedroom Apartment Norwich,11 King Street,Norwich,NR3 4AB,1270000
1 Bedroom Cottage Chelmsford,156 Church Road,Chelmsford,CM7 4AB,1385000
6 Bedroom Apartment Colchester,195 Church Road,Colchester,CO1 6AB,1155000
6 Bedroom Bungalow London,298 Springfield Road,London,E1 7AB,605000
5 Bedroom Apartment Colchester,205 Queen Street,Colchester,CO1 5AB,1475000
1 Bedroom House London,296 Station Road,London,E6 6AB,840000
3 Bedroom Cottage Norwich,133 London Road,Norwich,NR4 3AB,900000
6 Bedroom Apartment Chelmsford,185 Mill Lane,Chelmsford,CM8 1AB,765000
6 Bedroom Cottage Cambridge,162 London Road,Cambridge,CB1 8AB,845000
1 Bedroom Bungalow Norwich,288 Station Road,Norwich,NR3 3AB,1320000
2 Bedroom Bungalow London,97 Springfield Road,London,E1 3AB,1445000
5 Bedroom Bungalow Chelmsford,299 High Street,Chelmsford,CM8 6AB,1340000
2 Bedroom Cottage Cambridge,152 Station Road,Cambridge,CB6 8AB,1195000
3 Bedroom Bungalow Colchester,292 Victoria Road,Colchester,CO3 1AB,1410000
5 Bedroom House Norwich,3 King Street,Norwich,NR6 5AB,265000
4 Bedroom House Ipswich,298 Victoria Road,Ipswich,IP5 8AB,695000
6 Bedroom Cottage Chelmsford,206 Church Road,Chelmsford,CM6 4AB,195000
1 Bedroom House Norwich,231 Station Road,Norwich,NR3 2AB,1480000
6 Bedroom Cottage Colchester,141 London Road,Colchester,CO1 9AB,1250000
1 Bedroom House Chelmsford,86 Mill Lane,Chelmsford,CM5 2AB,1090000
4 Bedroom House Chelmsford,185 Church Road,Chelmsford,CM7 1AB,1265000
2 Bedroom Cottage Ipswich,300 Park Road,Ipswich,IP8 8AB,875000
4 Bedroom Cottage Cambridge,148 Park Road,Cambridge,CB9 9AB,845000
3 Bedroom Bungalow Colchester,297 Springfield Road,Colchester,CO2 3AB,185000
1 Bedroom Apartment Cambridge,15 Church Road,Cambridge,CB3 2AB,355000
1 Bedroom Bungalow Chelmsford,282 Station Road,Chelmsford,CM6 8AB,1230000
5 Bedroom House Cambridge,115 Springfield Road,Cambridge,CB4 9AB,1165000
2 Bedroom Cottage Colchester,22 Springfield Road,Colchester,CO7 7AB,835000
2 Bedroom House Ipswich,206 High Street,Ipswich,IP5 3AB,260000
6 Bedroom Apartment Chelmsford,242 King Street,Chelmsford,CM1 6AB,1420000
3 Bedroom Cottage Chelmsford,90 King Street,Chelmsford,CM7 3AB,1365000
1 Bedroom Bungalow London,127 High Street,London,E8 6AB,940000
1 Bedroom Bungalow Cambridge,266 Church Road,Cambridge,CB1 6AB,175000
4 Bedroom Bungalow Ipswich,174 King Street,Ipswich,IP1 6AB,1300000
4 Bedroom Bungalow Chelmsford,134 Mill Lane,Chelmsford,CM6 7AB,1460000
6 Bedroom Apartment Norwich,259 Springfield Road,Norwich,NR7 8AB,1035000
2 Bedroom Bungalow Cambridge,24 High Street,Cambridge,CB2 4AB,230000
2 Bedroom Apartment Ipswich,20 Springfield Road,Ipswich,IP8 9AB,1120000
4 Bedroom Cottage London,159 Station Road,London,E4 9AB,350000
6 Bedroom Cottage Colchester,257 Church Road,Colchester,CO8 8AB,205000
3 Bedroom Apartment Colchester,231 Mill Lane,Colchester,CO6 9AB,1275000
5 Bedroom Apartment Ipswich,15 Church Road,Ipswich,IP7 2AB,590000
4 Bedroom House Ipswich,35 Park Road,Ipswich,IP2 2AB,1055000
2 Bedroom House Cambridge,19 Mill Lane,Cambridge,CB8 9AB,200000
2 Bedroom Cottage Cambridge,153 Queen Street,Cambridge,CB1 8AB,835000
5 Bedroom House London,172 Mill Lane,London,E3 8AB,475000
6 Bedroom Apartment London,191 King Street,London,E1 7AB,345000
5 Bedroom Cottage Norwich,123 High Street,Norwich,NR1 4AB,1295000
3 Bedroom Bungalow London,217 Victoria Road,London,E3 2AB,1045000
2 Bedroom Apartment London,85 High Street,London,E7 7AB,735000
2 Bedroom Apartment London,228 Queen Street,London,E2 5AB,700000
3 Bedroom Bungalow London,254 Mill Lane,London,E8 4AB,1450000
5 Bedroom Bungalow Ipswich,61 Springfield Road,Ipswich,IP3 2AB,1095000
3 Bedroom Apartment Chelmsford,115 Mill Lane,Chelmsford,CM9 6AB,835000
1 Bedroom House Chelmsford,67 Station Road,Chelmsford,CM3 4AB,1350000
4 Bedroom Apartment Ipswich,22 Mill Lane,Ipswich,IP2 8AB,250000
5 Bedroom Bungalow Cambridge,74 Springfield Road,Cambridge,CB8 1AB,740000
1 Bedroom Apartment Colchester,69 London Road,Colchester,CO4 2AB,505000
4 Bedroom Bungalow Ipswich,180 London Road,Ipswich,IP4 3AB,750000
6 Bedroom Apartment Colchester,271 Mill Lane,Colchester,CO9 1AB,1350000
1 Bedroom Cottage Cambridge,159 Mill Lane,Cambridge,CB4 8AB,665000
2 Bedroom Apartment Norwich,201 High Street,Norwich,NR1 5AB,1080000
2 Bedroom Bungalow Ipswich,93 King Street,Ipswich,IP8 7AB,1135000
6 Bedroom House Colchester,119 Springfield Road,Colchester,CO8 6AB,585000
3 Bedroom Apartment Norwich,165 Mill Lane,Norwich,NR6 8AB,770000
2 Bedroom House Norwich,79 Victoria Road,Norwich,NR1 9AB,265000
4 Bedroom House London,196 Station Road,London,E6 8AB,1445000
1 Bedroom Apartment Chelmsford,220 Springfield Road,Chelmsford,CM4 5AB,1445000
2 Bedroom Cottage London,83 Queen Street,London,E9 4AB,335000
5 Bedroom House Chelmsford,274 Springfield Road,Chelmsford,CM8 6AB,305000
5 Bedroom Cottage Norwich,204 Station Road,Norwich,NR3 8AB,925000
2 Bedroom Apartment Chelmsford,121 Mill Lane,Chelmsford,CM1 9AB,1480000
5 Bedroom Bungalow London,62 Station Road,London,E8 6AB,1105000
6 Bedroom House Ipswich,134 Park Road,Ipswich,IP8 1AB,690000
6 Bedroom Bungalow Chelmsford,75 London Road,Chelmsford,CM2 8AB,150000
5 Bedroom House London,296 Springfield Road,London,E8 1AB,830000
4 Bedroom House Norwich,238 King Street,Norwich,NR5 2AB,895000
2 Bedroom House London,90 London Road,London,E5 3AB,335000
1 Bedroom Apartment Chelmsford,67 London Road,Chelmsford,CM7 2AB,1115000
1 Bedroom Cottage Norwich,94 Queen Street,Norwich,NR3 9AB,1460000
6 Bedroom Bungalow Ipswich,178 High Street,Ipswich,IP5 8AB,520000
5 Bedroom Bungalow London,216 Mill Lane,London,E7 2AB,255000
1 Bedroom House Chelmsford,177 Church Road,Chelmsford,CM7 1AB,235000
1 Bedroom Cottage Chelmsford,131 King Street,Chelmsford,CM7 5AB,210000
6 Bedroom House Ipswich,102 Queen Street,Ipswich,IP1 4AB,850000
1 Bedroom Cottage Ipswich,237 London Road,Ipswich,IP7 6AB,170000
2 Bedroom Cottage Colchester,125 Mill Lane,Colchester,CO1 2AB,1190000
6 Bedroom Bungalow Cambridge,173 Church Road,Cambridge,CB1 7AB,1010000
5 Bedroom Bungalow London,25 High Street,London,E6 3AB,640000
6 Bedroom House Ipswich,70 Springfield Road,Ipswich,IP2 9AB,870000
3 Bedroom Apartment Chelmsford,172 Station Road,Chelmsford,CM9 7AB,1395000
6 Bedroom Apartment Colchester,217 Station Road,Colchester,CO8 9AB,335000
5 Bedroom Bungalow London,212 Victoria Road,London,E4 3AB,1075000
6 Bedroom Apartment Chelmsford,125 King Street,Chelmsford,CM2 8AB,355000
2 Bedroom Bungalow Cambridge,57 Mill Lane,Cambridge,CB4 4AB,565000
2 Bedroom Apartment London,78 King Street,London,E5 8AB,295000
6 Bedroom House Cambridge,169 Queen Street,Cambridge,CB2 9AB,915000
6 Bedroom Apartment Cambridge,132 Church Road,Cambridge,CB1 9AB,235000
3 Bedroom Apartment Chelmsford,97 Springfield Road,Chelmsford,CM1 9AB,1035000
5 Bedroom House Ipswich,231 Church Road,Ipswich,IP4 5AB,275000
5 Bedroom House Chelmsford,30 Church Road,Chelmsford,CM6 8AB,1375000
6 Bedroom Cottage Ipswich,221 Queen Street,Ipswich,IP3 6AB,820000
6 Bedroom Bungalow Norwich,61 Queen Street,Norwich,NR1 7AB,1000000
4 Bedroom House Ipswich,165 London Road,Ipswich,IP4 3AB,945000
2 Bedroom Bungalow Cambridge,142 Park Road,Cambridge,CB4 5AB,610000
4 Bedroom Cottage London,192 King Street,London,E5 8AB,480000
6 Bedroom Apartment Norwich,183 Park Road,Norwich,NR4 8AB,1140000
4 Bedroom Bungalow Chelmsford,106 London Road,Chelmsford,CM6 2AB,810000
6 Bedroom Bungalow London,59 London Road,London,E5 2AB,435000
4 Bedroom Apartment Colchester,212 London Road,Colchester,CO6 3AB,995000
2 Bedroom Apartment Chelmsford,35 Church Road,Chelmsford,CM3 4AB,1270000
1 Bedroom House Norwich,99 High Street,Norwich,NR8 9AB,265000
6 Bedroom Apartment Colchester,148 Victoria Road,Colchester,CO8 9AB,975000
4 Bedroom Cottage Ipswich,187 Queen Street,Ipswich,IP3 7AB,955000
2 Bedroom Bungalow Chelmsford,172 Park Road,Chelmsford,CM9 2AB,1195000
5 Bedroom Bungalow Colchester,84 London Road,Colchester,CO9 7AB,1155000
1 Bedroom Bungalow Chelmsford,83 Mill Lane,Chelmsford,CM2 1AB,240000
2 Bedroom Apartment Chelmsford,78 Victoria Road,Chelmsford,CM2 3AB,1245000
5 Bedroom Apartment Cambridge,41 High Street,Cambridge,CB4 7AB,800000
4 Bedroom Bungalow Cambridge,4 Springfield Road,Cambridge,CB3 3AB,1020000
1 Bedroom House Ipswich,284 Victoria Road,Ipswich,IP8 7AB,1375000
1 Bedroom Cottage Norwich,244 Springfield Road,Norwich,NR6 8AB,450000
6 Bedroom House Chelmsford,61 Park Road,Chelmsford,CM2 8AB,355000
6 Bedroom Apartment Norwich,138 Mill Lane,Norwich,NR5 3AB,1240000
3 Bedroom Cottage Norwich,62 Victoria Road,Norwich,NR8 6AB,1035000
4 Bedroom House Colchester,125 King Street,Colchester,CO3 4AB,1050000
5 Bedroom Bungalow Cambridge,231 Station Road,Cambridge,CB1 7AB,1175000
5 Bedroom Bungalow Cambridge,184 Mill Lane,Cambridge,CB9 4AB,270000
5 Bedroom House Cambridge,29 London Road,Cambridge,CB5 4AB,1000000
4 Bedroom Cottage Cambridge,124 Park Road,Cambridge,CB5 9AB,1365000
2 Bedroom Cottage Chelmsford,50 Victoria Road,Chelmsford,CM9 2AB,580000
2 Bedroom Apartment Ipswich,68 Park Road,Ipswich,IP8 3AB,450000
3 Bedroom House Colchester,114 High Street,Colchester,CO1 8AB,265000
5 Bedroom Bungalow Colchester,94 King Street,Colchester,CO1 9AB,300000
6 Bedroom Cottage London,40 Church Road,London,E1 7AB,685000
4 Bedroom Cottage Ipswich,77 High Street,Ipswich,IP5 1AB,945000
6 Bedroom Bungalow Ipswich,49 Station Road,Ipswich,IP6 4AB,315000
4 Bedroom House Cambridge,189 London Road,Cambridge,CB7 3AB,660000
5 Bedroom Cottage Colchester,175 London Road,Colchester,CO5 4AB,1365000
1 Bedroom Cottage Ipswich,189 Queen Street,Ipswich,IP5 8AB,680000
6 Bedroom Apartment Cambridge,246 Victoria Road,Cambridge,CB6 7AB,975000
1 Bedroom House London,167 Park Road,London,E1 3AB,915000
6 Bedroom House Ipswich,69 Station Road,Ipswich,IP7 8AB,1105000
1 Bedroom Cottage Colchester,223 Park Road,Colchester,CO9 4AB,735000
4 Bedroom Bungalow London,56 Park Road,London,E3 9AB,750000
3 Bedroom House Cambridge,43 Victoria Road,Cambridge,CB6 5AB,1095000
3 Bedroom Bungalow Cambridge,249 Victoria Road,Cambridge,CB8 6AB,1475000
1 Bedroom Cottage London,263 Mill Lane,London,E2 6AB,690000
6 Bedroom Apartment Ipswich,189 Station Road,Ipswich,IP4 3AB,760000
1 Bedroom Bungalow Chelmsford,64 Queen Street,Chelmsford,CM7 4AB,1280000
5 Bedroom Apartment Chelmsford,221 King Street,Chelmsford,CM8 5AB,850000
5 Bedroom Apartment Norwich,63 Station Road,Norwich,NR4 4AB,1255000
2 Bedroom House Colchester,282 Church Road,Colchester,CO1 4AB,230000
4 Bedroom Cottage Ipswich,296 Park Road,Ipswich,IP2 3AB,1210000
5 Bedroom Apartment Cambridge,53 London Road,Cambridge,CB5 8AB,795000
4 Bedroom House Chelmsford,53 Church Road,Chelmsford,CM4 2AB,590000
6 Bedroom Cottage Norwich,186 Springfield Road,Norwich,NR5 2AB,905000
6 Bedroom Apartment Chelmsford,221 King Street,Chelmsford,CM8 6AB,1300000
1 Bedroom Apartment London,182 London Road,London,E4 4AB,1180000
3 Bedroom Bungalow Ipswich,68 Station Road,Ipswich,IP8 5AB,1085000
5 Bedroom House London,243 Queen Street,London,E2 8AB,725000
1 Bedroom House Norwich,161 King Street,Norwich,NR5 1AB,755000
2 Bedroom Bungalow Ipswich,195 High Street,Ipswich,IP5 7AB,970000
2 Bedroom Cottage Chelmsford,178 King Street,Chelmsford,CM4 7AB,920000
4 Bedroom Cottage Norwich,97 Queen Street,Norwich,NR4 9AB,1255000
2 Bedroom Apartment London,200 King Street,London,E2 7AB,1415000
4 Bedroom Cottage Colchester,282 Victoria Road,Colchester,CO5 5AB,1465000
3 Bedroom Bungalow Ipswich,20 Church Road,Ipswich,IP1 7AB,980000
1 Bedroom Bungalow Norwich,153 London Road,Norwich,NR9 7AB,1155000
1 Bedroom Apartment Colchester,260 Church Road,Colchester,CO3 3AB,1035000
6 Bedroom Cottage Colchester,57 Victoria Road,Colchester,CO3 2AB,1275000
6 Bedroom Apartment Cambridge,18 Springfield Road,Cambridge,CB9 7AB,300000
5 Bedroom House Norwich,264 High Street,Norwich,NR6 4AB,1375000
6 Bedroom House Chelmsford,131 Springfield Road,Chelmsford,CM3 8AB,1145000
2 Bedroom Bungalow Norwich,193 Church Road,Norwich,NR9 5AB,695000
5 Bedroom Cottage Colchester,177 Station Road,Colchester,CO3 1AB,1490000
1 Bedroom Cottage Ipswich,300 Victoria Road,Ipswich,IP3 8AB,855000
4 Bedroom Cottage Chelmsford,166 Church Road,Chelmsford,CM2 7AB,315000
3 Bedroom Bungalow Colchester,3 Mill Lane,Colchester,CO6 7AB,370000
4 Bedroom House Chelmsford,248 High Street,Chelmsford,CM4 4AB,1490000
3 Bedroom House Colchester,89 High Street,Colchester,CO5 7AB,1355000
4 Bedroom Bungalow London,91 Mill Lane,London,E4 5AB,865000
5 Bedroom Cottage London,253 London Road,London,E5 2AB,725000
5 Bedroom Cottage Norwich,197 London Road,Norwich,NR8 6AB,1035000
3 Bedroom Bungalow Chelmsford,151 Springfield Road,Chelmsford,CM2 3AB,1100000
5 Bedroom House Chelmsford,186 King Street,Chelmsford,CM4 7AB,885000
1 Bedroom House Norwich,12 London Road,Norwich,NR4 6AB,665000
5 Bedroom House Chelmsford,161 High Street,Chelmsford,CM6 2AB,465000
6 Bedroom Apartment Ipswich,196 Park Road,Ipswich,IP4 4AB,785000
2 Bedroom Cottage Colchester,41 Springfield Road,Colchester,CO4 6AB,1125000
2 Bedroom Cottage Chelmsford,186 Mill Lane,Chelmsford,CM3 6AB,760000
6 Bedroom House Norwich,285 Park Road,Norwich,NR8 7AB,835000
2 Bedroom Apartment Colchester,94 Station Road,Colchester,CO3 5AB,1345000
5 Bedroom House London,199 Station Road,London,E2 3AB,155000
3 Bedroom Cottage Cambridge,234 Park Road,Cambridge,CB1 4AB,680000
2 Bedroom House Ipswich,260 Queen Street,Ipswich,IP3 5AB,1485000
1 Bedroom House Ipswich,237 London Road,Ipswich,IP6 5AB,665000
2 Bedroom Bungalow Colchester,261 London Road,Colchester,CO9 6AB,640000
4 Bedroom Apartment Ipswich,288 King Street,Ipswich,IP1 2AB,1280000
5 Bedroom Cottage London,209 Springfield Road,London,E5 2AB,1030000
3 Bedroom Bungalow Cambridge,93 Church Road,Cambridge,CB4 3AB,665000
5 Bedroom House Chelmsford,77 Victoria Road,Chelmsford,CM9 7AB,965000
3 Bedroom Bungalow London,119 Victoria Road,London,E8 8AB,775000
2 Bedroom Apartment Ipswich,130 High Street,Ipswich,IP6 4AB,490000
4 Bedroom Cottage London,295 Church Road,London,E3 6AB,995000
1 Bedroom Apartment Ipswich,34 Springfield Road,Ipswich,IP8 9AB,210000
2 Bedroom Apartment London,118 High Street,London,E9 7AB,1065000
6 Bedroom Cottage Chelmsford,162 Springfield Road,Chelmsford,CM9 8AB,1330000
3 Bedroom Bungalow Cambridge,95 Mill Lane,Cambridge,CB3 3AB,585000
2 Bedroom Bungalow Colchester,3 Church Road,Colchester,CO1 4AB,540000
6 Bedroom Apartment London,169 Church Road,London,E5 8AB,1145000
2 Bedroom Apartment Cambridge,51 King Street,Cambridge,CB4 7AB,885000
4 Bedroom Apartment Ipswich,288 Queen Street,Ipswich,IP6 9AB,1215000
4 Bedroom House Norwich,54 Park Road,Norwich,NR5 9AB,1345000
2 Bedroom House Cambridge,61 Springfield Road,Cambridge,CB2 1AB,630000
6 Bedroom House Chelmsford,159 High Street,Chelmsford,CM9 8AB,1365000
5 Bedroom House Cambridge,104 Queen Street,Cambridge,CB4 4AB,210000
3 Bedroom Cottage Colchester,5 London Road,Colchester,CO1 3AB,270000
6 Bedroom Bungalow Ipswich,50 Station Road,Ipswich,IP9 3AB,295000
5 Bedroom Bungalow Ipswich,34 King Street,Ipswich,IP3 5AB,1175000
6 Bedroom House Cambridge,69 Springfield Road,Cambridge,CB5 2AB,760000
4 Bedroom Bungalow Cambridge,24 London Road,Cambridge,CB7 1AB,1475000
6 Bedroom House Ipswich,147 Queen Street,Ipswich,IP4 3AB,1105000
1 Bedroom Cottage Norwich,18 Park Road,Norwich,NR2 5AB,355000
2 Bedroom Apartment Colchester,243 Station Road,Colchester,CO6 3AB,1280000
1 Bedroom House Chelmsford,112 King Street,Chelmsford,CM7 9AB,1080000
4 Bedroom Cottage Cambridge,15 Queen Street,Cambridge,CB7 1AB,555000
5 Bedroom Cottage Norwich,210 Queen Street,Norwich,NR6 5AB,1235000
2 Bedroom Cottage Ipswich,99 Church Road,Ipswich,IP9 7AB,930000
2 Bedroom House Ipswich,183 Victoria Road,Ipswich,IP2 8AB,755000
1 Bedroom Bungalow Colchester,34 King Street,Colchester,CO2 2AB,185000
3 Bedroom House Ipswich,195 King Street,Ipswich,IP2 7AB,900000
2 Bedroom Bungalow Cambridge,283 Station Road,Cambridge,CB6 6AB,245000
4 Bedroom House Colchester,211 Victoria Road,Colchester,CO2 5AB,415000
1 Bedroom House Colchester,229 High Street,Colchester,CO5 1AB,1170000
2 Bedroom Apartment London,64 Station Road,London,E8 7AB,235000
2 Bedroom Cottage Colchester,226 Springfield Road,Colchester,CO3 2AB,645000
2 Bedroom House London,6 Mill Lane,London,E5 3AB,1250000
5 Bedroom Apartment Chelmsford,206 Victoria Road,Chelmsford,CM2 7AB,1355000
2 Bedroom Apartment Colchester,28 Queen Street,Colchester,CO3 5AB,535000
5 Bedroom Cottage Ipswich,13 Victoria Road,Ipswich,IP3 8AB,1115000
4 Bedroom House Colchester,230 Station Road,Colchester,CO1 5AB,420000
4 Bedroom House Ipswich,188 King Street,Ipswich,IP1 4AB,670000
4 Bedroom House London,19 Springfield Road,London,E1 7AB,885000
3 Bedroom Cottage Cambridge,175 High Street,Cambridge,CB8 6AB,885000
1 Bedroom House Cambridge,264 Victoria Road,Cambridge,CB8 5AB,705000
2 Bedroom Bungalow Colchester,144 Church Road,Colchester,CO2 7AB,705000
6 Bedroom House Colchester,211 Station Road,Colchester,CO4 3AB,1115000
2 Bedroom Bungalow London,127 Church Road,London,E6 9AB,885000
2 Bedroom Cottage Ipswich,179 King Street,Ipswich,IP3 1AB,1365000
5 Bedroom Cottage Chelmsford,3 Mill Lane,Chelmsford,CM6 9AB,460000
3 Bedroom House Ipswich,99 Queen Street,Ipswich,IP7 3AB,1040000
6 Bedroom House Colchester,204 Victoria Road,Colchester,CO4 1AB,1390000
2 Bedroom Bungalow London,145 Victoria Road,London,E9 1AB,715000
3 Bedroom Bungalow Norwich,31 London Road,Norwich,NR2 4AB,1405000
3 Bedroom Apartment Norwich,130 London Road,Norwich,NR2 7AB,1150000
3 Bedroom Cottage Colchester,159 Mill Lane,Colchester,CO3 8AB,1295000
2 Bedroom House Colchester,256 High Street,Colchester,CO6 6AB,385000
1 Bedroom Apartment Colchester,118 London Road,Colchester,CO4 2AB,1090000
4 Bedroom House Chelmsford,218 Mill Lane,Chelmsford,CM1 2AB,180000
4 Bedroom Apartment Ipswich,270 Mill Lane,Ipswich,IP2 2AB,400000
4 Bedroom Bungalow Ipswich,98 Queen Street,Ipswich,IP5 7AB,1380000
5 Bedroom Cottage Norwich,57 Victoria Road,Norwich,NR2 8AB,1105000
2 Bedroom Bungalow Chelmsford,4 Church Road,Chelmsford,CM2 1AB,805000
5 Bedroom House Norwich,19 Park Road,Norwich,NR5 6AB,1495000
6 Bedroom Cottage Chelmsford,300 Station Road,Chelmsford,CM5 3AB,550000
5 Bedroom House London,262 Mill Lane,London,E8 5AB,615000
3 Bedroom Bungalow Norwich,123 High Street,Norwich,NR8 6AB,805000
4 Bedroom Apartment Ipswich,160 London Road,Ipswich,IP5 4AB,1370000
5 Bedroom House Cambridge,151 Mill Lane,Cambridge,CB8 5AB,1155000
2 Bedroom House Colchester,27 Queen Street,Colchester,CO8 5AB,280000
6 Bedroom Bungalow Colchester,297 High Street,Colchester,CO3 3AB,450000
6 Bedroom House London,201 High Street,London,E8 3AB,305000
2 Bedroom Cottage Chelmsford,281 Victoria Road,Chelmsford,CM3 4AB,1040000
6 Bedroom House London,41 King Street,London,E1 5AB,1305000
3 Bedroom House London,272 Victoria Road,London,E6 9AB,1385000
4 Bedroom House Colchester,297 Victoria Road,Colchester,CO4 9AB,500000
1 Bedroom Bungalow Colchester,46 High Street,Colchester,CO3 1AB,1210000
2 Bedroom House Norwich,52 Station Road,Norwich,NR6 1AB,500000
5 Bedroom Bungalow Colchester,168 Park Road,Colchester,CO1 8AB,805000
1 Bedroom Cottage Norwich,28 London Road,Norwich,NR7 4AB,575000
5 Bedroom Cottage Norwich,225 Springfield Road,Norwich,NR5 3AB,1495000
5 Bedroom Bungalow Colchester,116 Park Road,Colchester,CO3 4AB,835000
3 Bedroom House Norwich,141 Queen Street,Norwich,NR8 7AB,1205000
1 Bedroom House Norwich,146 Park Road,Norwich,NR5 3AB,1480000
5 Bedroom Cottage Ipswich,221 Victoria Road,Ipswich,IP4 8AB,825000
1 Bedroom Cottage Colchester,157 Mill Lane,Colchester,CO8 2AB,690000
3 Bedroom Apartment Norwich,284 King Street,Norwich,NR9 6AB,465000
3 Bedroom House Norwich,66 Church Road,Norwich,NR7 8AB,1005000
1 Bedroom Cottage Colchester,173 Church Road,Colchester,CO3 6AB,1215000
1 Bedroom House Cambridge,237 Springfield Road,Cambridge,CB1 5AB,235000
4 Bedroom Apartment London,126 Springfield Road,London,E2 1AB,720000
2 Bedroom Apartment Chelmsford,237 Church Road,Chelmsford,CM9 5AB,1220000
2 Bedroom House Norwich,261 Victoria Road,Norwich,NR3 1AB,1470000
2 Bedroom Bungalow Cambridge,7 London Road,Cambridge,CB4 2AB,610000
4 Bedroom Apartment Chelmsford,228 High Street,Chelmsford,CM4 8AB,175000
4 Bedroom Bungalow London,113 Station Road,London,E8 5AB,590000
1 Bedroom Bungalow Norwich,62 Church Road,Norwich,NR4 8AB,875000
6 Bedroom Apartment Ipswich,99 Victoria Road,Ipswich,IP2 5AB,615000
2 Bedroom Cottage Cambridge,126 London Road,Cambridge,CB1 4AB,840000
6 Bedroom Cottage Chelmsford,74 Queen Street,Chelmsford,CM1 1AB,1160000
1 Bedroom Apartment Colchester,263 Church Road,Colchester,CO2 1AB,1000000
2 Bedroom Bungalow Cambridge,238 King Street,Cambridge,CB7 7AB,1290000
4 Bedroom Cottage Colchester,31 Victoria Road,Colchester,CO9 2AB,1100000
2 Bedroom Bungalow Cambridge,145 High Street,Cambridge,CB5 5AB,905000
3 Bedroom House Cambridge,170 Church Road,Cambridge,CB5 2AB,1470000
4 Bedroom Bungalow Colchester,223 Queen Street,Colchester,CO1 3AB,1415000
3 Bedroom Bungalow London,124 Mill Lane,London,E3 2AB,810000
2 Bedroom House Colchester,155 King Street,Colchester,CO8 1AB,785000
1 Bedroom Apartment Chelmsford,55 Church Road,Chelmsford,CM1 4AB,975000
6 Bedroom House Colchester,49 Springfield Road,Colchester,CO7 8AB,430000
6 Bedroom House Colchester,234 Victoria Road,Colchester,CO7 8AB,1020000
1 Bedroom House Norwich,48 Springfield Road,Norwich,NR1 8AB,860000
3 Bedroom Apartment Ipswich,131 Springfield Road,Ipswich,IP7 3AB,1210000
6 Bedroom Apartment Chelmsford,99 Station Road,Chelmsford,CM9 6AB,515000
3 Bedroom Cottage London,212 King Street,London,E5 2AB,160000
6 Bedroom Cottage Chelmsford,168 High Street,Chelmsford,CM4 8AB,350000
1 Bedroom Cottage Ipswich,37 Springfield Road,Ipswich,IP8 7AB,270000
6 Bedroom House Ipswich,178 Victoria Road,Ipswich,IP8 2AB,550000
6 Bedroom Bungalow Norwich,17 King Street,Norwich,NR9 5AB,1260000
1 Bedroom Apartment Norwich,241 Queen Street,Norwich,NR6 3AB,1400000
5 Bedroom Apartment Norwich,89 Queen Street,Norwich,NR5 8AB,715000
4 Bedroom Bungalow Norwich,28 Queen Street,Norwich,NR5 9AB,1075000
3 Bedroom House London,3 Queen Street,London,E5 6AB,1280000
3 Bedroom Cottage Colchester,178 Victoria Road,Colchester,CO7 6AB,520000
3 Bedroom House Chelmsford,239 Victoria Road,Chelmsford,CM4 1AB,370000
1 Bedroom Bungalow Norwich,127 King Street,Norwich,NR7 4AB,1355000
2 Bedroom Bungalow London,135 London Road,London,E1 8AB,420000
6 Bedroom Apartment Ipswich,220 Springfield Road,Ipswich,IP3 7AB,180000
1 Bedroom Bungalow Chelmsford,264 Park Road,Chelmsford,CM4 6AB,450000
3 Bedroom House Norwich,164 Queen Street,Norwich,NR1 9AB,775000
3 Bedroom Apartment London,270 Springfield Road,London,E5 6AB,1425000
6 Bedroom House London,97 King Street,London,E7 1AB,990000
2 Bedroom Cottage Norwich,77 King Street,Norwich,NR4 1AB,625000
4 Bedroom Bungalow London,30 High Street,London,E7 1AB,485000
1 Bedroom Apartment Cambridge,15 Queen Street,Cambridge,CB3 5AB,510000
2 Bedroom Apartment Norwich,101 King Street,Norwich,NR7 4AB,230000
5 Bedroom Cottage Colchester,189 Station Road,Colchester,CO7 7AB,905000
5 Bedroom House Chelmsford,287 King Street,Chelmsford,CM4 6AB,670000
6 Bedroom Apartment Norwich,235 Park Road,Norwich,NR6 9AB,255000
5 Bedroom Bungalow Norwich,172 Victoria Road,Norwich,NR1 5AB,930000
6 Bedroom Bungalow Norwich,183 Station Road,Norwich,NR2 6AB,1055000
6 Bedroom Apartment Cambridge,8 King Street,Cambridge,CB8 6AB,580000
6 Bedroom Cottage Cambridge,98 Springfield Road,Cambridge,CB9 3AB,775000
2 Bedroom Bungalow London,188 Mill Lane,London,E4 3AB,195000
5 Bedroom House Ipswich,215 London Road,Ipswich,IP7 2AB,670000
1 Bedroom House Chelmsford,51 King Street,Chelmsford,CM5 7AB,1420000
4 Bedroom Apartment Chelmsford,260 Victoria Road,Chelmsford,CM3 9AB,800000
4 Bedroom House Colchester,263 Mill Lane,Colchester,CO4 3AB,405000
5 Bedroom Cottage Cambridge,85 Mill Lane,Cambridge,CB3 4AB,1085000
3 Bedroom Cottage Colchester,98 London Road,Colchester,CO3 9AB,740000
1 Bedroom Bungalow Chelmsford,211 Queen Street,Chelmsford,CM2 8AB,650000
1 Bedroom Apartment Ipswich,205 Church Road,Ipswich,IP2 9AB,1275000
5 Bedroom Bungalow Ipswich,290 Queen Street,Ipswich,IP1 9AB,620000
4 Bedroom Cottage Ipswich,281 King Street,Ipswich,IP8 5AB,1350000
3 Bedroom House Chelmsford,59 Park Road,Chelmsford,CM2 1AB,345000
6 Bedroom Cottage Ipswich,248 King Street,Ipswich,IP7 8AB,240000
4 Bedroom Apartment Chelmsford,135 Church Road,Chelmsford,CM1 2AB,1405000
4 Bedroom House Ipswich,113 Mill Lane,Ipswich,IP5 8AB,975000
1 Bedroom House Chelmsford,35 High Street,Chelmsford,CM8 9AB,420000
5 Bedroom Bungalow London,37 Mill Lane,London,E6 6AB,425000
5 Bedroom House Ipswich,74 High Street,Ipswich,IP2 4AB,430000
6 Bedroom Bungalow London,71 King Street,London,E6 7AB,955000
5 Bedroom Cottage Colchester,131 Victoria Road,Colchester,CO4 9AB,990000
1 Bedroom Cottage Ipswich,250 Church Road,Ipswich,IP7 2AB,295000
5 Bedroom Cottage Colchester,214 London Road,Colchester,CO4 9AB,795000
3 Bedroom House Colchester,171 London Road,Colchester,CO4 4AB,700000
1 Bedroom Cottage Ipswich,262 King Street,Ipswich,IP2 7AB,875000
4 Bedroom Cottage Norwich,243 High Street,Norwich,NR5 2AB,585000
5 Bedroom Bungalow Colchester,42 Mill Lane,Colchester,CO4 9AB,790000
1 Bedroom House London,132 Victoria Road,London,E5 5AB,735000
1 Bedroom House Norwich,95 High Street,Norwich,NR9 2AB,475000
3 Bedroom Cottage Chelmsford,136 Station Road,Chelmsford,CM4 8AB,720000
1 Bedroom Apartment London,92 Mill Lane,London,E5 7AB,225000
6 Bedroom Apartment Norwich,93 Springfield Road,Norwich,NR3 8AB,160000
4 Bedroom Apartment Norwich,82 High Street,Norwich,NR6 7AB,1190000
5 Bedroom House Colchester,147 King Street,Colchester,CO2 6AB,830000
2 Bedroom Cottage Colchester,290 Station Road,Colchester,CO2 5AB,1350000
1 Bedroom Bungalow London,249 High Street,London,E6 3AB,160000
4 Bedroom Bungalow Cambridge,218 Queen Street,Cambridge,CB2 6AB,1360000
4 Bedroom House Norwich,173 Station Road,Norwich,NR4 2AB,1190000
3 Bedroom Apartment London,29 London Road,London,E5 9AB,910000
1 Bedroom House Colchester,221 Queen Street,Colchester,CO6 8AB,1155000
3 Bedroom Apartment Colchester,273 Station Road,Colchester,CO2 6AB,1255000
3 Bedroom House Ipswich,286 Queen Street,Ipswich,IP5 1AB,1320000
6 Bedroom Bungalow Ipswich,231 King Street,Ipswich,IP7 6AB,665000
3 Bedroom Bungalow Norwich,55 Park Road,Norwich,NR9 6AB,605000
3 Bedroom Cottage Colchester,122 Victoria Road,Colchester,CO9 3AB,820000
3 Bedroom Apartment Colchester,179 Station Road,Colchester,CO9 4AB,555000
1 Bedroom Apartment Norwich,26 Springfield Road,Norwich,NR1 5AB,830000
3 Bedroom Apartment Ipswich,208 Park Road,Ipswich,IP7 7AB,1310000
4 Bedroom Bungalow Ipswich,98 Springfield Road,Ipswich,IP9 9AB,320000
5 Bedroom Bungalow London,239 High Street,London,E1 5AB,150000
3 Bedroom Bungalow Colchester,100 Queen Street,Colchester,CO4 8AB,505000
1 Bedroom House Ipswich,78 High Street,Ipswich,IP8 3AB,815000
2 Bedroom Cottage Norwich,288 Victoria Road,Norwich,NR4 1AB,305000
3 Bedroom Cottage Colchester,53 Church Road,Colchester,CO8 2AB,1200000
3 Bedroom Cottage Colchester,47 Station Road,Colchester,CO7 6AB,1485000
6 Bedroom Apartment Chelmsford,293 High Street,Chelmsford,CM4 2AB,1445000
1 Bedroom House London,164 London Road,London,E6 5AB,905000
6 Bedroom Bungalow Chelmsford,81 Springfield Road,Chelmsford,CM3 1AB,625000
1 Bedroom House Cambridge,217 Springfield Road,Cambridge,CB9 1AB,170000
3 Bedroom Apartment Ipswich,129 Park Road,Ipswich,IP4 2AB,1290000
5 Bedroom Cottage Cambridge,138 Mill Lane,Cambridge,CB1 9AB,995000
1 Bedroom Apartment London,276 Mill Lane,London,E4 8AB,1145000
4 Bedroom Apartment Norwich,73 King Street,Norwich,NR5 6AB,835000
6 Bedroom Bungalow Ipswich,58 Mill Lane,Ipswich,IP9 7AB,1420000
6 Bedroom Bungalow Ipswich,287 Springfield Road,Ipswich,IP2 1AB,1080000
2 Bedroom House Norwich,291 Springfield Road,Norwich,NR9 2AB,290000
3 Bedroom Apartment Norwich,41 Victoria Road,Norwich,NR2 5AB,1205000
1 Bedroom Bungalow Colchester,271 Station Road,Colchester,CO1 3AB,540000
2 Bedroom Apartment Ipswich,152 Church Road,Ipswich,IP9 5AB,1435000
5 Bedroom Apartment Colchester,118 Park Road,Colchester,CO3 8AB,1420000
1 Bedroom Cottage Colchester,279 Mill Lane,Colchester,CO9 3AB,845000
2 Bedroom Bungalow Cambridge,291 King Street,Cambridge,CB6 1AB,545000
4 Bedroom House Chelmsford,234 Victoria Road,Chelmsford,CM9 2AB,1440000
1 Bedroom Apartment London,97 London Road,London,E5 1AB,1440000
5 Bedroom Apartment Cambridge,242 London Road,Cambridge,CB6 5AB,1490000
5 Bedroom Bungalow Colchester,120 London Road,Colchester,CO8 3AB,325000
2 Bedroom Bungalow Norwich,31 Church Road,Norwich,NR7 8AB,575000
5 Bedroom Apartment Cambridge,148 Victoria Road,Cambridge,CB1 6AB,475000
6 Bedroom House Cambridge,190 Mill Lane,Cambridge,CB4 8AB,770000
2 Bedroom House London,61 Queen Street,London,E8 3AB,735000
4 Bedroom Bungalow Norwich,289 Station Road,Norwich,NR7 1AB,845000
6 Bedroom House London,8 Victoria Road,London,E7 4AB,1075000
4 Bedroom Bungalow Chelmsford,94 Station Road,Chelmsford,CM1 7AB,390000
6 Bedroom Apartment London,124 Mill Lane,London,E6 2AB,1445000
5 Bedroom Cottage Norwich,167 Church Road,Norwich,NR7 9AB,1160000
5 Bedroom Apartment Colchester,57 Queen Street,Colchester,CO9 7AB,1205000
3 Bedroom Cottage Cambridge,237 Park Road,Cambridge,CB2 3AB,745000
3 Bedroom House London,259 Springfield Road,London,E9 3AB,1080000
1 Bedroom House Ipswich,221 King Street,Ipswich,IP9 9AB,1225000
4 Bedroom House Chelmsford,91 King Street,Chelmsford,CM9 1AB,1150000
3 Bedroom Apartment Chelmsford,248 Church Road,Chelmsford,CM6 9AB,425000
6 Bedroom Cottage Chelmsford,270 Park Road,Chelmsford,CM7 3AB,1325000
3 Bedroom Bungalow London,121 High Street,London,E4 2AB,1310000
1 Bedroom Cottage Colchester,122 Park Road,Colchester,CO2 2AB,535000
2 Bedroom Apartment Colchester,76 Park Road,Colchester,CO7 5AB,1435000
6 Bedroom Cottage Colchester,215 Church Road,Colchester,CO8 1AB,1210000
2 Bedroom Bungalow Colchester,223 High Street,Colchester,CO6 4AB,595000
4 Bedroom House London,181 Springfield Road,London,E6 5AB,745000
4 Bedroom Apartment Colchester,281 High Street,Colchester,CO8 8AB,945000
6 Bedroom Cottage Cambridge,141 London Road,Cambridge,CB3 6AB,1250000
5 Bedroom Cottage Chelmsford,251 Park Road,Chelmsford,CM4 9AB,490000
2 Bedroom Cottage Cambridge,93 King Street,Cambridge,CB9 7AB,815000
6 Bedroom Cottage Cambridge,126 Mill Lane,Cambridge,CB9 8AB,500000
1 Bedroom Bungalow Ipswich,155 London Road,Ipswich,IP3 3AB,325000
1 Bedroom Bungalow Colchester,238 High Street,Colchester,CO1 9AB,805000
5 Bedroom Apartment Chelmsford,116 Station Road,Chelmsford,CM4 7AB,870000
6 Bedroom House London,9 Park Road,London,E4 7AB,810000
4 Bedroom House Chelmsford,237 High Street,Chelmsford,CM7 9AB,1190000
4 Bedroom House Ipswich,264 Victoria Road,Ipswich,IP8 9AB,610000
5 Bedroom Cottage Norwich,112 High Street,Norwich,NR5 1AB,1370000
1 Bedroom Bungalow London,16 Mill Lane,London,E8 5AB,670000
5 Bedroom Bungalow Ipswich,159 King Street,Ipswich,IP9 3AB,370000
1 Bedroom Cottage Ipswich,124 Queen Street,Ipswich,IP7 2AB,745000
3 Bedroom House Cambridge,86 Queen Street,Cambridge,CB9 5AB,670000
2 Bedroom Apartment London,132 Queen Street,London,E8 9AB,950000
1 Bedroom Bungalow Colchester,201 King Street,Colchester,CO2 8AB,1105000
1 Bedroom Cottage Colchester,243 Station Road,Colchester,CO1 7AB,890000
4 Bedroom Cottage Chelmsford,236 Mill Lane,Chelmsford,CM1 3AB,1105000
1 Bedroom House Norwich,235 Church Road,Norwich,NR1 5AB,685000
2 Bedroom Cottage Cambridge,120 Station Road,Cambridge,CB6 6AB,1280000
6 Bedroom House Cambridge,246 Victoria Road,Cambridge,CB7 9AB,1095000
3 Bedroom Apartment London,133 Mill Lane,London,E4 9AB,785000
6 Bedroom Bungalow Colchester,71 Church Road,Colchester,CO3 9AB,1440000
1 Bedroom Apartment Chelmsford,153 High Street,Chelmsford,CM6 6AB,1490000
2 Bedroom Apartment London,258 Park Road,London,E5 8AB,560000
3 Bedroom Bungalow Norwich,150 King Street,Norwich,NR5 9AB,1365000
3 Bedroom Apartment Ipswich,114 Park Road,Ipswich,IP5 1AB,1405000
1 Bedroom House Colchester,162 Victoria Road,Colchester,CO2 8AB,870000
2 Bedroom House Norwich,298 Church Road,Norwich,NR2 8AB,395000
4 Bedroom Apartment London,121 Springfield Road,London,E1 1AB,655000
3 Bedroom House Cambridge,206 Station Road,Cambridge,CB2 7AB,1425000
3 Bedroom Apartment Norwich,182 Victoria Road,Norwich,NR9 9AB,405000
4 Bedroom Bungalow Colchester,283 King Street,Colchester,CO2 7AB,850000
5 Bedroom Cottage Cambridge,287 Church Road,Cambridge,CB1 4AB,1310000
2 Bedroom Cottage London,271 High Street,London,E5 6AB,490000
1 Bedroom House Cambridge,107 Queen Street,Cambridge,CB3 5AB,675000
5 Bedroom Bungalow Ipswich,60 Church Road,Ipswich,IP1 1AB,1320000
1 Bedroom Cottage Cambridge,23 Springfield Road,Cambridge,CB3 1AB,1125000
5 Bedroom Bungalow Norwich,131 Station Road,Norwich,NR2 9AB,1150000
4 Bedroom House Cambridge,40 Springfield Road,Cambridge,CB7 9AB,420000
6 Bedroom Bungalow Chelmsford,204 King Street,Chelmsford,CM7 2AB,915000
2 Bedroom Apartment London,143 Mill Lane,London,E4 9AB,155000
2 Bedroom Apartment London,49 London Road,London,E8 5AB,1430000
6 Bedroom House Ipswich,147 Park Road,Ipswich,IP4 8AB,830000
3 Bedroom Bungalow Colchester,32 King Street,Colchester,CO7 7AB,1345000
5 Bedroom Apartment Ipswich,62 King Street,Ipswich,IP2 6AB,1325000
4 Bedroom Cottage Ipswich,57 King Street,Ipswich,IP5 6AB,1165000
5 Bedroom House Norwich,214 Springfield Road,Norwich,NR3 5AB,770000
2 Bedroom Apartment Norwich,11 London Road,Norwich,NR7 7AB,850000
3 Bedroom Cottage London,119 High Street,London,E8 9AB,1245000
5 Bedroom Apartment Colchester,91 Queen Street,Colchester,CO7 1AB,795000
5 Bedroom Cottage Chelmsford,31 High Street,Chelmsford,CM7 6AB,1150000
4 Bedroom Cottage Ipswich,285 Springfield Road,Ipswich,IP5 2AB,1035000
6 Bedroom House Ipswich,260 Station Road,Ipswich,IP4 6AB,215000
3 Bedroom House Chelmsford,219 London Road,Chelmsford,CM3 3AB,265000
4 Bedroom Apartment Colchester,12 Mill Lane,Colchester,CO7 7AB,1345000
5 Bedroom House Ipswich,173 King Street,Ipswich,IP3 9AB,920000
1 Bedroom House Ipswich,6 Victoria Road,Ipswich,IP6 1AB,630000
2 Bedroom Cottage Ipswich,70 Park Road,Ipswich,IP2 1AB,700000
2 Bedroom Cottage Norwich,206 London Road,Norwich,NR2 4AB,875000
4 Bedroom Apartment Ipswich,52 Victoria Road,Ipswich,IP2 5AB,1360000
3 Bedroom Bungalow Colchester,237 Victoria Road,Colchester,CO7 8AB,320000
2 Bedroom House Cambridge,247 Park Road,Cambridge,CB8 8AB,985000
1 Bedroom House Cambridge,199 Mill Lane,Cambridge,CB5 5AB,235000
5 Bedroom Cottage Norwich,139 Church Road,Norwich,NR7 1AB,620000
1 Bedroom House Chelmsford,133 Queen Street,Chelmsford,CM8 7AB,635000
6 Bedroom House Ipswich,51 London Road,Ipswich,IP3 5AB,240000
2 Bedroom Apartment London,89 Victoria Road,London,E6 7AB,395000
4 Bedroom Apartment London,86 Park Road,London,E6 6AB,1230000
2 Bedroom House Chelmsford,10 Springfield Road,Chelmsford,CM3 5AB,245000
5 Bedroom Cottage Norwich,145 Park Road,Norwich,NR5 4AB,1050000
1 Bedroom Cottage Colchester,81 Mill Lane,Colchester,CO4 7AB,700000
6 Bedroom House Chelmsford,43 King Street,Chelmsford,CM3 4AB,1275000
2 Bedroom Apartment Cambridge,41 Victoria Road,Cambridge,CB2 9AB,1285000
6 Bedroom House London,28 Station Road,London,E5 5AB,495000
5 Bedroom Bungalow Ipswich,140 Springfield Road,Ipswich,IP4 8AB,220000
2 Bedroom Apartment Norwich,282 Queen Street,Norwich,NR9 7AB,295000
6 Bedroom Bungalow Norwich,223 Park Road,Norwich,NR9 8AB,1065000
2 Bedroom Bungalow Chelmsford,247 Queen Street,Chelmsford,CM8 8AB,570000
6 Bedroom Apartment Colchester,32 Victoria Road,Colchester,CO8 8AB,1235000
1 Bedroom House Ipswich,103 Park Road,Ipswich,IP9 5AB,490000
4 Bedroom House Colchester,89 London Road,Colchester,CO2 9AB,635000
3 Bedroom House Norwich,94 Park Road,Norwich,NR8 5AB,845000
1 Bedroom Apartment Cambridge,206 London Road,Cambridge,CB8 5AB,925000
6 Bedroom Cottage Cambridge,37 Springfield Road,Cambridge,CB5 8AB,375000
4 Bedroom Apartment Ipswich,195 Station Road,Ipswich,IP6 8AB,465000
5 Bedroom Cottage Chelmsford,225 Victoria Road,Chelmsford,CM5 4AB,1320000
3 Bedroom Apartment Cambridge,107 Queen Street,Cambridge,CB2 3AB,745000
5 Bedroom Apartment London,187 Station Road,London,E8 8AB,1080000
5 Bedroom Apartment Ipswich,59 Springfield Road,Ipswich,IP9 8AB,1440000
3 Bedroom Cottage Norwich,215 King Street,Norwich,NR3 8AB,1095000
4 Bedroom Cottage Chelmsford,270 Station Road,Chelmsford,CM9 9AB,1280000
6 Bedroom Apartment Chelmsford,167 Queen Street,Chelmsford,CM9 7AB,490000
5 Bedroom House Chelmsford,231 Mill Lane,Chelmsford,CM4 6AB,650000
2 Bedroom House London,25 Station Road,London,E3 6AB,1375000
5 Bedroom Apartment Cambridge,244 Station Road,Cambridge,CB1 8AB,1095000
3 Bedroom Bungalow Cambridge,95 Queen Street,Cambridge,CB9 4AB,305000
6 Bedroom House Norwich,34 King Street,Norwich,NR6 5AB,730000
2 Bedroom House Colchester,88 London Road,Colchester,CO6 1AB,585000
6 Bedroom House Colchester,206 King Street,Colchester,CO9 1AB,485000
4 Bedroom Apartment Ipswich,62 Springfield Road,Ipswich,IP9 9AB,775000
5 Bedroom House Colchester,149 Church Road,Colchester,CO9 2AB,525000
3 Bedroom Cottage Cambridge,279 Park Road,Cambridge,CB9 8AB,455000
4 Bedroom Cottage London,216 Springfield Road,London,E3 6AB,1175000
4 Bedroom Cottage Chelmsford,229 Church Road,Chelmsford,CM4 6AB,1360000
3 Bedroom Apartment Chelmsford,57 Victoria Road,Chelmsford,CM6 4AB,1470000
1 Bedroom Cottage Norwich,42 King Street,Norwich,NR3 5AB,905000
4 Bedroom Apartment London,172 King Street,London,E7 8AB,690000
4 Bedroom Bungalow Cambridge,23 Queen Street,Cambridge,CB3 9AB,425000
4 Bedroom House Cambridge,149 King Street,Cambridge,CB7 1AB,1040000
3 Bedroom Bungalow London,158 Queen Street,London,E1 7AB,465000
3 Bedroom House Chelmsford,276 High Street,Chelmsford,CM1 8AB,710000
1 Bedroom Apartment Cambridge,273 King Street,Cambridge,CB5 2AB,810000
3 Bedroom Cottage Cambridge,224 Springfield Road,Cambridge,CB7 2AB,285000
1 Bedroom Apartment Colchester,241 Springfield Road,Colchester,CO4 5AB,470000
3 Bedroom Cottage Ipswich,244 Station Road,Ipswich,IP6 7AB,1375000
6 Bedroom Cottage Chelmsford,276 Springfield Road,Chelmsford,CM7 9AB,1415000
4 Bedroom Cottage Cambridge,278 London Road,Cambridge,CB7 6AB,980000
3 Bedroom Bungalow Ipswich,280 Springfield Road,Ipswich,IP9 6AB,610000
6 Bedroom Bungalow Chelmsford,214 Queen Street,Chelmsford,CM7 5AB,1165000
3 Bedroom Cottage Ipswich,17 Queen Street,Ipswich,IP5 3AB,1490000
2 Bedroom Cottage Colchester,250 Queen Street,Colchester,CO2 1AB,1440000
6 Bedroom Cottage London,17 Park Road,London,E5 4AB,370000
5 Bedroom Apartment Chelmsford,242 High Street,Chelmsford,CM7 3AB,615000
2 Bedroom Cottage Ipswich,243 High Street,Ipswich,IP9 2AB,550000
6 Bedroom Apartment Ipswich,34 Station Road,Ipswich,IP2 5AB,800000
6 Bedroom House Ipswich,98 Church Road,Ipswich,IP3 7AB,690000
4 Bedroom Cottage Ipswich,82 Springfield Road,Ipswich,IP2 3AB,540000
1 Bedroom Cottage Colchester,44 Station Road,Colchester,CO7 1AB,1055000
6 Bedroom House London,262 Station Road,London,E4 8AB,495000
3 Bedroom House Norwich,107 Park Road,Norwich,NR8 3AB,985000
6 Bedroom Apartment Cambridge,50 London Road,Cambridge,CB2 6AB,345000
4 Bedroom Cottage London,109 London Road,London,E6 4AB,505000
5 Bedroom Bungalow Cambridge,166 London Road,Cambridge,CB2 1AB,155000
5 Bedroom Apartment London,87 King Street,London,E9 8AB,955000
5 Bedroom Cottage London,192 High Street,London,E5 6AB,1105000
4 Bedroom House Norwich,14 Park Road,Norwich,NR8 8AB,1420000
5 Bedroom House Colchester,229 High Street,Colchester,CO5 1AB,975000
4 Bedroom Apartment Chelmsford,206 High Street,Chelmsford,CM5 6AB,1160000
2 Bedroom House Chelmsford,279 Station Road,Chelmsford,CM2 3AB,410000
1 Bedroom Cottage Colchester,243 Queen Street,Colchester,CO7 2AB,330000
3 Bedroom Apartment Ipswich,254 High Street,Ipswich,IP5 3AB,720000
1 Bedroom Bungalow London,284 Queen Street,London,E2 2AB,745000
1 Bedroom House Cambridge,227 Station Road,Cambridge,CB7 4AB,460000
1 Bedroom House Norwich,289 Church Road,Norwich,NR9 9AB,665000
1 Bedroom Cottage London,241 King Street,London,E1 1AB,1280000
6 Bedroom House Colchester,73 Station Road,Colchester,CO1 7AB,1315000
6 Bedroom Bungalow Ipswich,30 Station Road,Ipswich,IP2 4AB,1410000
4 Bedroom Apartment Chelmsford,299 Mill Lane,Chelmsford,CM8 2AB,1165000
5 Bedroom House London,110 Springfield Road,London,E8 7AB,780000
6 Bedroom House Norwich,224 Church Road,Norwich,NR8 7AB,1490000
6 Bedroom Bungalow Norwich,181 Church Road,Norwich,NR7 8AB,335000
5 Bedroom Bungalow Cambridge,91 Church Road,Cambridge,CB6 1AB,310000
4 Bedroom Bungalow Ipswich,56 Church Road,Ipswich,IP5 5AB,1310000
5 Bedroom Cottage Cambridge,113 Park Road,Cambridge,CB5 6AB,1070000
6 Bedroom Bungalow Cambridge,139 Mill Lane,Cambridge,CB9 1AB,1280000
3 Bedroom House Cambridge,241 Station Road,Cambridge,CB1 7AB,1140000
5 Bedroom Apartment Chelmsford,49 London Road,Chelmsford,CM3 1AB,325000
1 Bedroom Apartment Norwich,84 King Street,Norwich,NR5 8AB,1345000
6 Bedroom Cottage Ipswich,263 Victoria Road,Ipswich,IP4 2AB,865000
2 Bedroom Bungalow Chelmsford,25 Springfield Road,Chelmsford,CM2 1AB,1360000
3 Bedroom Bungalow Colchester,217 Mill Lane,Colchester,CO7 2AB,1075000
1 Bedroom Bungalow Cambridge,152 Station Road,Cambridge,CB4 4AB,335000
2 Bedroom Bungalow Cambridge,252 Mill Lane,Cambridge,CB8 5AB,1285000
5 Bedroom Apartment London,207 Station Road,London,E3 9AB,940000
2 Bedroom Apartment Cambridge,291 Springfield Road,Cambridge,CB6 4AB,625000
5 Bedroom Bungalow Norwich,296 Springfield Road,Norwich,NR6 2AB,550000
5 Bedroom Cottage London,19 Park Road,London,E8 8AB,255000
5 Bedroom Bungalow Cambridge,162 King Street,Cambridge,CB6 4AB,1455000
5 Bedroom House Cambridge,4 King Street,Cambridge,CB9 7AB,1360000
5 Bedroom Apartment Norwich,20 Springfield Road,Norwich,NR9 7AB,1135000
6 Bedroom Apartment Colchester,28 Park Road,Colchester,CO5 8AB,250000
2 Bedroom Cottage Cambridge,93 Springfield Road,Cambridge,CB3 5AB,265000
1 Bedroom Apartment Cambridge,52 High Street,Cambridge,CB7 2AB,190000
2 Bedroom Apartment Colchester,283 Station Road,Colchester,CO2 7AB,1075000
5 Bedroom Cottage Ipswich,83 Queen Street,Ipswich,IP9 8AB,600000
2 Bedroom Apartment Colchester,196 Mill Lane,Colchester,CO4 8AB,555000
1 Bedroom Cottage Ipswich,201 Station Road,Ipswich,IP8 6AB,1080000
4 Bedroom House Colchester,166 Springfield Road,Colchester,CO5 3AB,495000
6 Bedroom Apartment London,152 King Street,London,E7 5AB,1245000
5 Bedroom House London,176 King Street,London,E9 4AB,390000
3 Bedroom Apartment Ipswich,196 Mill Lane,Ipswich,IP9 3AB,605000
5 Bedroom House Ipswich,285 Mill Lane,Ipswich,IP7 7AB,1430000
2 Bedroom House Ipswich,28 Station Road,Ipswich,IP1 6AB,240000
4 Bedroom House Cambridge,189 London Road,Cambridge,CB6 4AB,1475000
1 Bedroom Apartment London,197 High Street,London,E3 7AB,620000
5 Bedroom Bungalow Ipswich,57 Park Road,Ipswich,IP6 3AB,945000
4 Bedroom House Chelmsford,25 High Street,Chelmsford,CM5 3AB,905000
2 Bedroom Apartment Ipswich,228 Church Road,Ipswich,IP2 6AB,650000
2 Bedroom Cottage Chelmsford,17 Church Road,Chelmsford,CM7 6AB,1480000
1 Bedroom Bungalow Chelmsford,137 High Street,Chelmsford,CM4 1AB,235000
4 Bedroom Bungalow Colchester,139 Station Road,Colchester,CO2 3AB,365000
3 Bedroom Apartment Cambridge,1 Mill Lane,Cambridge,CB6 5AB,485000
3 Bedroom Bungalow London,292 Springfield Road,London,E6 3AB,670000
4 Bedroom Bungalow London,2 London Road,London,E7 7AB,170000
1 Bedroom Apartment Colchester,144 Church Road,Colchester,CO7 1AB,185000
5 Bedroom House Chelmsford,24 King Street,Chelmsford,CM6 1AB,540000
5 Bedroom Apartment Cambridge,264 Station Road,Cambridge,CB7 4AB,560000
5 Bedroom Apartment Colchester,164 London Road,Colchester,CO9 6AB,680000
6 Bedroom Bungalow Ipswich,223 Church Road,Ipswich,IP4 3AB,400000
5 Bedroom Apartment London,130 High Street,London,E5 2AB,1180000
2 Bedroom Apartment London,103 Mill Lane,London,E5 1AB,275000
3 Bedroom Bungalow Colchester,136 London Road,Colchester,CO2 7AB,1260000
4 Bedroom Bungalow London,275 Springfield Road,London,E8 1AB,400000
4 Bedroom Cottage Colchester,135 Park Road,Colchester,CO9 2AB,350000
3 Bedroom Bungalow Chelmsford,252 High Street,Chelmsford,CM8 3AB,875000
1 Bedroom Apartment Chelmsford,20 High Street,Chelmsford,CM3 2AB,545000
6 Bedroom Bungalow Cambridge,274 Victoria Road,Cambridge,CB3 5AB,860000
5 Bedroom Apartment Ipswich,263 Queen Street,Ipswich,IP6 1AB,1490000
5 Bedroom House Chelmsford,258 Victoria Road,Chelmsford,CM5 4AB,200000
4 Bedroom Cottage London,167 Queen Street,London,E6 5AB,770000
1 Bedroom Apartment Ipswich,252 King Street,Ipswich,IP1 4AB,240000
1 Bedroom House Chelmsford,80 Park Road,Chelmsford,CM9 3AB,790000
1 Bedroom Apartment Cambridge,7 London Road,Cambridge,CB2 7AB,1340000
2 Bedroom Cottage Norwich,235 Queen Street,Norwich,NR7 3AB,1460000
5 Bedroom House Ipswich,97 Park Road,Ipswich,IP9 5AB,320000
5 Bedroom Bungalow Ipswich,199 Victoria Road,Ipswich,IP1 4AB,1425000
2 Bedroom Bungalow Norwich,115 Station Road,Norwich,NR9 2AB,1390000
6 Bedroom Bungalow Colchester,22 Queen Street,Colchester,CO7 6AB,1255000
5 Bedroom Cottage Ipswich,63 High Street,Ipswich,IP6 3AB,205000
2 Bedroom Cottage Colchester,184 High Street,Colchester,CO6 7AB,1370000
3 Bedroom Apartment Colchester,242 London Road,Colchester,CO8 4AB,470000
1 Bedroom Cottage London,109 Queen Street,London,E3 7AB,765000
2 Bedroom House Ipswich,31 Victoria Road,Ipswich,IP6 7AB,265000
2 Bedroom Bungalow Norwich,203 High Street,Norwich,NR2 4AB,1330000
5 Bedroom Cottage Norwich,9 Queen Street,Norwich,NR9 7AB,220000
4 Bedroom Bungalow Cambridge,140 Station Road,Cambridge,CB9 9AB,1275000
6 Bedroom House London,167 Mill Lane,London,E6 8AB,1185000
6 Bedroom Cottage Cambridge,159 Mill Lane,Cambridge,CB5 9AB,710000
5 Bedroom Bungalow Colchester,56 Mill Lane,Colchester,CO3 5AB,1160000
1 Bedroom Bungalow Chelmsford,82 King Street,Chelmsford,CM2 7AB,635000
1 Bedroom Bungalow Colchester,123 Mill Lane,Colchester,CO9 9AB,1490000
3 Bedroom House London,90 Park Road,London,E5 7AB,900000
2 Bedroom Cottage Cambridge,237 Mill Lane,Cambridge,CB1 9AB,1365000
2 Bedroom Apartment Colchester,145 High Street,Colchester,CO6 2AB,445000
6 Bedroom Bungalow Colchester,69 Mill Lane,Colchester,CO5 1AB,995000
4 Bedroom Apartment Colchester,151 Springfield Road,Colchester,CO9 8AB,530000
5 Bedroom Cottage Cambridge,19 King Street,Cambridge,CB4 7AB,1465000
4 Bedroom House Chelmsford,277 Springfield Road,Chelmsford,CM7 4AB,940000
6 Bedroom Bungalow Ipswich,168 High Street,Ipswich,IP2 3AB,1315000
4 Bedroom Bungalow London,168 High Street,London,E5 1AB,430000
6 Bedroom Cottage Colchester,277 Queen Street,Colchester,CO2 7AB,1070000
1 Bedroom Cottage London,150 Park Road,London,E1 6AB,1245000
1 Bedroom Apartment Chelmsford,189 Church Road,Chelmsford,CM5 3AB,215000
4 Bedroom Apartment Ipswich,161 Church Road,Ipswich,IP2 2AB,500000
2 Bedroom Bungalow Colchester,191 Station Road,Colchester,CO3 4AB,385000
3 Bedroom Apartment Ipswich,176 Springfield Road,Ipswich,IP3 3AB,1110000
3 Bedroom Cottage Colchester,66 Victoria Road,Colchester,CO4 9AB,790000
4 Bedroom Apartment Colchester,215 High Street,Colchester,CO9 4AB,1390000
5 Bedroom Apartment Norwich,260 Queen Street,Norwich,NR7 9AB,760000
3 Bedroom Apartment Ipswich,255 Victoria Road,Ipswich,IP8 5AB,1230000
5 Bedroom House Ipswich,270 High Street,Ipswich,IP8 9AB,1005000
2 Bedroom Cottage Chelmsford,280 Park Road,Chelmsford,CM9 3AB,340000
2 Bedroom Bungalow Ipswich,135 King Street,Ipswich,IP4 1AB,500000
5 Bedroom Cottage Cambridge,21 King Street,Cambridge,CB6 8AB,850000
5 Bedroom Cottage Ipswich,291 Mill Lane,Ipswich,IP8 4AB,355000
4 Bedroom Cottage Ipswich,82 Mill Lane,Ipswich,IP4 9AB,335000
5 Bedroom House Colchester,210 King Street,Colchester,CO3 8AB,1265000
5 Bedroom House Colchester,123 Mill Lane,Colchester,CO9 6AB,505000
4 Bedroom House London,166 London Road,London,E2 2AB,165000
1 Bedroom House Norwich,299 Queen Street,Norwich,NR8 5AB,955000
3 Bedroom Apartment Colchester,193 Church Road,Colchester,CO2 3AB,550000
4 Bedroom Bungalow Chelmsford,59 Victoria Road,Chelmsford,CM8 8AB,470000
1 Bedroom Apartment Chelmsford,175 Queen Street,Chelmsford,CM4 4AB,315000
6 Bedroom Bungalow Chelmsford,247 Park Road,Chelmsford,CM6 5AB,665000
5 Bedroom Bungalow London,158 Victoria Road,London,E7 3AB,665000
5 Bedroom Cottage Ipswich,246 Mill Lane,Ipswich,IP5 9AB,1040000
1 Bedroom Bungalow Colchester,127 High Street,Colchester,CO8 4AB,470000
2 Bedroom Cottage London,203 Mill Lane,London,E3 7AB,665000
6 Bedroom House Cambridge,262 Victoria Road,Cambridge,CB6 2AB,530000
1 Bedroom Cottage London,216 London Road,London,E8 3AB,1175000
4 Bedroom Cottage Chelmsford,31 High Street,Chelmsford,CM4 2AB,1450000
1 Bedroom Bungalow Colchester,220 Queen Street,Colchester,CO2 3AB,370000
6 Bedroom Bungalow Cambridge,40 Victoria Road,Cambridge,CB7 5AB,640000
3 Bedroom Apartment Cambridge,92 High Street,Cambridge,CB4 6AB,815000
4 Bedroom Cottage Norwich,223 Park Road,Norwich,NR1 9AB,1270000
1 Bedroom Apartment Norwich,159 Springfield Road,Norwich,NR6 6AB,220000
5 Bedroom Cottage Norwich,184 Victoria Road,Norwich,NR1 1AB,480000
3 Bedroom Cottage Colchester,285 Springfield Road,Colchester,CO1 9AB,340000
3 Bedroom Bungalow Colchester,136 Springfield Road,Colchester,CO5 9AB,930000
2 Bedroom Bungalow Norwich,287 Victoria Road,Norwich,NR9 5AB,200000
1 Bedroom Cottage Colchester,296 Park Road,Colchester,CO4 1AB,1090000
4 Bedroom Apartment Norwich,188 Springfield Road,Norwich,NR8 9AB,1120000
4 Bedroom Cottage Norwich,174 Mill Lane,Norwich,NR5 1AB,240000
4 Bedroom Cottage Chelmsford,287 Victoria Road,Chelmsford,CM9 1AB,155000
5 Bedroom Apartment Chelmsford,282 Queen Street,Chelmsford,CM4 3AB,410000
5 Bedroom Bungalow Norwich,134 Park Road,Norwich,NR4 6AB,535000
2 Bedroom Apartment Cambridge,184 London Road,Cambridge,CB7 3AB,1010000
4 Bedroom House Colchester,249 Victoria Road,Colchester,CO6 3AB,155000
1 Bedroom Bungalow Chelmsford,48 Station Road,Chelmsford,CM9 5AB,750000
2 Bedroom House Cambridge,222 Station Road,Cambridge,CB1 5AB,1290000
1 Bedroom Cottage Chelmsford,74 King Street,Chelmsford,CM7 9AB,360000
5 Bedroom House Cambridge,292 King Street,Cambridge,CB4 8AB,150000
5 Bedroom House Norwich,159 King Street,Norwich,NR1 9AB,850000
6 Bedroom Bungalow Cambridge,65 Station Road,Cambridge,CB4 1AB,590000
2 Bedroom House Cambridge,174 Station Road,Cambridge,CB5 7AB,250000
3 Bedroom Bungalow Ipswich,172 Victoria Road,Ipswich,IP3 8AB,245000
5 Bedroom House Norwich,41 Park Road,Norwich,NR7 1AB,1300000
5 Bedroom Apartment Ipswich,41 Park Road,Ipswich,IP7 7AB,1205000
2 Bedroom Bungalow Ipswich,187 Mill Lane,Ipswich,IP1 7AB,1235000
2 Bedroom Apartment Ipswich,100 Victoria Road,Ipswich,IP2 4AB,540000
5 Bedroom House Cambridge,166 King Street,Cambridge,CB9 6AB,1385000
1 Bedroom Bungalow Ipswich,81 Church Road,Ipswich,IP9 1AB,450000
2 Bedroom Bungalow Chelmsford,128 Mill Lane,Chelmsford,CM6 9AB,240000
5 Bedroom Bungalow Ipswich,267 Station Road,Ipswich,IP3 3AB,1165000
3 Bedroom Apartment Ipswich,92 London Road,Ipswich,IP2 5AB,1470000
1 Bedroom Apartment Norwich,249 Queen Street,Norwich,NR8 8AB,405000
6 Bedroom Apartment Cambridge,30 Queen Street,Cambridge,CB7 7AB,320000
2 Bedroom Apartment Chelmsford,108 London Road,Chelmsford,CM5 7AB,1240000
6 Bedroom Cottage Chelmsford,274 Mill Lane,Chelmsford,CM9 8AB,835000
2 Bedroom Apartment London,260 Springfield Road,London,E6 1AB,900000
4 Bedroom Bungalow Chelmsford,32 Church Road,Chelmsford,CM4 7AB,320000
5 Bedroom Bungalow Chelmsford,215 Park Road,Chelmsford,CM4 7AB,455000
2 Bedroom House Ipswich,126 King Street,Ipswich,IP4 4AB,1190000
6 Bedroom Bungalow Norwich,190 Station Road,Norwich,NR7 3AB,565000
4 Bedroom Cottage London,238 High Street,London,E5 8AB,890000
4 Bedroom Bungalow Chelmsford,126 King Street,Chelmsford,CM1 3AB,320000
4 Bedroom Cottage London,226 Church Road,London,E4 4AB,1095000
6 Bedroom Apartment London,46 Springfield Road,London,E5 7AB,1265000
3 Bedroom Bungalow Cambridge,147 High Street,Cambridge,CB7 7AB,655000
6 Bedroom Cottage Cambridge,279 Queen Street,Cambridge,CB3 5AB,730000
3 Bedroom House Ipswich,217 Church Road,Ipswich,IP7 1AB,935000
3 Bedroom Cottage Colchester,45 Queen Street,Colchester,CO5 9AB,625000
1 Bedroom House Cambridge,293 King Street,Cambridge,CB8 6AB,695000
1 Bedroom Cottage Colchester,45 Church Road,Colchester,CO9 2AB,375000
1 Bedroom Apartment London,196 Church Road,London,E1 9AB,880000
6 Bedroom Apartment Cambridge,91 Queen Street,Cambridge,CB5 4AB,1150000
1 Bedroom Apartment Ipswich,11 Springfield Road,Ipswich,IP9 9AB,520000
2 Bedroom Apartment Colchester,74 London Road,Colchester,CO4 6AB,330000
3 Bedroom Cottage Chelmsford,76 Station Road,Chelmsford,CM3 2AB,1010000
2 Bedroom Apartment London,298 Queen Street,London,E2 5AB,1420000
4 Bedroom Bungalow Cambridge,29 King Street,Cambridge,CB3 6AB,275000
2 Bedroom House Norwich,159 Station Road,Norwich,NR4 5AB,1135000
6 Bedroom House Colchester,296 Mill Lane,Colchester,CO2 3AB,710000
2 Bedroom House Norwich,61 Victoria Road,Norwich,NR3 5AB,295000
1 Bedroom Cottage London,125 High Street,London,E7 4AB,520000
6 Bedroom House London,242 Springfield Road,London,E5 6AB,270000
1 Bedroom Cottage Ipswich,79 Victoria Road,Ipswich,IP6 9AB,1385000
1 Bedroom Apartment Ipswich,243 Church Road,Ipswich,IP8 9AB,1185000
2 Bedroom House Chelmsford,121 Park Road,Chelmsford,CM3 7AB,1365000
4 Bedroom Cottage Ipswich,71 High Street,Ipswich,IP6 5AB,1050000
6 Bedroom House Chelmsford,299 Station Road,Chelmsford,CM9 1AB,1495000
2 Bedroom Apartment Colchester,18 Victoria Road,Colchester,CO7 6AB,650000
6 Bedroom Apartment Ipswich,198 Park Road,Ipswich,IP9 4AB,935000
1 Bedroom Apartment Ipswich,79 Church Road,Ipswich,IP3 2AB,780000
5 Bedroom Bungalow Ipswich,51 Queen Street,Ipswich,IP1 4AB,710000
2 Bedroom Cottage Chelmsford,25 Church Road,Chelmsford,CM6 8AB,1365000
2 Bedroom Cottage Cambridge,171 Victoria Road,Cambridge,CB5 7AB,1130000
3 Bedroom Cottage Norwich,199 Springfield Road,Norwich,NR2 5AB,220000
5 Bedroom Cottage Cambridge,298 Victoria Road,Cambridge,CB8 9AB,370000
2 Bedroom Apartment Colchester,176 King Street,Colchester,CO9 5AB,1325000
5 Bedroom Cottage Colchester,89 Springfield Road,Colchester,CO1 8AB,380000
2 Bedroom Bungalow Colchester,276 London Road,Colchester,CO8 7AB,1060000
2 Bedroom Cottage Ipswich,58 King Street,Ipswich,IP2 4AB,375000
1 Bedroom Bungalow London,101 Park Road,London,E6 8AB,1315000
3 Bedroom Cottage Ipswich,172 King Street,Ipswich,IP2 3AB,420000
5 Bedroom Cottage Norwich,85 Victoria Road,Norwich,NR7 4AB,655000
6 Bedroom Bungalow Norwich,15 High Street,Norwich,NR1 2AB,470000
3 Bedroom Bungalow Cambridge,21 Mill Lane,Cambridge,CB3 7AB,495000
5 Bedroom Cottage Colchester,216 Station Road,Colchester,CO4 2AB,1140000
2 Bedroom Apartment Colchester,111 Queen Street,Colchester,CO8 7AB,830000
5 Bedroom Cottage London,157 King Street,London,E2 9AB,960000
5 Bedroom House Cambridge,51 Station Road,Cambridge,CB1 5AB,1310000
2 Bedroom House Norwich,164 Park Road,Norwich,NR4 9AB,1440000
6 Bedroom Cottage Chelmsford,120 Mill Lane,Chelmsford,CM7 3AB,230000
3 Bedroom House Norwich,160 King Street,Norwich,NR4 5AB,720000
1 Bedroom House Ipswich,187 London Road,Ipswich,IP1 8AB,625000
2 Bedroom Bungalow Colchester,60 Station Road,Colchester,CO9 4AB,200000
3 Bedroom Cottage Cambridge,34 Victoria Road,Cambridge,CB4 4AB,705000
3 Bedroom House Colchester,159 Park Road,Colchester,CO8 8AB,905000
2 Bedroom Cottage London,215 Queen Street,London,E7 2AB,405000
5 Bedroom Apartment Colchester,287 Mill Lane,Colchester,CO6 6AB,1130000
1 Bedroom Bungalow Ipswich,119 London Road,Ipswich,IP4 6AB,245000
6 Bedroom Apartment Chelmsford,37 Springfield Road,Chelmsford,CM7 6AB,655000
2 Bedroom Apartment Chelmsford,195 Station Road,Chelmsford,CM6 4AB,995000
1 Bedroom House Colchester,11 Station Road,Colchester,CO7 2AB,935000
6 Bedroom Bungalow Chelmsford,17 King Street,Chelmsford,CM6 9AB,1345000
6 Bedroom Bungalow Chelmsford,253 Victoria Road,Chelmsford,CM3 7AB,675000
4 Bedroom Cottage London,3 Mill Lane,London,E8 2AB,540000
4 Bedroom Cottage London,129 Springfield Road,London,E5 7AB,1145000
3 Bedroom Cottage Norwich,232 Victoria Road,Norwich,NR8 5AB,1330000
5 Bedroom Cottage Chelmsford,206 London Road,Chelmsford,CM2 9AB,805000
6 Bedroom House London,39 Mill Lane,London,E9 8AB,640000
5 Bedroom Apartment Chelmsford,241 Mill Lane,Chelmsford,CM4 1AB,1190000
1 Bedroom Cottage Norwich,299 Station Road,Norwich,NR4 1AB,755000
6 Bedroom Cottage Chelmsford,200 High Street,Chelmsford,CM5 1AB,1165000
4 Bedroom House London,13 High Street,London,E7 6AB,955000
1 Bedroom Apartment Chelmsford,9 Queen Street,Chelmsford,CM6 3AB,515000
3 Bedroom Bungalow Norwich,199 Springfield Road,Norwich,NR7 5AB,1380000
2 Bedroom Cottage Chelmsford,293 Church Road,Chelmsford,CM6 8AB,1135000
2 Bedroom Apartment Ipswich,80 London Road,Ipswich,IP5 5AB,1350000
6 Bedroom Cottage Cambridge,30 High Street,Cambridge,CB3 1AB,670000
6 Bedroom Apartment Norwich,84 High Street,Norwich,NR9 8AB,1440000
3 Bedroom House Colchester,169 London Road,Colchester,CO5 2AB,520000
5 Bedroom House Cambridge,142 Church Road,Cambridge,CB8 4AB,725000
5 Bedroom Bungalow Cambridge,58 London Road,Cambridge,CB9 5AB,1400000
1 Bedroom Cottage Norwich,7 Park Road,Norwich,NR1 5AB,1380000
5 Bedroom House Colchester,292 London Road,Colchester,CO9 6AB,305000
4 Bedroom Bungalow Cambridge,133 Victoria Road,Cambridge,CB3 5AB,515000
4 Bedroom Bungalow London,114 King Street,London,E3 2AB,245000
6 Bedroom Cottage Cambridge,85 Mill Lane,Cambridge,CB5 3AB,1485000
2 Bedroom Cottage Colchester,238 King Street,Colchester,CO7 6AB,540000
1 Bedroom Bungalow Cambridge,165 Queen Street,Cambridge,CB5 6AB,245000
3 Bedroom Cottage Chelmsford,277 Queen Street,Chelmsford,CM8 7AB,720000
5 Bedroom House Chelmsford,275 Station Road,Chelmsford,CM3 8AB,780000
4 Bedroom House Cambridge,11 Park Road,Cambridge,CB5 9AB,970000
3 Bedroom Bungalow Ipswich,259 London Road,Ipswich,IP4 4AB,1205000
1 Bedroom Bungalow Ipswich,135 King Street,Ipswich,IP4 3AB,1285000
3 Bedroom Bungalow Norwich,183 London Road,Norwich,NR6 4AB,1125000
1 Bedroom Apartment Ipswich,198 Station Road,Ipswich,IP3 4AB,1305000
6 Bedroom House Colchester,3 Station Road,Colchester,CO8 6AB,835000
2 Bedroom Apartment London,277 High Street,London,E5 6AB,1335000
6 Bedroom House Norwich,28 Victoria Road,Norwich,NR7 8AB,1395000
5 Bedroom Bungalow Colchester,274 Station Road,Colchester,CO4 8AB,1140000
2 Bedroom Bungalow Chelmsford,51 Queen Street,Chelmsford,CM9 7AB,790000
4 Bedroom Bungalow Norwich,15 High Street,Norwich,NR7 5AB,725000
3 Bedroom Apartment Chelmsford,288 Station Road,Chelmsford,CM6 7AB,1335000
2 Bedroom Bungalow London,35 London Road,London,E6 8AB,1030000
3 Bedroom Apartment London,75 Queen Street,London,E5 4AB,250000
3 Bedroom Apartment Colchester,126 Park Road,Colchester,CO1 3AB,1475000
6 Bedroom Cottage Colchester,234 Park Road,Colchester,CO3 9AB,1140000
4 Bedroom House London,236 Victoria Road,London,E3 2AB,465000
1 Bedroom Bungalow Norwich,143 Station Road,Norwich,NR7 5AB,1065000
6 Bedroom Cottage Cambridge,34 Queen Street,Cambridge,CB8 4AB,410000
3 Bedroom Apartment Chelmsford,133 High Street,Chelmsford,CM9 9AB,370000
6 Bedroom Cottage London,297 Park Road,London,E6 1AB,355000
4 Bedroom Cottage Colchester,295 Queen Street,Colchester,CO3 2AB,815000
3 Bedroom House Ipswich,254 Station Road,Ipswich,IP2 6AB,875000
6 Bedroom Bungalow Norwich,157 Park Road,Norwich,NR2 5AB,270000
1 Bedroom Apartment Norwich,57 Church Road,Norwich,NR7 9AB,580000
3 Bedroom Cottage Colchester,273 Springfield Road,Colchester,CO3 2AB,1085000
3 Bedroom House Cambridge,76 London Road,Cambridge,CB4 5AB,1180000
2 Bedroom House Colchester,243 King Street,Colchester,CO2 6AB,445000
3 Bedroom Cottage Cambridge,134 King Street,Cambridge,CB8 1AB,420000
6 Bedroom Apartment Cambridge,89 Springfield Road,Cambridge,CB8 8AB,310000
6 Bedroom Apartment Ipswich,279 Park Road,Ipswich,IP9 8AB,675000
3 Bedroom House Ipswich,171 Mill Lane,Ipswich,IP9 5AB,930000
3 Bedroom Cottage London,283 King Street,London,E8 3AB,1475000
4 Bedroom Cottage Cambridge,156 Mill Lane,Cambridge,CB8 3AB,915000
3 Bedroom House Colchester,185 Station Road,Colchester,CO6 8AB,1330000
1 Bedroom House Chelmsford,98 Church Road,Chelmsford,CM9 8AB,505000
3 Bedroom House Cambridge,100 High Street,Cambridge,CB1 9AB,930000
4 Bedroom Cottage London,201 Victoria Road,London,E9 3AB,1085000
2 Bedroom Apartment Norwich,123 Mill Lane,Norwich,NR7 7AB,185000
1 Bedroom Bungalow Ipswich,4 Springfield Road,Ipswich,IP5 7AB,555000
3 Bedroom House Chelmsford,206 High Street,Chelmsford,CM6 4AB,1060000
5 Bedroom Bungalow Ipswich,278 Mill Lane,Ipswich,IP8 9AB,605000
2 Bedroom Cottage Ipswich,153 Mill Lane,Ipswich,IP2 9AB,560000
6 Bedroom House Cambridge,39 Park Road,Cambridge,CB9 8AB,1030000
2 Bedroom Apartment Ipswich,80 High Street,Ipswich,IP5 2AB,1425000
4 Bedroom House Ipswich,47 Park Road,Ipswich,IP6 1AB,960000
5 Bedroom House Colchester,62 Park Road,Colchester,CO4 1AB,250000
1 Bedroom Bungalow Cambridge,263 Park Road,Cambridge,CB5 3AB,1065000
4 Bedroom House London,105 Mill Lane,London,E9 4AB,1185000
6 Bedroom House Colchester,20 Springfield Road,Colchester,CO3 8AB,615000
4 Bedroom House Cambridge,42 Mill Lane,Cambridge,CB4 5AB,710000
1 Bedroom House Colchester,275 High Street,Colchester,CO7 6AB,980000
2 Bedroom Cottage Norwich,271 Queen Street,Norwich,NR2 5AB,1200000
6 Bedroom House Ipswich,1 Park Road,Ipswich,IP4 9AB,650000
5 Bedroom House Colchester,2 Station Road,Colchester,CO6 3AB,800000
4 Bedroom House Colchester,246 Springfield Road,Colchester,CO7 3AB,530000
2 Bedroom House Cambridge,209 London Road,Cambridge,CB8 6AB,895000
3 Bedroom Cottage Chelmsford,87 High Street,Chelmsford,CM4 5AB,995000
6 Bedroom Cottage Ipswich,266 London Road,Ipswich,IP6 6AB,165000
2 Bedroom Bungalow Ipswich,218 Station Road,Ipswich,IP4 4AB,995000
3 Bedroom Cottage Chelmsford,81 Springfield Road,Chelmsford,CM7 1AB,500000
6 Bedroom Apartment Ipswich,84 Mill Lane,Ipswich,IP7 5AB,990000
6 Bedroom House Ipswich,202 High Street,Ipswich,IP7 3AB,825000
2 Bedroom Apartment Norwich,265 Queen Street,Norwich,NR6 9AB,670000
5 Bedroom House Chelmsford,20 Park Road,Chelmsford,CM4 4AB,810000
6 Bedroom Bungalow Chelmsford,140 Church Road,Chelmsford,CM7 2AB,550000
6 Bedroom House Chelmsford,120 Victoria Road,Chelmsford,CM7 8AB,425000
4 Bedroom House London,284 Victoria Road,London,E5 9AB,755000
5 Bedroom House Chelmsford,121 Park Road,Chelmsford,CM1 7AB,320000
3 Bedroom House London,225 Station Road,London,E6 6AB,1225000
2 Bedroom House Colchester,77 Springfield Road,Colchester,CO1 3AB,335000
4 Bedroom Bungalow Cambridge,273 Church Road,Cambridge,CB1 6AB,920000
2 Bedroom Apartment Norwich,244 Mill Lane,Norwich,NR2 8AB,935000
4 Bedroom Bungalow London,171 Park Road,London,E4 3AB,1080000
2 Bedroom Bungalow Chelmsford,103 Springfield Road,Chelmsford,CM2 1AB,520000
4 Bedroom Apartment Chelmsford,29 Mill Lane,Chelmsford,CM1 4AB,935000
5 Bedroom Bungalow Ipswich,11 Park Road,Ipswich,IP4 4AB,1035000
4 Bedroom Apartment Ipswich,72 Station Road,Ipswich,IP7 9AB,915000
6 Bedroom House London,133 Church Road,London,E1 4AB,440000
2 Bedroom Apartment Norwich,93 Mill Lane,Norwich,NR2 5AB,1115000
4 Bedroom Apartment Chelmsford,251 Church Road,Chelmsford,CM8 7AB,1400000
1 Bedroom Bungalow Colchester,90 High Street,Colchester,CO8 9AB,420000
4 Bedroom House Norwich,115 King Street,Norwich,NR9 6AB,1040000
6 Bedroom House Chelmsford,124 Park Road,Chelmsford,CM7 2AB,1010000
6 Bedroom Bungalow Cambridge,169 Mill Lane,Cambridge,CB4 1AB,1465000
6 Bedroom Cottage London,39 Springfield Road,London,E5 2AB,1320000
1 Bedroom House Colchester,143 High Street,Colchester,CO1 6AB,840000
6 Bedroom House Chelmsford,131 Park Road,Chelmsford,CM6 5AB,680000
1 Bedroom Bungalow Chelmsford,269 High Street,Chelmsford,CM5 3AB,740000
3 Bedroom House London,2 King Street,London,E5 3AB,1250000
2 Bedroom Apartment Chelmsford,135 Church Road,Chelmsford,CM3 2AB,880000
4 Bedroom House Ipswich,243 Queen Street,Ipswich,IP7 7AB,1390000
3 Bedroom House Ipswich,299 Park Road,Ipswich,IP8 3AB,350000
3 Bedroom Cottage London,15 Victoria Road,London,E2 6AB,185000
4 Bedroom House Chelmsford,84 Mill Lane,Chelmsford,CM8 7AB,940000
5 Bedroom Apartment London,160 Springfield Road,London,E8 6AB,620000
4 Bedroom Cottage London,132 London Road,London,E9 2AB,255000
4 Bedroom Cottage London,277 King Street,London,E4 2AB,1075000
1 Bedroom House Cambridge,196 Church Road,Cambridge,CB8 1AB,440000
6 Bedroom Cottage London,222 Springfield Road,London,E4 8AB,705000
3 Bedroom House Norwich,185 High Street,Norwich,NR8 3AB,805000
2 Bedroom Bungalow Colchester,232 King Street,Colchester,CO2 6AB,1365000
6 Bedroom Cottage London,156 Victoria Road,London,E1 3AB,470000
6 Bedroom House Cambridge,119 Queen Street,Cambridge,CB9 4AB,545000
3 Bedroom Cottage Chelmsford,54 Station Road,Chelmsford,CM1 6AB,195000
3 Bedroom Bungalow Norwich,256 High Street,Norwich,NR1 3AB,775000
3 Bedroom Bungalow London,157 Park Road,London,E1 6AB,1435000
5 Bedroom House London,141 Church Road,London,E9 1AB,170000
4 Bedroom Bungalow Colchester,112 Park Road,Colchester,CO8 6AB,1110000
5 Bedroom Apartment Cambridge,294 King Street,Cambridge,CB7 4AB,365000
2 Bedroom House Chelmsford,217 Queen Street,Chelmsford,CM3 4AB,335000
3 Bedroom Bungalow Ipswich,49 King Street,Ipswich,IP4 9AB,620000
3 Bedroom Apartment London,192 London Road,London,E4 1AB,230000
5 Bedroom Apartment Norwich,129 Queen Street,Norwich,NR6 3AB,1130000
4 Bedroom Cottage Colchester,295 Queen Street,Colchester,CO6 8AB,1220000
3 Bedroom Cottage Ipswich,110 Queen Street,Ipswich,IP5 5AB,530000
2 Bedroom Cottage London,214 Mill Lane,London,E8 6AB,735000
1 Bedroom Cottage Chelmsford,269 High Street,Chelmsford,CM8 5AB,490000
6 Bedroom House Norwich,254 London Road,Norwich,NR5 7AB,860000
1 Bedroom Bungalow Chelmsford,122 High Street,Chelmsford,CM7 8AB,255000
2 Bedroom Cottage London,177 Church Road,London,E9 4AB,1490000
1 Bedroom House Norwich,164 Park Road,Norwich,NR1 2AB,475000
6 Bedroom Bungalow Norwich,135 Springfield Road,Norwich,NR6 6AB,1115000
6 Bedroom Cottage Ipswich,24 Queen Street,Ipswich,IP9 1AB,780000
5 Bedroom Cottage Ipswich,46 High Street,Ipswich,IP7 2AB,225000
1 Bedroom Apartment Chelmsford,149 Park Road,Chelmsford,CM7 7AB,560000
6 Bedroom Bungalow Colchester,6 Queen Street,Colchester,CO5 5AB,675000
4 Bedroom House Cambridge,254 High Street,Cambridge,CB1 1AB,590000
6 Bedroom Bungalow Chelmsford,108 High Street,Chelmsford,CM1 8AB,640000
6 Bedroom Bungalow Norwich,25 High Street,Norwich,NR4 1AB,535000
6 Bedroom House London,115 King Street,London,E1 4AB,375000
5 Bedroom House London,53 Queen Street,London,E9 9AB,1360000
5 Bedroom Apartment Colchester,6 Queen Street,Colchester,CO7 2AB,665000
2 Bedroom Bungalow London,54 Church Road,London,E8 6AB,1060000
4 Bedroom Cottage Ipswich,37 Queen Street,Ipswich,IP6 9AB,800000
1 Bedroom Bungalow Colchester,278 High Street,Colchester,CO2 4AB,710000
2 Bedroom Bungalow Norwich,157 High Street,Norwich,NR8 9AB,705000
3 Bedroom Apartment Norwich,298 London Road,Norwich,NR8 7AB,460000
2 Bedroom Apartment Ipswich,174 London Road,Ipswich,IP9 5AB,480000
3 Bedroom House Ipswich,121 Church Road,Ipswich,IP1 4AB,995000
6 Bedroom House Ipswich,142 High Street,Ipswich,IP7 4AB,405000
2 Bedroom Bungalow Chelmsford,93 London Road,Chelmsford,CM8 6AB,790000
5 Bedroom Bungalow Colchester,28 Mill Lane,Colchester,CO1 7AB,1230000
1 Bedroom Apartment Ipswich,93 High Street,Ipswich,IP4 1AB,1230000
1 Bedroom House Norwich,34 Station Road,Norwich,NR1 3AB,1325000
5 Bedroom Bungalow Cambridge,91 King Street,Cambridge,CB7 6AB,1385000
1 Bedroom Apartment Norwich,5 Park Road,Norwich,NR9 5AB,635000
1 Bedroom Bungalow Chelmsford,257 Mill Lane,Chelmsford,CM5 5AB,825000
1 Bedroom Bungalow London,24 King Street,London,E2 3AB,1310000
6 Bedroom Cottage Cambridge,266 King Street,Cambridge,CB5 5AB,1000000
2 Bedroom Bungalow Cambridge,210 Mill Lane,Cambridge,CB2 5AB,1125000
5 Bedroom Cottage Chelmsford,40 Springfield Road,Chelmsford,CM4 9AB,485000
4 Bedroom Bungalow Ipswich,127 Station Road,Ipswich,IP9 1AB,1430000
6 Bedroom House Chelmsford,143 Mill Lane,Chelmsford,CM4 3AB,390000
2 Bedroom Bungalow Norwich,236 Mill Lane,Norwich,NR4 1AB,375000
6 Bedroom House Ipswich,7 High Street,Ipswich,IP3 5AB,765000
6 Bedroom House Chelmsford,103 High Street,Chelmsford,CM2 3AB,1455000
2 Bedroom Bungalow Norwich,127 Springfield Road,Norwich,NR8 3AB,1095000
6 Bedroom Cottage London,118 Victoria Road,London,E6 7AB,585000
4 Bedroom Bungalow Ipswich,142 Victoria Road,Ipswich,IP7 6AB,1495000
3 Bedroom Bungalow London,26 High Street,London,E5 4AB,670000
2 Bedroom Apartment Cambridge,169 Mill Lane,Cambridge,CB6 6AB,665000
5 Bedroom Cottage London,124 Queen Street,London,E9 6AB,855000
2 Bedroom Apartment Cambridge,227 London Road,Cambridge,CB3 3AB,1375000
4 Bedroom Bungalow Norwich,156 Station Road,Norwich,NR1 4AB,1235000
1 Bedroom Cottage Ipswich,184 King Street,Ipswich,IP6 6AB,830000
6 Bedroom Apartment Ipswich,10 High Street,Ipswich,IP4 3AB,620000
4 Bedroom Cottage Colchester,113 Park Road,Colchester,CO7 4AB,1250000
6 Bedroom Bungalow Chelmsford,245 Victoria Road,Chelmsford,CM5 9AB,1010000
4 Bedroom Apartment Norwich,169 King Street,Norwich,NR2 3AB,855000
2 Bedroom House Norwich,215 King Street,Norwich,NR7 7AB,850000
3 Bedroom Apartment Chelmsford,215 Church Road,Chelmsford,CM7 1AB,350000
6 Bedroom Cottage Norwich,155 King Street,Norwich,NR8 5AB,1425000
6 Bedroom Apartment Ipswich,38 King Street,Ipswich,IP8 1AB,315000
1 Bedroom Cottage Cambridge,105 King Street,Cambridge,CB3 7AB,1245000
3 Bedroom House Norwich,242 Church Road,Norwich,NR6 6AB,875000
4 Bedroom Bungalow Colchester,125 King Street,Colchester,CO2 8AB,890000
6 Bedroom Bungalow Ipswich,137 Victoria Road,Ipswich,IP3 5AB,180000
5 Bedroom Apartment Cambridge,16 High Street,Cambridge,CB9 2AB,1300000
5 Bedroom Apartment Ipswich,103 Victoria Road,Ipswich,IP6 9AB,700000
3 Bedroom House Chelmsford,37 Queen Street,Chelmsford,CM7 3AB,205000
1 Bedroom Apartment Norwich,15 Victoria Road,Norwich,NR3 2AB,1010000
5 Bedroom Apartment Cambridge,152 High Street,Cambridge,CB3 5AB,395000
1 Bedroom Apartment Colchester,121 Station Road,Colchester,CO8 5AB,825000
3 Bedroom House Cambridge,174 Park Road,Cambridge,CB4 6AB,525000
3 Bedroom House Norwich,192 Queen Street,Norwich,NR3 8AB,585000
5 Bedroom Cottage Cambridge,184 Mill Lane,Cambridge,CB9 3AB,500000
6 Bedroom Cottage Ipswich,139 High Street,Ipswich,IP7 9AB,1225000
3 Bedroom Bungalow Ipswich,98 Springfield Road,Ipswich,IP3 5AB,955000
1 Bedroom Bungalow London,213 High Street,London,E9 5AB,1495000
1 Bedroom Cottage Colchester,170 Church Road,Colchester,CO3 2AB,545000
2 Bedroom Apartment Ipswich,172 Victoria Road,Ipswich,IP6 6AB,720000
6 Bedroom House Norwich,11 Church Road,Norwich,NR3 1AB,750000
3 Bedroom House London,161 Church Road,London,E5 9AB,900000
2 Bedroom House Colchester,156 Station Road,Colchester,CO5 3AB,1190000
1 Bedroom Apartment Norwich,202 Victoria Road,Norwich,NR6 2AB,350000
4 Bedroom Apartment Chelmsford,217 High Street,Chelmsford,CM5 3AB,430000
2 Bedroom Apartment Chelmsford,294 London Road,Chelmsford,CM2 6AB,695000
4 Bedroom Apartment Chelmsford,251 Park Road,Chelmsford,CM1 9AB,380000
4 Bedroom Apartment Chelmsford,219 Church Road,Chelmsford,CM6 5AB,410000
5 Bedroom Bungalow Ipswich,183 Station Road,Ipswich,IP4 9AB,1455000
3 Bedroom Apartment Cambridge,128 London Road,Cambridge,CB7 5AB,765000
5 Bedroom Apartment London,84 Park Road,London,E9 3AB,470000
4 Bedroom Apartment Chelmsford,151 London Road,Chelmsford,CM5 1AB,1215000
4 Bedroom Cottage Cambridge,1 High Street,Cambridge,CB8 5AB,1150000
1 Bedroom Bungalow Cambridge,284 Mill Lane,Cambridge,CB7 2AB,675000
2 Bedroom Cottage Ipswich,164 London Road,Ipswich,IP4 5AB,1345000
2 Bedroom House Chelmsford,173 Springfield Road,Chelmsford,CM1 4AB,530000
5 Bedroom House London,169 High Street,London,E3 7AB,1330000
1 Bedroom House Cambridge,207 Springfield Road,Cambridge,CB3 9AB,1300000
5 Bedroom Cottage Chelmsford,131 Station Road,Chelmsford,CM7 8AB,1315000
3 Bedroom House Chelmsford,58 Springfield Road,Chelmsford,CM5 3AB,975000
3 Bedroom House Cambridge,156 Mill Lane,Cambridge,CB1 2AB,930000
4 Bedroom Bungalow Cambridge,255 Station Road,Cambridge,CB5 4AB,760000
5 Bedroom Bungalow Chelmsford,4 Springfield Road,Chelmsford,CM8 7AB,1190000
4 Bedroom Apartment Colchester,248 King Street,Colchester,CO5 5AB,635000
2 Bedroom Cottage London,273 London Road,London,E7 5AB,465000
6 Bedroom Bungalow Cambridge,192 Queen Street,Cambridge,CB3 3AB,755000
2 Bedroom Cottage Ipswich,43 Station Road,Ipswich,IP4 7AB,795000
4 Bedroom Cottage Colchester,29 King Street,Colchester,CO5 1AB,1035000
5 Bedroom Bungalow Ipswich,299 Mill Lane,Ipswich,IP6 4AB,835000
3 Bedroom Apartment Ipswich,143 Springfield Road,Ipswich,IP2 5AB,1265000
2 Bedroom Bungalow Norwich,65 High Street,Norwich,NR3 9AB,690000
5 Bedroom House Chelmsford,240 Queen Street,Chelmsford,CM9 2AB,605000
4 Bedroom Bungalow Chelmsford,283 Church Road,Chelmsford,CM7 4AB,710000
3 Bedroom House Cambridge,38 King Street,Cambridge,CB8 6AB,840000
3 Bedroom House Cambridge,72 Queen Street,Cambridge,CB8 2AB,775000
6 Bedroom House Colchester,264 Springfield Road,Colchester,CO7 5AB,355000
5 Bedroom House Cambridge,206 King Street,Cambridge,CB4 5AB,1230000
5 Bedroom Cottage Cambridge,141 Church Road,Cambridge,CB3 2AB,640000
5 Bedroom Apartment London,212 Mill Lane,London,E7 6AB,360000
1 Bedroom Apartment Norwich,154 Church Road,Norwich,NR4 3AB,605000
4 Bedroom House Colchester,56 Station Road,Colchester,CO8 1AB,1100000
2 Bedroom Apartment Colchester,170 Station Road,Colchester,CO9 5AB,265000
2 Bedroom Bungalow Norwich,152 Queen Street,Norwich,NR5 6AB,305000
3 Bedroom Apartment Colchester,150 Springfield Road,Colchester,CO9 2AB,925000
3 Bedroom Cottage Ipswich,248 King Street,Ipswich,IP1 6AB,1010000
5 Bedroom Apartment Colchester,56 King Street,Colchester,CO8 7AB,1320000
3 Bedroom Apartment Cambridge,118 Queen Street,Cambridge,CB5 7AB,1195000
4 Bedroom House Chelmsford,291 Station Road,Chelmsford,CM5 2AB,700000
5 Bedroom Cottage Chelmsford,135 Victoria Road,Chelmsford,CM1 1AB,1235000
2 Bedroom Cottage Norwich,122 London Road,Norwich,NR5 9AB,725000
6 Bedroom Cottage Ipswich,165 Queen Street,Ipswich,IP6 1AB,860000
4 Bedroom Apartment Cambridge,300 London Road,Cambridge,CB3 7AB,260000
1 Bedroom Bungalow London,205 High Street,London,E1 5AB,155000
1 Bedroom Apartment Colchester,153 Springfield Road,Colchester,CO5 4AB,545000
2 Bedroom House Norwich,148 Queen Street,Norwich,NR7 8AB,740000
3 Bedroom Apartment Chelmsford,129 King Street,Chelmsford,CM1 1AB,785000
6 Bedroom Cottage London,153 Mill Lane,London,E5 1AB,1095000
3 Bedroom Cottage Colchester,219 Park Road,Colchester,CO9 1AB,725000
6 Bedroom Apartment Colchester,149 High Street,Colchester,CO3 2AB,1395000
2 Bedroom House London,228 Mill Lane,London,E5 2AB,635000
6 Bedroom House Norwich,236 High Street,Norwich,NR8 9AB,160000
3 Bedroom Cottage London,150 King Street,London,E4 5AB,1090000
3 Bedroom Apartment Chelmsford,231 Springfield Road,Chelmsford,CM3 5AB,435000
5 Bedroom Bungalow London,187 Station Road,London,E8 1AB,585000
4 Bedroom House Chelmsford,158 Queen Street,Chelmsford,CM2 7AB,1140000
6 Bedroom House Norwich,55 Church Road,Norwich,NR5 7AB,580000
4 Bedroom Apartment Norwich,240 Mill Lane,Norwich,NR1 2AB,1160000
5 Bedroom Cottage Cambridge,112 Victoria Road,Cambridge,CB7 1AB,240000
1 Bedroom House Colchester,97 Station Road,Colchester,CO7 7AB,850000
3 Bedroom Apartment Cambridge,300 Church Road,Cambridge,CB9 4AB,965000
4 Bedroom House Chelmsford,254 Station Road,Chelmsford,CM2 2AB,435000
6 Bedroom House Cambridge,167 Springfield Road,Cambridge,CB5 4AB,1125000
4 Bedroom Bungalow Norwich,230 Mill Lane,Norwich,NR2 3AB,1095000
2 Bedroom House Chelmsford,3 Station Road,Chelmsford,CM6 4AB,845000
6 Bedroom Bungalow Cambridge,41 Mill Lane,Cambridge,CB3 4AB,560000
6 Bedroom Bungalow Ipswich,263 Church Road,Ipswich,IP5 5AB,330000
4 Bedroom Apartment Ipswich,108 High Street,Ipswich,IP3 9AB,1225000
2 Bedroom House Ipswich,145 London Road,Ipswich,IP4 1AB,910000
1 Bedroom Cottage Colchester,230 Park Road,Colchester,CO2 6AB,1275000
4 Bedroom Cottage London,273 Mill Lane,London,E9 7AB,475000
6 Bedroom Bungalow London,279 Park Road,London,E1 1AB,1305000
2 Bedroom Cottage Ipswich,132 London Road,Ipswich,IP7 5AB,1310000
2 Bedroom House Chelmsford,24 Station Road,Chelmsford,CM8 1AB,805000
4 Bedroom Bungalow Colchester,141 Station Road,Colchester,CO8 9AB,1180000
5 Bedroom Apartment London,68 Springfield Road,London,E6 7AB,180000
3 Bedroom Bungalow Cambridge,144 High Street,Cambridge,CB3 5AB,1425000
2 Bedroom House London,280 Victoria Road,London,E1 9AB,1050000
1 Bedroom Apartment Norwich,293 Mill Lane,Norwich,NR9 1AB,1160000
5 Bedroom Apartment Chelmsford,54 Mill Lane,Chelmsford,CM7 4AB,325000
3 Bedroom House Norwich,209 Queen Street,Norwich,NR9 9AB,890000
2 Bedroom Cottage Chelmsford,213 King Street,Chelmsford,CM1 5AB,1255000
6 Bedroom Cottage Colchester,71 Victoria Road,Colchester,CO7 4AB,1265000
4 Bedroom House Colchester,287 High Street,Colchester,CO2 6AB,1335000
6 Bedroom Apartment Colchester,97 Station Road,Colchester,CO9 9AB,1295000
3 Bedroom Cottage Chelmsford,146 Park Road,Chelmsford,CM6 9AB,165000
2 Bedroom Apartment Norwich,146 Park Road,Norwich,NR8 9AB,850000
3 Bedroom Apartment Colchester,231 Queen Street,Colchester,CO1 3AB,940000
2 Bedroom Apartment Chelmsford,192 Park Road,Chelmsford,CM9 8AB,1000000
6 Bedroom Cottage Cambridge,77 Station Road,Cambridge,CB2 2AB,345000
2 Bedroom House Norwich,238 Mill Lane,Norwich,NR3 1AB,955000
5 Bedroom Bungalow Ipswich,252 High Street,Ipswich,IP5 8AB,715000
6 Bedroom Apartment Cambridge,165 Springfield Road,Cambridge,CB3 2AB,1405000
5 Bedroom House Cambridge,109 High Street,Cambridge,CB4 3AB,480000
2 Bedroom Bungalow Norwich,45 Park Road,Norwich,NR6 2AB,1295000
3 Bedroom Cottage Colchester,62 King Street,Colchester,CO5 3AB,230000
3 Bedroom Cottage Ipswich,124 Park Road,Ipswich,IP5 4AB,1470000
6 Bedroom Cottage London,64 High Street,London,E9 3AB,1030000
4 Bedroom Bungalow Colchester,104 Mill Lane,Colchester,CO5 2AB,740000
3 Bedroom House Norwich,104 Station Road,Norwich,NR3 3AB,605000
3 Bedroom Cottage Cambridge,119 Church Road,Cambridge,CB4 1AB,975000
5 Bedroom Apartment London,236 Station Road,London,E5 4AB,540000
3 Bedroom House Chelmsford,139 Church Road,Chelmsford,CM7 1AB,500000
5 Bedroom Cottage Cambridge,145 Church Road,Cambridge,CB4 7AB,1030000
5 Bedroom Apartment Norwich,172 Queen Street,Norwich,NR6 3AB,1175000
3 Bedroom Cottage Colchester,135 High Street,Colchester,CO2 5AB,750000
6 Bedroom Apartment Ipswich,89 London Road,Ipswich,IP5 5AB,200000
3 Bedroom Bungalow Ipswich,264 Victoria Road,Ipswich,IP7 7AB,1335000
4 Bedroom Bungalow Ipswich,171 Station Road,Ipswich,IP7 2AB,860000
2 Bedroom Cottage Chelmsford,229 Park Road,Chelmsford,CM8 3AB,530000
5 Bedroom Bungalow London,188 Park Road,London,E1 2AB,225000
6 Bedroom Cottage Chelmsford,21 King Street,Chelmsford,CM8 8AB,1290000
2 Bedroom Cottage Colchester,296 Mill Lane,Colchester,CO2 9AB,270000
3 Bedroom House Ipswich,284 High Street,Ipswich,IP9 1AB,590000
5 Bedroom Bungalow Chelmsford,215 Station Road,Chelmsford,CM1 5AB,155000
5 Bedroom Apartment Colchester,110 High Street,Colchester,CO8 4AB,655000
2 Bedroom Cottage Colchester,12 Springfield Road,Colchester,CO6 5AB,815000
5 Bedroom Apartment Colchester,161 Queen Street,Colchester,CO8 1AB,625000
4 Bedroom Bungalow Chelmsford,3 Victoria Road,Chelmsford,CM9 2AB,945000
1 Bedroom Apartment London,133 Springfield Road,London,E6 4AB,315000
1 Bedroom Bungalow London,197 Station Road,London,E4 2AB,755000
5 Bedroom House Colchester,161 Victoria Road,Colchester,CO4 5AB,475000
4 Bedroom Apartment Ipswich,16 Victoria Road,Ipswich,IP9 1AB,1345000
4 Bedroom Apartment Colchester,254 Church Road,Colchester,CO5 5AB,295000
1 Bedroom Cottage Ipswich,203 High Street,Ipswich,IP7 1AB,1090000
4 Bedroom Cottage London,55 Queen Street,London,E6 7AB,1285000
2 Bedroom Bungalow London,13 Station Road,London,E1 5AB,430000
1 Bedroom Cottage Cambridge,163 Park Road,Cambridge,CB8 1AB,240000
3 Bedroom House Norwich,142 Church Road,Norwich,NR6 1AB,1280000
1 Bedroom House Chelmsford,100 Mill Lane,Chelmsford,CM9 5AB,1130000
1 Bedroom Bungalow London,96 King Street,London,E3 6AB,965000
5 Bedroom Apartment Cambridge,135 Station Road,Cambridge,CB7 1AB,605000
2 Bedroom House Colchester,162 High Street,Colchester,CO6 3AB,170000
4 Bedroom Cottage Chelmsford,213 Church Road,Chelmsford,CM6 8AB,1435000
6 Bedroom Apartment Cambridge,93 Park Road,Cambridge,CB7 8AB,565000
6 Bedroom House Cambridge,252 Springfield Road,Cambridge,CB7 2AB,1260000
5 Bedroom House Chelmsford,237 London Road,Chelmsford,CM1 3AB,400000
3 Bedroom Bungalow Cambridge,284 Springfield Road,Cambridge,CB3 3AB,825000
1 Bedroom House Chelmsford,216 London Road,Chelmsford,CM3 3AB,1395000
5 Bedroom Bungalow Chelmsford,92 High Street,Chelmsford,CM3 9AB,645000
3 Bedroom Bungalow London,7 High Street,London,E1 8AB,620000
6 Bedroom House Norwich,241 Springfield Road,Norwich,NR8 1AB,890000
3 Bedroom Bungalow Norwich,38 Station Road,Norwich,NR9 8AB,425000
1 Bedroom Apartment Cambridge,58 Station Road,Cambridge,CB2 3AB,1090000
3 Bedroom Apartment Cambridge,155 High Street,Cambridge,CB6 2AB,820000
1 Bedroom Cottage Colchester,268 Victoria Road,Colchester,CO4 4AB,1400000
6 Bedroom Apartment Chelmsford,280 Station Road,Chelmsford,CM8 2AB,180000
2 Bedroom House Chelmsford,54 Park Road,Chelmsford,CM3 2AB,830000
6 Bedroom House Ipswich,244 Station Road,Ipswich,IP1 1AB,855000
1 Bedroom House London,252 Victoria Road,London,E2 4AB,415000
2 Bedroom Bungalow Colchester,93 London Road,Colchester,CO9 9AB,1465000
4 Bedroom Apartment Ipswich,191 Park Road,Ipswich,IP3 5AB,880000
4 Bedroom Bungalow Chelmsford,52 Victoria Road,Chelmsford,CM8 6AB,385000
3 Bedroom Apartment Colchester,229 High Street,Colchester,CO9 7AB,870000
6 Bedroom Bungalow Ipswich,23 Station Road,Ipswich,IP6 9AB,985000
5 Bedroom Apartment Colchester,216 Mill Lane,Colchester,CO8 6AB,1085000
1 Bedroom Apartment Chelmsford,82 Springfield Road,Chelmsford,CM5 4AB,200000
2 Bedroom House London,269 High Street,London,E1 2AB,1220000
3 Bedroom Cottage London,75 King Street,London,E6 3AB,380000
4 Bedroom Apartment London,270 Springfield Road,London,E2 1AB,510000
5 Bedroom Bungalow Cambridge,81 Mill Lane,Cambridge,CB3 9AB,795000
6 Bedroom Bungalow Ipswich,114 Mill Lane,Ipswich,IP2 9AB,705000
3 Bedroom Cottage Norwich,89 Church Road,Norwich,NR3 4AB,635000
5 Bedroom Bungalow Colchester,231 London Road,Colchester,CO3 3AB,285000
2 Bedroom Cottage Colchester,121 Queen Street,Colchester,CO8 5AB,1020000
6 Bedroom Cottage Ipswich,224 Mill Lane,Ipswich,IP5 7AB,555000
5 Bedroom Cottage Colchester,203 London Road,Colchester,CO2 6AB,1325000
1 Bedroom Bungalow London,184 Mill Lane,London,E4 9AB,1480000
3 Bedroom Bungalow Cambridge,109 Springfield Road,Cambridge,CB8 8AB,980000
2 Bedroom House Ipswich,99 London Road,Ipswich,IP2 3AB,665000
6 Bedroom Apartment London,49 Church Road,London,E7 1AB,445000
3 Bedroom House Cambridge,87 King Street,Cambridge,CB8 4AB,1430000
6 Bedroom Bungalow Ipswich,89 King Street,Ipswich,IP9 2AB,1450000
5 Bedroom House Chelmsford,67 High Street,Chelmsford,CM5 2AB,160000
1 Bedroom House Norwich,40 Station Road,Norwich,NR2 4AB,475000
1 Bedroom Bungalow Ipswich,153 Park Road,Ipswich,IP2 9AB,605000
1 Bedroom House Cambridge,148 London Road,Cambridge,CB9 3AB,430000
5 Bedroom Bungalow Colchester,296 Church Road,Colchester,CO5 3AB,1050000
3 Bedroom Bungalow London,152 Station Road,London,E8 7AB,280000
5 Bedroom Cottage Chelmsford,68 Springfield Road,Chelmsford,CM8 8AB,1145000
1 Bedroom Cottage Chelmsford,225 Mill Lane,Chelmsford,CM4 6AB,855000
1 Bedroom Apartment Norwich,111 Victoria Road,Norwich,NR3 5AB,460000
2 Bedroom Apartment Ipswich,46 Park Road,Ipswich,IP9 8AB,1040000
5 Bedroom House Ipswich,70 Mill Lane,Ipswich,IP4 7AB,1040000
6 Bedroom Cottage London,40 London Road,London,E1 2AB,1045000
1 Bedroom Bungalow Norwich,83 Victoria Road,Norwich,NR5 5AB,1285000
5 Bedroom Bungalow Chelmsford,285 Station Road,Chelmsford,CM3 3AB,795000
2 Bedroom Cottage Colchester,20 Springfield Road,Colchester,CO4 1AB,580000
5 Bedroom Bungalow London,45 Victoria Road,London,E3 9AB,775000
1 Bedroom House Chelmsford,251 King Street,Chelmsford,CM7 9AB,785000
2 Bedroom Bungalow Ipswich,52 Park Road,Ipswich,IP6 9AB,560000
3 Bedroom House Ipswich,260 Victoria Road,Ipswich,IP6 1AB,660000
1 Bedroom Bungalow Chelmsford,158 Queen Street,Chelmsford,CM3 2AB,1190000
5 Bedroom Cottage Colchester,18 London Road,Colchester,CO1 1AB,1475000
5 Bedroom Cottage Chelmsford,98 Victoria Road,Chelmsford,CM2 5AB,605000
2 Bedroom House Chelmsford,43 Mill Lane,Chelmsford,CM3 7AB,495000
2 Bedroom Cottage Chelmsford,135 London Road,Chelmsford,CM1 2AB,1375000
6 Bedroom Cottage Norwich,280 King Street,Norwich,NR2 1AB,655000
2 Bedroom Apartment Ipswich,115 Station Road,Ipswich,IP3 3AB,680000
6 Bedroom Cottage Norwich,14 Park Road,Norwich,NR8 8AB,745000
6 Bedroom Bungalow London,58 Station Road,London,E1 4AB,915000
6 Bedroom Cottage Norwich,153 Park Road,Norwich,NR3 3AB,955000
4 Bedroom House London,13 King Street,London,E7 1AB,1285000
6 Bedroom Bungalow Cambridge,36 London Road,Cambridge,CB5 3AB,1155000
3 Bedroom Cottage Norwich,98 King Street,Norwich,NR4 8AB,1060000
6 Bedroom Bungalow London,175 Station Road,London,E8 1AB,170000
5 Bedroom Cottage Cambridge,230 Park Road,Cambridge,CB8 5AB,640000
1 Bedroom Apartment Colchester,81 London Road,Colchester,CO8 3AB,870000
5 Bedroom House Chelmsford,76 Park Road,Chelmsford,CM3 6AB,1395000
1 Bedroom Bungalow Colchester,206 Church Road,Colchester,CO7 7AB,440000
6 Bedroom Apartment Norwich,80 Mill Lane,Norwich,NR8 1AB,1220000
3 Bedroom Apartment London,189 Church Road,London,E7 7AB,555000
2 Bedroom House Ipswich,19 London Road,Ipswich,IP4 5AB,840000
5 Bedroom House London,131 High Street,London,E7 3AB,1145000
6 Bedroom Bungalow Colchester,129 Park Road,Colchester,CO1 9AB,785000
4 Bedroom House Ipswich,71 High Street,Ipswich,IP4 9AB,1085000
2 Bedroom Bungalow Cambridge,120 Queen Street,Cambridge,CB6 2AB,895000
3 Bedroom Bungalow Ipswich,270 Springfield Road,Ipswich,IP6 9AB,1215000
6 Bedroom Cottage Ipswich,242 Queen Street,Ipswich,IP6 5AB,1215000
4 Bedroom Apartment Ipswich,197 Mill Lane,Ipswich,IP5 8AB,1030000
6 Bedroom Apartment London,81 King Street,London,E2 4AB,1325000
6 Bedroom Apartment Cambridge,17 Mill Lane,Cambridge,CB6 4AB,185000
3 Bedroom House Ipswich,215 High Street,Ipswich,IP1 6AB,1120000
4 Bedroom House Ipswich,140 Mill Lane,Ipswich,IP6 5AB,455000
3 Bedroom Cottage London,154 Queen Street,London,E1 6AB,1485000
4 Bedroom Bungalow Cambridge,51 Mill Lane,Cambridge,CB1 8AB,405000
1 Bedroom Cottage Ipswich,264 Queen Street,Ipswich,IP3 6AB,335000
3 Bedroom Apartment London,264 Queen Street,London,E4 8AB,945000
1 Bedroom Apartment Cambridge,160 Queen Street,Cambridge,CB5 5AB,975000
1 Bedroom Cottage Ipswich,212 King Street,Ipswich,IP4 6AB,645000
4 Bedroom Apartment Ipswich,55 Mill Lane,Ipswich,IP1 4AB,460000
1 Bedroom Bungalow Cambridge,86 Queen Street,Cambridge,CB8 3AB,670000
1 Bedroom Bungalow Ipswich,59 Queen Street,Ipswich,IP9 9AB,760000
3 Bedroom Cottage Colchester,35 Queen Street,Colchester,CO7 2AB,710000
1 Bedroom House Cambridge,205 Park Road,Cambridge,CB7 9AB,1140000
2 Bedroom Apartment Colchester,160 London Road,Colchester,CO7 2AB,240000
6 Bedroom Apartment Chelmsford,3 Park Road,Chelmsford,CM7 4AB,310000
2 Bedroom Apartment London,234 Mill Lane,London,E9 7AB,1415000
2 Bedroom House Colchester,48 Springfield Road,Colchester,CO2 3AB,560000
4 Bedroom Apartment Colchester,48 Church Road,Colchester,CO4 3AB,580000
3 Bedroom Bungalow Ipswich,5 Park Road,Ipswich,IP5 3AB,405000
1 Bedroom Cottage Cambridge,226 Victoria Road,Cambridge,CB1 6AB,1410000
5 Bedroom Bungalow Cambridge,79 Church Road,Cambridge,CB5 7AB,1050000
3 Bedroom Bungalow Ipswich,193 Station Road,Ipswich,IP8 8AB,450000
4 Bedroom Cottage Cambridge,288 King Street,Cambridge,CB3 1AB,850000
6 Bedroom Cottage London,246 Queen Street,London,E9 1AB,205000
2 Bedroom Cottage London,130 King Street,London,E5 4AB,420000
2 Bedroom Cottage London,11 Victoria Road,London,E3 1AB,275000
6 Bedroom Cottage Ipswich,273 Park Road,Ipswich,IP6 7AB,1330000
4 Bedroom Bungalow Chelmsford,25 Queen Street,Chelmsford,CM9 8AB,1480000
4 Bedroom House Chelmsford,111 London Road,Chelmsford,CM1 2AB,1450000
5 Bedroom Bungalow Chelmsford,32 London Road,Chelmsford,CM9 9AB,1495000
1 Bedroom Cottage Norwich,216 Victoria Road,Norwich,NR8 8AB,180000
4 Bedroom Apartment Chelmsford,266 Park Road,Chelmsford,CM5 2AB,1105000
2 Bedroom Apartment Colchester,128 London Road,Colchester,CO5 6AB,1295000
4 Bedroom Bungalow Norwich,21 Church Road,Norwich,NR7 1AB,250000
4 Bedroom Cottage Chelmsford,60 Church Road,Chelmsford,CM9 6AB,1335000
3 Bedroom Apartment Colchester,50 Church Road,Colchester,CO3 8AB,1250000
5 Bedroom Apartment London,294 Station Road,London,E5 8AB,465000
3 Bedroom Bungalow Cambridge,282 King Street,Cambridge,CB9 7AB,840000
4 Bedroom Apartment London,58 Station Road,London,E5 4AB,355000
1 Bedroom House London,298 Springfield Road,London,E1 6AB,480000
5 Bedroom Bungalow London,173 London Road,London,E8 9AB,640000
2 Bedroom Apartment Chelmsford,71 Park Road,Chelmsford,CM2 3AB,575000
2 Bedroom House Ipswich,299 Springfield Road,Ipswich,IP2 2AB,1090000
4 Bedroom Apartment Chelmsford,162 Station Road,Chelmsford,CM4 3AB,345000
4 Bedroom Cottage Colchester,288 Park Road,Colchester,CO7 2AB,1420000
2 Bedroom House Chelmsford,23 High Street,Chelmsford,CM4 3AB,335000
5 Bedroom House London,272 Victoria Road,London,E4 3AB,1435000
6 Bedroom Bungalow Ipswich,223 Mill Lane,Ipswich,IP8 3AB,620000
1 Bedroom Apartment Colchester,2 Park Road,Colchester,CO5 9AB,560000
2 Bedroom House Ipswich,104 Springfield Road,Ipswich,IP8 2AB,1100000
2 Bedroom Bungalow Chelmsford,133 Station Road,Chelmsford,CM9 3AB,1205000
5 Bedroom Cottage Chelmsford,151 King Street,Chelmsford,CM5 6AB,700000
4 Bedroom House Norwich,207 Park Road,Norwich,NR2 6AB,1160000
1 Bedroom House Colchester,105 Mill Lane,Colchester,CO2 1AB,180000
2 Bedroom Apartment Norwich,27 Station Road,Norwich,NR8 4AB,1300000
1 Bedroom Apartment Ipswich,136 Springfield Road,Ipswich,IP3 8AB,670000
3 Bedroom House Chelmsford,230 London Road,Chelmsford,CM2 8AB,270000
1 Bedroom Apartment Cambridge,86 Park Road,Cambridge,CB6 4AB,565000
1 Bedroom Bungalow London,197 High Street,London,E9 4AB,1035000
1 Bedroom Bungalow Colchester,134 London Road,Colchester,CO2 2AB,550000
5 Bedroom Bungalow London,268 London Road,London,E2 7AB,1340000
3 Bedroom Cottage Norwich,296 Springfield Road,Norwich,NR6 3AB,1010000
1 Bedroom Bungalow Chelmsford,96 King Street,Chelmsford,CM5 8AB,610000
1 Bedroom Bungalow London,4 London Road,London,E1 9AB,430000
5 Bedroom Cottage Chelmsford,218 Station Road,Chelmsford,CM6 8AB,1415000
1 Bedroom Bungalow Cambridge,272 Church Road,Cambridge,CB5 4AB,825000
6 Bedroom Apartment London,138 Station Road,London,E5 4AB,340000
3 Bedroom House Norwich,209 Park Road,Norwich,NR7 4AB,1065000
4 Bedroom House Norwich,218 Station Road,Norwich,NR7 4AB,815000
3 Bedroom House Colchester,21 High Street,Colchester,CO8 6AB,675000
2 Bedroom Apartment Ipswich,287 Park Road,Ipswich,IP5 5AB,1195000
3 Bedroom Apartment Norwich,255 Mill Lane,Norwich,NR6 4AB,565000
3 Bedroom Bungalow Cambridge,104 High Street,Cambridge,CB5 9AB,1335000
1 Bedroom Apartment Chelmsford,292 High Street,Chelmsford,CM6 1AB,1205000
1 Bedroom House Chelmsford,180 Park Road,Chelmsford,CM1 7AB,1210000
1 Bedroom House Chelmsford,115 King Street,Chelmsford,CM6 8AB,565000
5 Bedroom Cottage Ipswich,148 Springfield Road,Ipswich,IP9 7AB,610000
5 Bedroom Cottage London,279 Queen Street,London,E6 6AB,765000
1 Bedroom Bungalow Chelmsford,199 Church Road,Chelmsford,CM3 8AB,510000
5 Bedroom House Cambridge,197 Mill Lane,Cambridge,CB5 5AB,440000
5 Bedroom House London,175 Victoria Road,London,E2 3AB,1075000
3 Bedroom Apartment Chelmsford,63 Queen Street,Chelmsford,CM7 8AB,200000
6 Bedroom Apartment Colchester,12 King Street,Colchester,CO4 3AB,690000
5 Bedroom Apartment Ipswich,299 Mill Lane,Ipswich,IP4 1AB,1160000
6 Bedroom Apartment Colchester,53 High Street,Colchester,CO4 9AB,1110000
6 Bedroom Apartment Cambridge,46 Queen Street,Cambridge,CB1 9AB,1090000
1 Bedroom Bungalow Cambridge,193 Springfield Road,Cambridge,CB2 8AB,385000
6 Bedroom Cottage Cambridge,133 Queen Street,Cambridge,CB8 7AB,330000
4 Bedroom Apartment London,12 High Street,London,E7 9AB,850000
3 Bedroom Cottage Colchester,287 Springfield Road,Colchester,CO4 2AB,925000
3 Bedroom House Ipswich,197 Park Road,Ipswich,IP2 4AB,1115000
5 Bedroom House Norwich,52 High Street,Norwich,NR6 3AB,550000
1 Bedroom Bungalow Colchester,83 Springfield Road,Colchester,CO3 6AB,1185000
2 Bedroom House Ipswich,283 London Road,Ipswich,IP8 5AB,1065000
6 Bedroom House Norwich,52 Station Road,Norwich,NR7 4AB,395000
2 Bedroom Bungalow Cambridge,111 Church Road,Cambridge,CB7 7AB,430000
2 Bedroom Bungalow Chelmsford,296 Mill Lane,Chelmsford,CM4 9AB,910000
4 Bedroom Apartment Colchester,12 King Street,Colchester,CO4 2AB,1350000
5 Bedroom Cottage Cambridge,30 London Road,Cambridge,CB9 5AB,1085000
6 Bedroom House Norwich,241 Queen Street,Norwich,NR8 5AB,1460000
5 Bedroom Bungalow Cambridge,247 London Road,Cambridge,CB2 3AB,340000
1 Bedroom House Cambridge,176 King Street,Cambridge,CB2 2AB,1075000
6 Bedroom House Cambridge,236 Mill Lane,Cambridge,CB4 7AB,410000
5 Bedroom Bungalow Chelmsford,185 High Street,Chelmsford,CM8 1AB,1135000
2 Bedroom Cottage Ipswich,91 Mill Lane,Ipswich,IP2 4AB,690000
3 Bedroom Bungalow Chelmsford,243 Springfield Road,Chelmsford,CM8 2AB,775000
5 Bedroom Apartment London,185 Station Road,London,E5 9AB,1145000
5 Bedroom House Norwich,146 Church Road,Norwich,NR4 3AB,245000
3 Bedroom Bungalow Colchester,183 Mill Lane,Colchester,CO1 3AB,180000
5 Bedroom Apartment Cambridge,231 Park Road,Cambridge,CB4 8AB,240000
5 Bedroom House Cambridge,256 High Street,Cambridge,CB5 1AB,1415000
4 Bedroom Apartment Norwich,199 Queen Street,Norwich,NR5 3AB,275000
5 Bedroom Cottage London,73 High Street,London,E2 5AB,670000
1 Bedroom Bungalow Norwich,294 Queen Street,Norwich,NR1 3AB,1210000
5 Bedroom Apartment Cambridge,78 Park Road,Cambridge,CB5 4AB,1050000
2 Bedroom House Chelmsford,131 Springfield Road,Chelmsford,CM1 7AB,510000
3 Bedroom House London,28 Park Road,London,E6 1AB,1395000
5 Bedroom Bungalow Norwich,204 London Road,Norwich,NR8 5AB,1105000
4 Bedroom House Chelmsford,76 King Street,Chelmsford,CM5 1AB,705000
6 Bedroom Apartment Norwich,196 Queen Street,Norwich,NR7 4AB,165000
2 Bedroom Bungalow Norwich,284 Victoria Road,Norwich,NR7 6AB,405000
6 Bedroom House Norwich,95 Church Road,Norwich,NR6 9AB,275000
5 Bedroom Cottage Ipswich,149 Church Road,Ipswich,IP1 6AB,1085000
6 Bedroom Cottage Colchester,16 Victoria Road,Colchester,CO6 4AB,605000
4 Bedroom House London,125 Queen Street,London,E8 6AB,1200000
6 Bedroom Bungalow London,296 Springfield Road,London,E2 9AB,805000
6 Bedroom Apartment Norwich,104 King Street,Norwich,NR5 6AB,410000
6 Bedroom Bungalow Colchester,183 Station Road,Colchester,CO3 1AB,945000
6 Bedroom Bungalow Colchester,297 Park Road,Colchester,CO2 6AB,1085000
4 Bedroom Apartment London,10 London Road,London,E5 3AB,345000
1 Bedroom House London,102 Victoria Road,London,E5 3AB,575000
2 Bedroom House Colchester,197 Station Road,Colchester,CO9 5AB,585000
4 Bedroom Bungalow London,205 Queen Street,London,E3 2AB,1155000
1 Bedroom Bungalow Chelmsford,272 London Road,Chelmsford,CM7 4AB,1355000
5 Bedroom Cottage Norwich,14 Victoria Road,Norwich,NR3 1AB,765000
6 Bedroom Cottage Norwich,163 Mill Lane,Norwich,NR5 3AB,175000
2 Bedroom House Ipswich,8 London Road,Ipswich,IP4 7AB,545000
3 Bedroom Cottage Norwich,179 Park Road,Norwich,NR9 5AB,1230000
6 Bedroom Apartment Ipswich,173 High Street,Ipswich,IP2 1AB,1130000
2 Bedroom Bungalow Colchester,292 High Street,Colchester,CO5 9AB,300000
5 Bedroom Bungalow Cambridge,12 Church Road,Cambridge,CB5 1AB,425000
3 Bedroom Cottage Ipswich,28 Church Road,Ipswich,IP2 5AB,325000
2 Bedroom Bungalow Ipswich,242 London Road,Ipswich,IP8 6AB,170000
4 Bedroom Apartment Colchester,300 Station Road,Colchester,CO3 4AB,1485000
3 Bedroom Apartment Ipswich,141 London Road,Ipswich,IP8 6AB,330000
6 Bedroom Cottage London,152 High Street,London,E6 5AB,1260000
2 Bedroom Bungalow Norwich,180 London Road,Norwich,NR6 2AB,720000
1 Bedroom House Colchester,289 Church Road,Colchester,CO6 4AB,810000
1 Bedroom House Ipswich,234 Springfield Road,Ipswich,IP5 1AB,905000
3 Bedroom House Ipswich,124 London Road,Ipswich,IP5 3AB,1060000
3 Bedroom House Cambridge,50 Park Road,Cambridge,CB3 2AB,315000
4 Bedroom Bungalow Norwich,99 Church Road,Norwich,NR9 8AB,265000
1 Bedroom House Norwich,2 London Road,Norwich,NR1 7AB,695000
6 Bedroom Cottage Ipswich,20 Church Road,Ipswich,IP7 5AB,1200000
1 Bedroom Bungalow London,211 Victoria Road,London,E1 2AB,795000
1 Bedroom Apartment Ipswich,72 Queen Street,Ipswich,IP4 8AB,1055000
1 Bedroom Cottage Ipswich,87 King Street,Ipswich,IP7 6AB,195000
6 Bedroom House London,109 Victoria Road,London,E9 1AB,330000
3 Bedroom Apartment Colchester,190 Mill Lane,Colchester,CO9 4AB,1440000
2 Bedroom Cottage Cambridge,298 Park Road,Cambridge,CB3 9AB,375000
1 Bedroom Bungalow Chelmsford,251 Mill Lane,Chelmsford,CM9 4AB,735000
5 Bedroom Bungalow London,209 London Road,London,E8 2AB,565000
1 Bedroom Cottage Cambridge,196 Springfield Road,Cambridge,CB7 9AB,1290000
6 Bedroom Apartment Ipswich,103 Church Road,Ipswich,IP5 1AB,590000
3 Bedroom Bungalow Chelmsford,222 London Road,Chelmsford,CM9 6AB,1225000
2 Bedroom Bungalow Colchester,289 Mill Lane,Colchester,CO8 2AB,805000
1 Bedroom Cottage Colchester,109 Park Road,Colchester,CO6 3AB,930000
4 Bedroom House Chelmsford,135 Victoria Road,Chelmsford,CM1 4AB,1250000
2 Bedroom Cottage Colchester,296 Mill Lane,Colchester,CO5 8AB,390000
5 Bedroom Apartment Cambridge,271 Station Road,Cambridge,CB9 2AB,1315000
3 Bedroom Apartment London,163 London Road,London,E9 1AB,1000000
6 Bedroom Apartment Colchester,130 Mill Lane,Colchester,CO7 7AB,170000
2 Bedroom Bungalow Cambridge,153 London Road,Cambridge,CB4 5AB,970000
3 Bedroom Bungalow Norwich,293 King Street,Norwich,NR1 9AB,965000
2 Bedroom Bungalow London,145 London Road,London,E7 1AB,1440000
5 Bedroom Bungalow London,284 Station Road,London,E6 1AB,1280000
1 Bedroom Cottage Ipswich,136 High Street,Ipswich,IP8 6AB,1465000
5 Bedroom Apartment Ipswich,298 Mill Lane,Ipswich,IP2 1AB,180000
5 Bedroom Cottage Norwich,225 Mill Lane,Norwich,NR3 3AB,800000
6 Bedroom Apartment Cambridge,33 King Street,Cambridge,CB5 8AB,1095000
3 Bedroom House Colchester,143 London Road,Colchester,CO3 7AB,245000
5 Bedroom Bungalow Colchester,75 High Street,Colchester,CO8 8AB,1110000
6 Bedroom Bungalow London,177 Mill Lane,London,E9 9AB,985000
5 Bedroom Bungalow Ipswich,36 Queen Street,Ipswich,IP4 2AB,460000
3 Bedroom Bungalow Cambridge,66 High Street,Cambridge,CB4 1AB,1485000
6 Bedroom House Norwich,70 High Street,Norwich,NR9 1AB,1310000
6 Bedroom House Ipswich,185 King Street,Ipswich,IP9 1AB,220000
1 Bedroom Bungalow Chelmsford,94 Mill Lane,Chelmsford,CM5 7AB,615000
2 Bedroom Cottage Ipswich,153 Mill Lane,Ipswich,IP2 2AB,995000
4 Bedroom Cottage Colchester,111 Church Road,Colchester,CO2 2AB,1355000
5 Bedroom Apartment Cambridge,129 King Street,Cambridge,CB4 1AB,1100000
4 Bedroom Apartment Colchester,191 Church Road,Colchester,CO8 5AB,960000
6 Bedroom Cottage Norwich,124 Park Road,Norwich,NR6 9AB,435000
4 Bedroom Bungalow Colchester,232 Station Road,Colchester,CO5 3AB,980000
5 Bedroom Bungalow Cambridge,210 King Street,Cambridge,CB2 3AB,1205000
6 Bedroom Bungalow Chelmsford,197 High Street,Chelmsford,CM9 5AB,1150000
2 Bedroom Cottage Cambridge,113 High Street,Cambridge,CB3 6AB,755000
4 Bedroom House London,253 Mill Lane,London,E9 4AB,730000
3 Bedroom House Norwich,175 Victoria Road,Norwich,NR2 8AB,755000
3 Bedroom House Ipswich,217 King Street,Ipswich,IP3 2AB,545000
1 Bedroom Bungalow Ipswich,181 Springfield Road,Ipswich,IP6 6AB,1415000
5 Bedroom Bungalow London,47 Victoria Road,London,E6 9AB,425000
5 Bedroom Apartment Chelmsford,48 Springfield Road,Chelmsford,CM4 7AB,365000
2 Bedroom House London,138 Victoria Road,London,E6 2AB,415000
1 Bedroom Cottage Cambridge,63 Park Road,Cambridge,CB1 4AB,1270000
2 Bedroom Apartment Cambridge,107 Church Road,Cambridge,CB3 3AB,640000
5 Bedroom Cottage Chelmsford,6 High Street,Chelmsford,CM4 3AB,880000
4 Bedroom Bungalow Colchester,134 Mill Lane,Colchester,CO9 3AB,910000
2 Bedroom Bungalow Cambridge,227 Park Road,Cambridge,CB3 4AB,440000
6 Bedroom Bungalow Ipswich,293 Springfield Road,Ipswich,IP2 9AB,880000
6 Bedroom Cottage London,24 London Road,London,E2 7AB,1025000
2 Bedroom House Chelmsford,56 Station Road,Chelmsford,CM2 4AB,945000
3 Bedroom Bungalow Colchester,195 Mill Lane,Colchester,CO6 2AB,525000
6 Bedroom Cottage London,259 Victoria Road,London,E2 8AB,880000
2 Bedroom House Chelmsford,223 Queen Street,Chelmsford,CM8 7AB,1415000
5 Bedroom House Norwich,107 Queen Street,Norwich,NR3 7AB,410000
5 Bedroom House Colchester,96 London Road,Colchester,CO9 5AB,675000
3 Bedroom House Cambridge,14 Springfield Road,Cambridge,CB7 8AB,1430000
1 Bedroom Apartment Norwich,170 Church Road,Norwich,NR4 1AB,1340000
3 Bedroom Apartment Norwich,264 Park Road,Norwich,NR2 1AB,980000
2 Bedroom Apartment Cambridge,162 Park Road,Cambridge,CB2 8AB,490000
1 Bedroom Apartment Cambridge,120 Station Road,Cambridge,CB5 5AB,265000
3 Bedroom Apartment Cambridge,156 London Road,Cambridge,CB6 5AB,1155000
6 Bedroom Cottage London,84 Station Road,London,E4 6AB,750000
3 Bedroom Bungalow Colchester,3 Victoria Road,Colchester,CO9 4AB,390000
1 Bedroom Cottage Ipswich,246 London Road,Ipswich,IP7 6AB,1345000
6 Bedroom Cottage Cambridge,174 High Street,Cambridge,CB9 5AB,840000
5 Bedroom Bungalow Chelmsford,241 Station Road,Chelmsford,CM1 6AB,1375000
1 Bedroom Apartment Chelmsford,168 Victoria Road,Chelmsford,CM5 7AB,565000
2 Bedroom Apartment Ipswich,242 Mill Lane,Ipswich,IP6 4AB,620000
6 Bedroom Bungalow London,189 High Street,London,E7 6AB,920000
3 Bedroom Bungalow Chelmsford,148 Springfield Road,Chelmsford,CM4 9AB,490000
5 Bedroom House London,163 King Street,London,E1 9AB,1380000
2 Bedroom Apartment Colchester,10 London Road,Colchester,CO9 1AB,275000
1 Bedroom Bungalow Cambridge,77 High Street,Cambridge,CB1 6AB,1355000
3 Bedroom Bungalow Colchester,93 High Street,Colchester,CO3 2AB,1455000
2 Bedroom Apartment Cambridge,3 High Street,Cambridge,CB2 1AB,775000
1 Bedroom Apartment Chelmsford,236 King Street,Chelmsford,CM2 3AB,1345000
2 Bedroom House London,85 London Road,London,E9 9AB,565000
6 Bedroom House Norwich,179 Mill Lane,Norwich,NR4 4AB,190000
1 Bedroom Cottage Chelmsford,224 Church Road,Chelmsford,CM5 1AB,1335000
3 Bedroom Cottage Ipswich,246 Church Road,Ipswich,IP3 6AB,1240000
1 Bedroom Apartment Cambridge,198 Queen Street,Cambridge,CB2 8AB,865000
4 Bedroom Bungalow Norwich,129 High Street,Norwich,NR9 3AB,235000
2 Bedroom Bungalow Cambridge,181 Queen Street,Cambridge,CB2 5AB,155000
3 Bedroom House Colchester,52 Mill Lane,Colchester,CO3 7AB,335000
4 Bedroom Bungalow Cambridge,77 High Street,Cambridge,CB9 7AB,1115000
2 Bedroom Apartment Colchester,74 London Road,Colchester,CO8 5AB,1480000
3 Bedroom Apartment Norwich,93 Victoria Road,Norwich,NR3 2AB,815000
5 Bedroom Cottage Colchester,245 Mill Lane,Colchester,CO9 3AB,885000
2 Bedroom Cottage London,299 King Street,London,E1 2AB,1225000
6 Bedroom Bungalow London,124 Church Road,London,E6 1AB,705000
1 Bedroom Apartment Norwich,20 Park Road,Norwich,NR8 3AB,825000
1 Bedroom House Colchester,300 Queen Street,Colchester,CO7 6AB,1355000
5 Bedroom Bungalow Norwich,41 Park Road,Norwich,NR8 9AB,1465000
2 Bedroom Bungalow Ipswich,189 London Road,Ipswich,IP5 2AB,1145000
6 Bedroom Cottage Ipswich,68 Springfield Road,Ipswich,IP7 1AB,455000
5 Bedroom Cottage London,127 Station Road,London,E1 4AB,690000
1 Bedroom Apartment Norwich,165 Springfield Road,Norwich,NR8 8AB,1005000
2 Bedroom House Ipswich,143 Victoria Road,Ipswich,IP3 2AB,340000
5 Bedroom Bungalow Norwich,123 Springfield Road,Norwich,NR9 3AB,1055000
2 Bedroom Bungalow Norwich,275 Station Road,Norwich,NR4 8AB,1170000
1 Bedroom House Ipswich,242 London Road,Ipswich,IP2 2AB,210000
4 Bedroom Bungalow Colchester,233 Park Road,Colchester,CO1 3AB,750000
1 Bedroom Cottage London,29 Springfield Road,London,E3 8AB,1260000
4 Bedroom House London,170 Church Road,London,E8 1AB,1300000
3 Bedroom Apartment Ipswich,222 King Street,Ipswich,IP8 9AB,165000
4 Bedroom Cottage Ipswich,247 King Street,Ipswich,IP3 5AB,300000
3 Bedroom Cottage Ipswich,101 King Street,Ipswich,IP4 5AB,635000
2 Bedroom Apartment Colchester,128 Springfield Road,Colchester,CO7 7AB,255000
3 Bedroom House London,159 Springfield Road,London,E7 3AB,650000
4 Bedroom Apartment Cambridge,248 High Street,Cambridge,CB1 4AB,170000
1 Bedroom Bungalow Cambridge,300 London Road,Cambridge,CB2 9AB,175000
2 Bedroom Cottage Cambridge,147 Church Road,Cambridge,CB2 9AB,645000
5 Bedroom Apartment Norwich,31 Mill Lane,Norwich,NR7 4AB,170000
3 Bedroom House Ipswich,77 King Street,Ipswich,IP2 9AB,580000
4 Bedroom Cottage Norwich,156 Station Road,Norwich,NR6 4AB,1215000
2 Bedroom Cottage London,196 Mill Lane,London,E7 9AB,705000
2 Bedroom Cottage Norwich,34 Victoria Road,Norwich,NR7 8AB,520000
5 Bedroom Bungalow London,3 Park Road,London,E4 3AB,350000
1 Bedroom Cottage London,21 Mill Lane,London,E9 8AB,1225000
6 Bedroom Bungalow Cambridge,193 Springfield Road,Cambridge,CB3 5AB,970000
4 Bedroom House Colchester,168 Springfield Road,Colchester,CO5 5AB,840000
1 Bedroom House Norwich,228 Queen Street,Norwich,NR8 9AB,1360000
4 Bedroom House Chelmsford,288 Victoria Road,Chelmsford,CM4 6AB,550000
1 Bedroom House Norwich,160 High Street,Norwich,NR3 1AB,1460000
2 Bedroom Cottage Cambridge,109 High Street,Cambridge,CB7 2AB,1125000
3 Bedroom Cottage Cambridge,17 Springfield Road,Cambridge,CB3 4AB,910000
1 Bedroom Cottage Colchester,280 Park Road,Colchester,CO6 9AB,895000
4 Bedroom Apartment Ipswich,156 London Road,Ipswich,IP1 6AB,680000
1 Bedroom Apartment Norwich,68 London Road,Norwich,NR8 6AB,500000
4 Bedroom House Cambridge,38 Queen Street,Cambridge,CB3 1AB,1275000
6 Bedroom Bungalow Ipswich,56 Church Road,Ipswich,IP4 7AB,540000
6 Bedroom House Chelmsford,187 High Street,Chelmsford,CM4 3AB,885000
4 Bedroom Bungalow Chelmsford,102 Church Road,Chelmsford,CM7 3AB,290000
4 Bedroom Apartment Cambridge,76 Park Road,Cambridge,CB6 5AB,1180000
3 Bedroom Cottage Norwich,97 London Road,Norwich,NR1 2AB,395000
4 Bedroom Apartment London,85 London Road,London,E7 6AB,700000
3 Bedroom Bungalow Norwich,236 Victoria Road,Norwich,NR9 5AB,955000
3 Bedroom Apartment London,232 Station Road,London,E4 6AB,475000
4 Bedroom Cottage Cambridge,231 High Street,Cambridge,CB9 9AB,540000
6 Bedroom Apartment Ipswich,54 London Road,Ipswich,IP9 3AB,1060000
2 Bedroom Apartment Ipswich,210 Springfield Road,Ipswich,IP5 7AB,1325000
3 Bedroom Cottage Cambridge,160 Church Road,Cambridge,CB4 3AB,600000
6 Bedroom House London,125 Victoria Road,London,E1 6AB,335000
6 Bedroom Cottage Chelmsford,54 Park Road,Chelmsford,CM9 5AB,275000
1 Bedroom Bungalow Colchester,12 Station Road,Colchester,CO7 2AB,970000
3 Bedroom Bungalow Ipswich,18 Springfield Road,Ipswich,IP4 5AB,890000
3 Bedroom House Norwich,86 Victoria Road,Norwich,NR5 3AB,1260000
2 Bedroom Bungalow Cambridge,212 Mill Lane,Cambridge,CB5 1AB,1425000
3 Bedroom Cottage Colchester,191 Queen Street,Colchester,CO5 7AB,1425000
6 Bedroom Apartment Norwich,36 High Street,Norwich,NR9 2AB,635000
1 Bedroom Cottage Colchester,170 Park Road,Colchester,CO8 6AB,685000
4 Bedroom House Ipswich,209 Springfield Road,Ipswich,IP1 6AB,1230000
6 Bedroom Apartment Colchester,207 Station Road,Colchester,CO9 9AB,1015000
6 Bedroom Apartment Cambridge,255 Station Road,Cambridge,CB5 8AB,190000
6 Bedroom Bungalow Colchester,111 High Street,Colchester,CO7 1AB,705000
5 Bedroom Cottage Cambridge,249 Victoria Road,Cambridge,CB6 4AB,1045000
5 Bedroom Bungalow Colchester,274 Station Road,Colchester,CO3 7AB,395000
4 Bedroom Bungalow Cambridge,140 Mill Lane,Cambridge,CB6 6AB,320000
5 Bedroom House Cambridge,247 Church Road,Cambridge,CB4 5AB,505000
3 Bedroom Cottage Cambridge,181 Park Road,Cambridge,CB4 9AB,740000
3 Bedroom Apartment Norwich,125 Church Road,Norwich,NR4 7AB,505000
5 Bedroom Apartment Chelmsford,118 Mill Lane,Chelmsford,CM8 4AB,1000000
2 Bedroom Cottage Norwich,74 Springfield Road,Norwich,NR6 4AB,355000
6 Bedroom Cottage Norwich,39 London Road,Norwich,NR8 1AB,1490000
2 Bedroom Cottage Norwich,51 Station Road,Norwich,NR5 5AB,285000
1 Bedroom Apartment Norwich,298 London Road,Norwich,NR2 1AB,425000
5 Bedroom Bungalow Ipswich,299 Queen Street,Ipswich,IP6 5AB,645000
3 Bedroom Bungalow Cambridge,227 King Street,Cambridge,CB6 6AB,775000
1 Bedroom Bungalow Chelmsford,102 Queen Street,Chelmsford,CM1 8AB,605000
6 Bedroom Cottage Cambridge,128 Station Road,Cambridge,CB8 1AB,455000
2 Bedroom Bungalow Colchester,282 Springfield Road,Colchester,CO7 8AB,1100000
5 Bedroom Bungalow Norwich,192 Victoria Road,Norwich,NR3 9AB,475000
4 Bedroom Bungalow Norwich,195 Church Road,Norwich,NR5 5AB,645000
4 Bedroom Apartment Cambridge,287 Mill Lane,Cambridge,CB2 4AB,990000
1 Bedroom Apartment Norwich,140 London Road,Norwich,NR3 8AB,1245000
2 Bedroom Apartment Chelmsford,280 Victoria Road,Chelmsford,CM4 9AB,1215000
3 Bedroom Apartment Norwich,130 King Street,Norwich,NR2 5AB,505000
6 Bedroom House Ipswich,66 Queen Street,Ipswich,IP4 6AB,305000
6 Bedroom Apartment Norwich,156 King Street,Norwich,NR3 2AB,290000
3 Bedroom Bungalow Norwich,110 High Street,Norwich,NR4 2AB,960000
4 Bedroom Bungalow Colchester,54 Mill Lane,Colchester,CO6 5AB,1155000
3 Bedroom Apartment Ipswich,7 King Street,Ipswich,IP4 7AB,1350000
2 Bedroom Apartment Ipswich,269 High Street,Ipswich,IP9 6AB,195000
4 Bedroom Apartment Ipswich,267 Queen Street,Ipswich,IP5 5AB,910000
2 Bedroom Cottage Ipswich,174 Park Road,Ipswich,IP7 2AB,1390000
1 Bedroom Cottage Norwich,272 Mill Lane,Norwich,NR9 6AB,1215000
1 Bedroom Cottage Colchester,104 High Street,Colchester,CO9 5AB,310000
1 Bedroom Bungalow Chelmsford,10 Church Road,Chelmsford,CM8 4AB,830000
5 Bedroom House Colchester,142 King Street,Colchester,CO8 9AB,765000
5 Bedroom Bungalow Ipswich,7 Victoria Road,Ipswich,IP8 1AB,1115000
2 Bedroom Bungalow Chelmsford,58 Park Road,Chelmsford,CM9 6AB,485000
1 Bedroom House London,216 Station Road,London,E5 1AB,335000
1 Bedroom Apartment London,51 Springfield Road,London,E6 6AB,265000
2 Bedroom Bungalow Norwich,195 Station Road,Norwich,NR4 2AB,805000
6 Bedroom Apartment Ipswich,195 King Street,Ipswich,IP8 8AB,1060000
2 Bedroom Cottage Chelmsford,2 Park Road,Chelmsford,CM7 6AB,770000
2 Bedroom Apartment Norwich,14 Springfield Road,Norwich,NR3 7AB,925000
1 Bedroom Bungalow Chelmsford,262 Station Road,Chelmsford,CM2 6AB,370000
1 Bedroom House Cambridge,243 London Road,Cambridge,CB2 9AB,1065000
6 Bedroom Bungalow Norwich,72 King Street,Norwich,NR3 6AB,910000
2 Bedroom Apartment Colchester,103 Queen Street,Colchester,CO9 9AB,225000
2 Bedroom Bungalow Colchester,85 High Street,Colchester,CO7 7AB,870000
5 Bedroom Cottage Norwich,290 Station Road,Norwich,NR5 9AB,705000
2 Bedroom Bungalow Colchester,190 Church Road,Colchester,CO6 7AB,1485000
4 Bedroom Apartment Cambridge,43 Park Road,Cambridge,CB6 3AB,375000
4 Bedroom House Norwich,285 Park Road,Norwich,NR5 6AB,540000
4 Bedroom Cottage Chelmsford,229 Springfield Road,Chelmsford,CM2 4AB,1475000
6 Bedroom Apartment Colchester,61 Mill Lane,Colchester,CO3 8AB,945000
4 Bedroom House London,232 Station Road,London,E8 6AB,1025000
4 Bedroom Apartment London,64 Station Road,London,E4 8AB,1120000
3 Bedroom Bungalow London,58 Park Road,London,E7 1AB,780000
6 Bedroom House London,17 Station Road,London,E9 6AB,555000
1 Bedroom Bungalow London,191 Springfield Road,London,E8 1AB,280000
3 Bedroom Apartment Cambridge,247 Park Road,Cambridge,CB3 1AB,205000
1 Bedroom Bungalow Cambridge,242 Mill Lane,Cambridge,CB5 8AB,1455000
3 Bedroom Bungalow London,20 Victoria Road,London,E5 5AB,1475000
4 Bedroom Apartment Chelmsford,229 Queen Street,Chelmsford,CM1 6AB,1425000
1 Bedroom House Norwich,258 London Road,Norwich,NR7 9AB,1160000
1 Bedroom Cottage Norwich,13 Church Road,Norwich,NR9 1AB,150000
5 Bedroom House Colchester,87 Mill Lane,Colchester,CO9 8AB,200000
5 Bedroom Cottage Chelmsford,21 Springfield Road,Chelmsford,CM5 8AB,445000
1 Bedroom Bungalow London,232 Station Road,London,E3 5AB,1040000
6 Bedroom House Chelmsford,227 Park Road,Chelmsford,CM7 6AB,975000
3 Bedroom Apartment Chelmsford,242 Queen Street,Chelmsford,CM4 5AB,780000
6 Bedroom Apartment Cambridge,188 Springfield Road,Cambridge,CB4 4AB,925000
1 Bedroom Cottage Ipswich,128 London Road,Ipswich,IP2 7AB,785000
1 Bedroom Bungalow Chelmsford,16 High Street,Chelmsford,CM6 6AB,930000
6 Bedroom Bungalow Chelmsford,293 Church Road,Chelmsford,CM5 5AB,1400000
3 Bedroom House Norwich,135 London Road,Norwich,NR3 8AB,485000
1 Bedroom House Cambridge,237 Mill Lane,Cambridge,CB6 2AB,1220000
6 Bedroom Cottage Chelmsford,116 London Road,Chelmsford,CM5 4AB,590000
1 Bedroom Bungalow Cambridge,207 High Street,Cambridge,CB1 8AB,970000
3 Bedroom House London,209 Park Road,London,E1 4AB,200000
6 Bedroom House Norwich,139 Mill Lane,Norwich,NR2 3AB,1020000
4 Bedroom Apartment London,100 King Street,London,E6 5AB,1015000
3 Bedroom Apartment Norwich,24 King Street,Norwich,NR5 2AB,785000
3 Bedroom Cottage Chelmsford,28 Church Road,Chelmsford,CM4 4AB,1460000
3 Bedroom Cottage Cambridge,100 King Street,Cambridge,CB7 1AB,1320000
5 Bedroom Cottage Chelmsford,206 Station Road,Chelmsford,CM5 2AB,835000
1 Bedroom Apartment London,171 Springfield Road,London,E9 1AB,420000
2 Bedroom Cottage London,138 High Street,London,E9 4AB,480000
1 Bedroom Bungalow London,152 Mill Lane,London,E3 9AB,925000
2 Bedroom Apartment Colchester,58 Park Road,Colchester,CO9 3AB,590000
3 Bedroom Apartment Ipswich,171 Park Road,Ipswich,IP2 7AB,500000
6 Bedroom Bungalow Colchester,105 Springfield Road,Colchester,CO4 6AB,670000
1 Bedroom Bungalow Ipswich,219 Queen Street,Ipswich,IP5 3AB,270000
4 Bedroom Bungalow London,169 Springfield Road,London,E3 5AB,1145000
2 Bedroom Apartment Chelmsford,54 High Street,Chelmsford,CM7 8AB,1110000
2 Bedroom Cottage Ipswich,178 London Road,Ipswich,IP7 4AB,1345000
5 Bedroom Cottage Cambridge,219 Springfield Road,Cambridge,CB7 9AB,595000
3 Bedroom Apartment Chelmsford,264 Station Road,Chelmsford,CM5 5AB,710000
1 Bedroom Apartment London,82 Park Road,London,E6 3AB,1470000
3 Bedroom Bungalow Ipswich,20 Springfield Road,Ipswich,IP1 4AB,1115000
2 Bedroom Apartment London,80 Park Road,London,E3 5AB,510000
1 Bedroom House London,166 Church Road,London,E9 6AB,550000
3 Bedroom Bungalow Cambridge,51 Victoria Road,Cambridge,CB5 6AB,1450000
4 Bedroom House Chelmsford,135 London Road,Chelmsford,CM6 5AB,1070000
4 Bedroom Bungalow Colchester,287 Victoria Road,Colchester,CO5 3AB,540000
3 Bedroom House Colchester,91 London Road,Colchester,CO9 5AB,175000
1 Bedroom Apartment Norwich,267 Station Road,Norwich,NR3 5AB,675000
2 Bedroom Bungalow Cambridge,131 London Road,Cambridge,CB7 5AB,1110000
2 Bedroom Apartment London,193 High Street,London,E7 7AB,460000
6 Bedroom Apartment Norwich,295 London Road,Norwich,NR8 4AB,850000
2 Bedroom Bungalow Chelmsford,23 Queen Street,Chelmsford,CM1 9AB,325000
4 Bedroom House Norwich,217 King Street,Norwich,NR7 3AB,505000
3 Bedroom Bungalow Norwich,13 Church Road,Norwich,NR4 9AB,1115000
3 Bedroom Cottage London,231 Queen Street,London,E9 5AB,970000
1 Bedroom Apartment Chelmsford,241 High Street,Chelmsford,CM9 6AB,1190000
6 Bedroom Cottage Ipswich,221 Mill Lane,Ipswich,IP9 3AB,695000
2 Bedroom House Cambridge,64 High Street,Cambridge,CB8 2AB,315000
1 Bedroom Bungalow Ipswich,124 Park Road,Ipswich,IP5 5AB,830000
5 Bedroom Apartment Cambridge,102 Park Road,Cambridge,CB1 6AB,1465000
6 Bedroom Apartment London,204 Church Road,London,E7 9AB,1350000
6 Bedroom Bungalow Colchester,55 King Street,Colchester,CO6 9AB,1150000
4 Bedroom Cottage Colchester,139 Church Road,Colchester,CO3 8AB,865000
5 Bedroom Apartment Ipswich,61 Park Road,Ipswich,IP5 7AB,920000
5 Bedroom House London,206 Victoria Road,London,E8 7AB,1220000
3 Bedroom Cottage London,133 Church Road,London,E5 5AB,1405000
1 Bedroom Bungalow London,274 Queen Street,London,E9 6AB,885000
2 Bedroom House Norwich,204 Springfield Road,Norwich,NR3 3AB,455000
2 Bedroom House Chelmsford,231 Queen Street,Chelmsford,CM2 8AB,1240000
2 Bedroom Apartment Colchester,205 King Street,Colchester,CO5 3AB,1365000
1 Bedroom Apartment Colchester,253 High Street,Colchester,CO2 7AB,1145000
3 Bedroom House Norwich,121 Mill Lane,Norwich,NR6 4AB,1340000
1 Bedroom Bungalow London,258 High Street,London,E9 2AB,1100000
4 Bedroom Bungalow Cambridge,18 Mill Lane,Cambridge,CB3 7AB,1435000
1 Bedroom House Norwich,110 Mill Lane,Norwich,NR4 9AB,790000
2 Bedroom House Chelmsford,140 King Street,Chelmsford,CM9 4AB,985000
1 Bedroom Apartment Norwich,291 Mill Lane,Norwich,NR5 6AB,460000
1 Bedroom Apartment London,69 Church Road,London,E1 3AB,540000
2 Bedroom Bungalow Cambridge,92 Park Road,Cambridge,CB8 7AB,1195000
4 Bedroom House Chelmsford,215 Station Road,Chelmsford,CM6 5AB,1160000
4 Bedroom Apartment Cambridge,60 Mill Lane,Cambridge,CB7 1AB,245000
5 Bedroom Cottage London,32 Mill Lane,London,E8 9AB,1355000
2 Bedroom Apartment Cambridge,137 King Street,Cambridge,CB1 8AB,865000
1 Bedroom House Chelmsford,224 High Street,Chelmsford,CM5 4AB,220000
6 Bedroom House Ipswich,169 London Road,Ipswich,IP8 2AB,990000
6 Bedroom Cottage Ipswich,225 Station Road,Ipswich,IP1 6AB,1410000
2 Bedroom Bungalow Norwich,223 King Street,Norwich,NR6 6AB,995000
4 Bedroom Bungalow Norwich,262 Queen Street,Norwich,NR1 6AB,745000
1 Bedroom Bungalow Norwich,169 Queen Street,Norwich,NR5 2AB,235000
3 Bedroom House Cambridge,43 Mill Lane,Cambridge,CB7 6AB,470000
5 Bedroom Apartment Colchester,188 Mill Lane,Colchester,CO9 3AB,195000
6 Bedroom Apartment Cambridge,59 Park Road,Cambridge,CB7 7AB,280000
3 Bedroom Apartment Cambridge,214 Victoria Road,Cambridge,CB8 7AB,200000
3 Bedroom House Norwich,77 Station Road,Norwich,NR2 7AB,1175000
1 Bedroom House Cambridge,130 King Street,Cambridge,CB6 4AB,1270000
4 Bedroom Apartment Ipswich,269 Mill Lane,Ipswich,IP6 1AB,1440000
6 Bedroom House London,24 High Street,London,E9 9AB,920000
1 Bedroom Cottage Colchester,19 Park Road,Colchester,CO3 5AB,305000
5 Bedroom Apartment Norwich,15 Mill Lane,Norwich,NR1 7AB,550000
1 Bedroom House Ipswich,158 King Street,Ipswich,IP8 5AB,870000
5 Bedroom House Ipswich,259 King Street,Ipswich,IP3 3AB,830000
1 Bedroom House Cambridge,55 Victoria Road,Cambridge,CB2 3AB,325000
3 Bedroom Apartment Norwich,190 Station Road,Norwich,NR9 1AB,690000
2 Bedroom House Ipswich,196 King Street,Ipswich,IP8 5AB,825000
2 Bedroom Cottage Ipswich,211 London Road,Ipswich,IP9 6AB,450000
6 Bedroom Apartment Cambridge,239 High Street,Cambridge,CB6 6AB,830000
4 Bedroom Apartment Chelmsford,218 Victoria Road,Chelmsford,CM9 8AB,725000
6 Bedroom Apartment Cambridge,299 Church Road,Cambridge,CB4 7AB,480000
6 Bedroom House Colchester,141 Queen Street,Colchester,CO1 3AB,1000000
6 Bedroom Apartment Cambridge,50 London Road,Cambridge,CB6 5AB,325000
3 Bedroom Cottage Chelmsford,1 Springfield Road,Chelmsford,CM7 3AB,710000
2 Bedroom House Ipswich,26 King Street,Ipswich,IP3 2AB,985000
5 Bedroom House Cambridge,55 Springfield Road,Cambridge,CB7 2AB,1090000
5 Bedroom Cottage London,143 Park Road,London,E3 7AB,1030000
1 Bedroom Bungalow Colchester,204 Station Road,Colchester,CO7 3AB,865000
2 Bedroom House Chelmsford,56 Mill Lane,Chelmsford,CM7 1AB,1350000
4 Bedroom Apartment Chelmsford,107 Victoria Road,Chelmsford,CM2 3AB,1305000
2 Bedroom Bungalow Norwich,230 Mill Lane,Norwich,NR1 3AB,1160000
6 Bedroom Cottage Ipswich,242 Queen Street,Ipswich,IP3 2AB,880000
1 Bedroom Bungalow Norwich,249 Station Road,Norwich,NR4 9AB,1320000
1 Bedroom Apartment Chelmsford,33 High Street,Chelmsford,CM6 7AB,490000
6 Bedroom Apartment London,200 London Road,London,E8 5AB,975000
6 Bedroom House Norwich,22 Springfield Road,Norwich,NR5 3AB,790000
4 Bedroom Apartment Cambridge,78 Springfield Road,Cambridge,CB1 4AB,390000
6 Bedroom Bungalow Ipswich,227 London Road,Ipswich,IP1 1AB,415000
1 Bedroom Bungalow Colchester,232 Church Road,Colchester,CO1 5AB,1310000
2 Bedroom House Colchester,243 Springfield Road,Colchester,CO1 7AB,1460000
6 Bedroom Bungalow Norwich,258 Mill Lane,Norwich,NR2 8AB,725000
4 Bedroom Cottage Cambridge,117 Springfield Road,Cambridge,CB8 1AB,625000
5 Bedroom Cottage Chelmsford,293 Station Road,Chelmsford,CM7 2AB,550000
2 Bedroom Bungalow London,261 Mill Lane,London,E8 2AB,240000
1 Bedroom Cottage London,164 High Street,London,E1 3AB,350000
2 Bedroom Cottage Ipswich,90 Mill Lane,Ipswich,IP4 5AB,1030000
3 Bedroom House Ipswich,214 Station Road,Ipswich,IP1 3AB,1415000
4 Bedroom Apartment Cambridge,58 Park Road,Cambridge,CB6 7AB,880000
3 Bedroom House Norwich,236 Station Road,Norwich,NR6 6AB,975000
2 Bedroom Apartment Chelmsford,117 High Street,Chelmsford,CM1 5AB,300000
3 Bedroom Bungalow Cambridge,160 High Street,Cambridge,CB7 2AB,1095000
2 Bedroom Bungalow Chelmsford,235 Springfield Road,Chelmsford,CM7 7AB,715000
5 Bedroom Cottage Norwich,94 King Street,Norwich,NR6 1AB,825000
5 Bedroom House Cambridge,147 High Street,Cambridge,CB6 3AB,945000
4 Bedroom House London,28 London Road,London,E6 2AB,160000
1 Bedroom House London,112 London Road,London,E6 7AB,745000
5 Bedroom Apartment Norwich,23 Mill Lane,Norwich,NR3 9AB,865000
4 Bedroom Cottage London,68 Queen Street,London,E2 4AB,1220000
6 Bedroom Cottage Chelmsford,207 High Street,Chelmsford,CM5 7AB,220000
2 Bedroom Cottage Cambridge,259 Queen Street,Cambridge,CB6 8AB,1050000
5 Bedroom Apartment Norwich,168 Park Road,Norwich,NR3 4AB,1475000
4 Bedroom Apartment Ipswich,45 Station Road,Ipswich,IP8 2AB,1235000
2 Bedroom Apartment Cambridge,97 Station Road,Cambridge,CB6 1AB,725000
6 Bedroom Cottage Chelmsford,205 Queen Street,Chelmsford,CM2 1AB,1085000
4 Bedroom House Cambridge,96 Victoria Road,Cambridge,CB1 6AB,275000
6 Bedroom House London,11 Mill Lane,London,E5 2AB,180000
4 Bedroom House Norwich,120 Church Road,Norwich,NR9 1AB,905000
2 Bedroom Cottage Ipswich,53 Church Road,Ipswich,IP5 9AB,1350000
1 Bedroom House Colchester,33 Victoria Road,Colchester,CO3 7AB,985000
1 Bedroom Cottage Cambridge,212 King Street,Cambridge,CB1 9AB,255000
1 Bedroom Bungalow Chelmsford,93 Victoria Road,Chelmsford,CM3 5AB,1295000
5 Bedroom Cottage Cambridge,160 Church Road,Cambridge,CB9 2AB,640000
6 Bedroom Bungalow Cambridge,256 Springfield Road,Cambridge,CB6 2AB,200000
2 Bedroom Apartment Chelmsford,217 Springfield Road,Chelmsford,CM6 4AB,1445000
1 Bedroom Cottage Chelmsford,253 Springfield Road,Chelmsford,CM9 4AB,205000
6 Bedroom House Cambridge,115 Queen Street,Cambridge,CB9 7AB,1145000
4 Bedroom Apartment Colchester,43 High Street,Colchester,CO5 7AB,225000
5 Bedroom Bungalow London,162 Mill Lane,London,E5 1AB,570000
6 Bedroom Cottage Cambridge,9 Station Road,Cambridge,CB8 3AB,905000
6 Bedroom Bungalow Chelmsford,154 Queen Street,Chelmsford,CM7 9AB,170000
4 Bedroom Apartment Chelmsford,41 Park Road,Chelmsford,CM1 3AB,1100000
3 Bedroom Cottage Chelmsford,10 Springfield Road,Chelmsford,CM4 3AB,865000
5 Bedroom Cottage Colchester,148 Church Road,Colchester,CO9 2AB,1280000
3 Bedroom Bungalow Cambridge,205 High Street,Cambridge,CB5 5AB,605000
4 Bedroom Cottage London,90 Victoria Road,London,E5 5AB,470000
1 Bedroom House London,45 Mill Lane,London,E3 1AB,1205000
4 Bedroom Apartment Ipswich,110 London Road,Ipswich,IP8 5AB,255000
5 Bedroom Apartment London,84 Queen Street,London,E8 8AB,955000
2 Bedroom Apartment Ipswich,3 Church Road,Ipswich,IP1 3AB,730000
4 Bedroom Apartment Chelmsford,105 High Street,Chelmsford,CM9 4AB,880000
6 Bedroom House Ipswich,171 High Street,Ipswich,IP6 3AB,880000
1 Bedroom Cottage London,165 High Street,London,E2 8AB,1305000
1 Bedroom Apartment London,121 High Street,London,E2 6AB,295000
4 Bedroom Apartment Chelmsford,286 King Street,Chelmsford,CM4 4AB,450000
1 Bedroom Cottage Colchester,137 High Street,Colchester,CO2 1AB,1105000
6 Bedroom Apartment Colchester,162 Park Road,Colchester,CO6 8AB,1285000
6 Bedroom Cottage Ipswich,150 Church Road,Ipswich,IP3 4AB,1455000
5 Bedroom Apartment Chelmsford,162 Queen Street,Chelmsford,CM3 3AB,650000
6 Bedroom Bungalow Cambridge,79 Park Road,Cambridge,CB3 8AB,340000
1 Bedroom Bungalow London,172 High Street,London,E8 6AB,1005000
4 Bedroom House Chelmsford,180 Park Road,Chelmsford,CM7 4AB,1050000
3 Bedroom Bungalow Ipswich,287 Station Road,Ipswich,IP1 3AB,1275000
5 Bedroom Bungalow London,270 King Street,London,E2 3AB,255000
2 Bedroom Apartment Chelmsford,169 Victoria Road,Chelmsford,CM4 1AB,1010000
1 Bedroom Bungalow Colchester,273 Station Road,Colchester,CO5 5AB,1375000
4 Bedroom Cottage Colchester,172 High Street,Colchester,CO2 4AB,235000
6 Bedroom Bungalow Norwich,236 High Street,Norwich,NR5 9AB,475000
5 Bedroom House Ipswich,104 London Road,Ipswich,IP4 5AB,445000
